##	name	portal	NCBI Taxon	assembly length	#of genes	is restricted	is public	is published	is superseded	superseded by	publication(s)	pubmed id(s)	doi id(s)
1	Wickerhamiella parazyma NRRL Y-48669	Wicpar_NRRLY48669_1	926563	8810924	4992	N	Y	Y	N		Opulente DA et al.,2024	38662846	
2	Metschnikowia torresii NRRL Y-6699	Mettor_NRRLY6699_1	45599	10835805	5138	N	Y	Y	N		Opulente DA et al.,2024	38662846	
3	Yamadazyma ubonensis CBS 12859	Yamubo_CBS12859_1	1405422	11268756	5622	N	Y	Y	N		Opulente DA et al.,2024	38662846	
4	Kodamaea sp. yHQL451	Kodasp_YHQL451_1	2866344	14070523	5850	N	Y	Y	N		Opulente DA et al.,2024	38662846	
5	Starmerella stigmatis CBS 11464	Stasti_CBS11464_1	745358	10061608	4766	N	Y	Y	N		Opulente DA et al.,2024	38662846	
6	Nakazawaea populi NRRL Y-17681	Nakpop_NRRLY17681_1	1538184	13537139	5956	N	Y	Y	N		Opulente DA et al.,2024	38662846	
7	Ogataea corticis NBRC 1794	Ogacor_NBRC1794_1	539823	11079193	5746	N	Y	Y	N		Opulente DA et al.,2024	38662846	
8	Kuraishia cidri NRRL Y-27078	Kurcid_NRRLY27078_1	1538149	12697130	6019	N	Y	Y	N		Opulente DA et al.,2024	38662846	
9	Schwanniomyces etchellsii NRRL Y-7121	Schetc_NRRLY7121_1	28550	10866172	5494	N	Y	Y	N		Opulente DA et al.,2024	38662846	
10	Wickerhamomyces queroliae NRRL Y-48478	Wicque_NRRLY48478_1	517408	14675865	6337	N	Y	Y	N		Opulente DA et al.,2024	38662846	
11	Teunomyces panamensis NRRL Y-27657	Teupan_NRRLY27657_1	297651	10531665	5430	N	Y	Y	N		Opulente DA et al.,2024	38662846	
12	Lodderomyces beijingensis CBS 14171	Lodbei_CBS14171_1	1775926	13482043	5575	N	Y	Y	N		Opulente DA et al.,2024	38662846	
13	Saturnispora quitensis CBS 12184	Satqui_CBS12184_1	796594	10263394	4995	N	Y	Y	N		Opulente DA et al.,2024	38662846	
14	Kregervanrija fluxuum NRRL YB-4273	Kreflu_NRRLYB4273_1	324740	12370108	5680	N	Y	Y	N		Opulente DA et al.,2024	38662846	
15	Starmerella powellii CBS 8795	Stapow_CBS8795_1	121467	9549807	4662	N	Y	Y	N		Opulente DA et al.,2024	38662846	
16	Saccharomycopsis crataegensis NRRL Y-5902	Saccra_NRRLY5902_1	43959	15501505	6164	N	Y	Y	N		Opulente DA et al.,2024	38662846	
17	Priceomyces carsonii NRRL YB-4275	Pricar_NRRLYB4275_1	28549	11663800	5883	N	Y	Y	N		Opulente DA et al.,2024	38662846	
18	Wickerhamiella allomyrinae CBS 13167	Wicall_CBS13167_1	1480121	9063948	4884	N	Y	Y	N		Opulente DA et al.,2024	38662846	
19	Starmerella apis NRRL Y-2482	Staapi_NRRLY2482_1	46028	9549472	4637	N	Y	Y	N		Opulente DA et al.,2024	38662846	
20	Myxozyma neglecta NRRL Y-27508	Myxneg_NRRLY27508_1	383838	15866708	6337	N	Y	Y	N		Opulente DA et al.,2024	38662846	
21	Kodamaea jinghongensis CBS 14700	Kodjin_CBS14700_1	1943671	13179496	5567	N	Y	Y	N		Opulente DA et al.,2024	38662846	
22	Starmerella bombi NRRL Y-17081	Stabom_NRRLY17081_1	45526	11298241	4686	N	Y	Y	N		Opulente DA et al.,2024	38662846	
23	Myxozyma geophila NRRL Y-17252	Myxgeo_NRRLY17252_1	54098	14561157	5940	N	Y	Y	N		Opulente DA et al.,2024	38662846	
24	Starmerella roubikii CBS 15148	Starou_CBS15148_1	2596946	8578884	4613	N	Y	Y	N		Opulente DA et al.,2024	38662846	
25	Saccharomycopsis guyanensis CBS 12914	Sacguy_CBS12914_1	1379279	13840544	5709	N	Y	Y	N		Opulente DA et al.,2024	38662846	
26	Wickerhamomyces canadensis NRRL Y-1888	Wiccan_NRRLY1888_1	1156965	12396309	5946	N	Y	Y	N		Opulente DA et al.,2024	38662846	
27	Yarrowia porcina NRRL Y-63669	Yarpor_NRRLY63669_1	1540335	30004044	6238	N	Y	Y	N		Opulente DA et al.,2024	38662846	
28	Suhomyces sp. yHQL142	Suhosp_YHQL142_1	2866359	14232124	5685	N	Y	Y	N		Opulente DA et al.,2024	38662846	
29	Zygosaccharomyces kombuchaensis NRRL YB-4811	Zygkom_NRRLYB4811_1	166050	10129537	5028	N	Y	Y	N		Opulente DA et al.,2024	38662846	
30	Phaffomyces thermotolerans NRRL Y-11709	Phathe_NRRLY11709_1	54046	11206541	5541	N	Y	Y	N		Opulente DA et al.,2024	38662846	
31	Yamadazyma siamensis CBS 12573	Yamsia_CBS12573_1	1207386	12267562	5902	N	Y	Y	N		Opulente DA et al.,2024	38662846	
32	Kluyveromyces nonfermentans NRRL Y-27343	Klunon_NRRLY27343_1	74104	9440095	4722	N	Y	Y	N		Opulente DA et al.,2024	38662846	
33	Saccharomycopsis selenospora NRRL Y-1357	Sacsel_NRRLY1357_1	43975	14908187	5890	N	Y	Y	N		Opulente DA et al.,2024	38662846	
34	Saturnispora hagleri NRRL Y-27828	Sathag_NRRLY27828_1	297360	10171737	4993	N	Y	Y	N		Opulente DA et al.,2024	38662846	
35	Kregervanrija delftensis NRRL Y-7119	Kredel_NRRLY7119_1	324739	12233533	5642	N	Y	Y	N		Opulente DA et al.,2024	38662846	
36	Wickerhamomyces sp. yHMPu5000035286	Wicksp_YHMPU5000035286_1	1917781	12048608	5819	N	Y	Y	N		Opulente DA et al.,2024	38662846	
37	Yamadazyma endophytica CBS 14163	Yamend_CBS14163_1	1714400	10742743	5669	N	Y	Y	N		Opulente DA et al.,2024	38662846	
38	Pichia sp. NRRL Y-12830	Pichsp_NRRLY12830_1	65805	10903492	5118	N	Y	Y	N		Opulente DA et al.,2024	38662846	
39	Kluyveromyces siamensis CBS 10860	Klusia_CBS10860_1	452579	10076152	4973	N	Y	Y	N		Opulente DA et al.,2024	38662846	
40	Yamadazyma paraphyllophila CBS 9928	Yampar_CBS9928_1	267649	11197290	5573	N	Y	Y	N		Opulente DA et al.,2024	38662846	
41	Metschnikowia lopburiensis CBS 12574	Metlop_CBS12574_1	1217584	10450215	5125	N	Y	Y	N		Opulente DA et al.,2024	38662846	
42	Kodamaea anthophila NRRL Y-27355	Kodant_NRRLY27355_1	77851	19790482	5847	N	Y	Y	N		Opulente DA et al.,2024	38662846	
43	Myxozyma mucilagina NRRL Y-11823	Myxmuc_NRRLY11823_1	58630	16697430	6071	N	Y	Y	N		Opulente DA et al.,2024	38662846	
44	Wickerhamomyces subpelliculosus NRRL Y-1683	Wicsub_NRRLY1683_1	1194211	13559249	6006	N	Y	Y	N		Opulente DA et al.,2024	38662846	
45	Hanseniaspora occidentalis var. occidentalis NRRL Y-7946	Hanocc_NRRLY7946_1	331639	11515705	4813	N	Y	Y	N		Opulente DA et al.,2024	38662846	
46	Wickerhamomyces sp. NRRL Y-7574	Wicksp_NRRLY7574_1	1917781	11080123	5423	N	Y	Y	N		Opulente DA et al.,2024	38662846	
47	Metschnikowia orientalis NRRL Y-27991	Metori_NRRLY27991_1	150224	12604927	5275	N	Y	Y	N		Opulente DA et al.,2024	38662846	
48	Saccharomycopsis oosterbeekiorum CBS 14943	Sacoos_CBS14943_1	2268993	13558540	5429	N	Y	Y	N		Opulente DA et al.,2024	38662846	
49	Nakazawaea anatomiae NRRL Y-17641	Nakana_NRRLY17641_1	1538176	13892046	6009	N	Y	Y	N		Opulente DA et al.,2024	38662846	
50	Teunomyces funiuensis CBS 13911	Teufun_CBS13911_1	1548787	10605570	5474	N	Y	Y	N		Opulente DA et al.,2024	38662846	
51	Hanseniaspora jakobsenii ZIM 2603	Hanjak_ZIM2603_1	1926583	11019111	4528	N	Y	Y	N		Opulente DA et al.,2024	38662846	
52	Wickerhamomyces pijperi NRRL YB-4309	Wicpij_NRRLYB4309_1	599730	15052585	7134	N	Y	Y	N		Opulente DA et al.,2024	38662846	
53	Vanderwaltozyma verrucispora NRRL Y-63795	Vanver_NRRLY63795_1	907289	11912226	5316	N	Y	Y	N		Opulente DA et al.,2024	38662846	
54	Ambrosiozyma ambrosiae NRRL Y-7524	Ambamb_NRRLY7524_1	53487	14791786	6041	N	Y	Y	N		Opulente DA et al.,2024	38662846	
55	Suhomyces canberraensis NRRL YB-2417	Suhcan_NRRLYB2417_1	147334	14733937	5607	N	Y	Y	N		Opulente DA et al.,2024	38662846	
56	Metschnikowia krissii NRRL Y-5389	Metkri_NRRLY5389_1	27324	13292360	5031	N	Y	Y	N		Opulente DA et al.,2024	38662846	
57	Cyberlindnera americana NRRL Y-2156	Cybame_NRRLY2156_1	36016	11527520	5784	N	Y	Y	N		Opulente DA et al.,2024	38662846	
58	Grigorovia transvaalensis NRRL Y-17245	Gritra_NRRLY17245_1	36916	12471394	5095	N	Y	Y	N		Opulente DA et al.,2024	38662846	
59	Pichia eremophila NRRL Y-17224	Picere_NRRLY17224_1	53939	10930003	5442	N	Y	Y	N		Opulente DA et al.,2024	38662846	
60	Zygotorulaspora sp. UFMG-CM-Y6047	Zygosp_UFMGCMY6047_1	2866371	10629834	5004	N	Y	Y	N		Opulente DA et al.,2024	38662846	
61	Suhomyces taliae NRRL Y-27589	Suhtal_NRRLY27589_1	234523	14612109	5455	N	Y	Y	N		Opulente DA et al.,2024	38662846	
62	Ogataea pilisensis NRRL Y-27598	Ogapil_NRRLY27598_1	157292	14157227	5591	N	Y	Y	N		Opulente DA et al.,2024	38662846	
63	Ogataea naganishii NRRL Y-7654	Oganag_NRRLY7654_1	50265	11947326	5421	N	Y	Y	N		Opulente DA et al.,2024	38662846	
64	Tetrapisispora pingtungensis CBS 12780	Tetpin_CBS12780_1	113604	12565995	5197	N	Y	Y	N		Opulente DA et al.,2024	38662846	
65	Vanderwaltozyma sp. yHKB289	Vandsp_YHKB289_1	2545857	11684452	4842	N	Y	Y	N		Opulente DA et al.,2024	38662846	
66	Tortispora phaffii NRRL Y-48833	Torpha_NRRLY48833_1	1326893	10384615	4917	N	Y	Y	N		Opulente DA et al.,2024	38662846	
67	Pichia sp. NRRL YB-4149	Pichsp_NRRLYB4149_1	65819	11720050	5349	N	Y	Y	N		Opulente DA et al.,2024	38662846	
68	Pichia insulana CBS 11169	Picins_CBS11169_1	540059	10389960	5115	N	Y	Y	N		Opulente DA et al.,2024	38662846	
69	Danielozyma ontarioensis NRRL YB-1246	Danont_NRRLYB1246_1	130807	10657185	5532	N	Y	Y	N		Opulente DA et al.,2024	38662846	
70	Myxozyma vanderwaltii NRRL Y-17727	Myxvan_NRRLY17727_1	54101	15456491	5859	N	Y	Y	N		Opulente DA et al.,2024	38662846	
71	Kregervanrija pseudodelftensis NRRL Y-5494	Krepse_NRRLY5494_1	324743	12005903	5530	N	Y	Y	N		Opulente DA et al.,2024	38662846	
72	Meyerozyma caribbica NRRL Y-27274	Meycar_NRRLY27274_1	66948	10355340	5626	N	Y	Y	N		Opulente DA et al.,2024	38662846	
73	Zygosaccharomyces mellis NRRL Y-12628	Zygmel_NRRLY12628_1	42258	9603576	4844	N	Y	Y	N		Opulente DA et al.,2024	38662846	
74	Candida wancherniae NRRL Y-48709	Canwan_NRRLY48709_1	560360	10234572	5154	N	Y	Y	N		Opulente DA et al.,2024	38662846	
75	Scheffersomyces illinoinensis NRRL Y-48827	Schill_NRRLY48827_1	1303940	14432222	5857	N	Y	Y	N		Opulente DA et al.,2024	38662846	
76	Wickerhamiella brachini CBS 14176	Wicbra_CBS14176_1	2859419	9308859	4952	N	Y	Y	N		Opulente DA et al.,2024	38662846	
77	Zygoascus biomembranicola CBS 14157	Zygbio_CBS14157_1	1667297	11318774	5545	N	Y	Y	N		Opulente DA et al.,2024	38662846	
78	Starmerella bacillaris CBS 9494	Stabac_CBS9494_1	1247836	9451517	4194	N	Y	Y	N		Opulente DA et al.,2024	38662846	
79	Ambrosiozyma maleeae NRRL Y-63635	Ambmal_NRRLY63635_1	904902	12698023	5400	N	Y	Y	N		Opulente DA et al.,2024	38662846	
80	Wickerhamomyces alni NRRL Y-11625	Wicaln_NRRLY11625_1	1337057	12031671	5865	N	Y	Y	N		Opulente DA et al.,2024	38662846	
81	Yamadazyma takamatsuzukensis NBRC 104391	Yamtak_NBRC104391_1	480065	10798973	5698	N	Y	Y	N		Opulente DA et al.,2024	38662846	
82	Blastobotrys americanus NRRL Y-6844	Blaame_NRRLY6844_1	1850976	12567882	5606	N	Y	Y	N		Opulente DA et al.,2024	38662846	
83	Pichia gijzenarium CBS 15024	Picgij_CBS15024_1	2268992	11016199	5222	N	Y	Y	N		Opulente DA et al.,2024	38662846	
84	Sugiyamaella novakii NRRL Y-27346	Sugnov_NRRLY27346_1	279894	15249986	6075	N	Y	Y	N		Opulente DA et al.,2024	38662846	
85	Yamadazyma kitorensis JCM 31005	Yamkit_JCM31005_1	1667296	11831923	5718	N	Y	Y	N		Opulente DA et al.,2024	38662846	
86	Nakazawaea pomicola NRRL Y-27083	Nakpom_NRRLY27083_1	1538183	12713105	5938	N	Y	Y	N		Opulente DA et al.,2024	38662846	
87	Scheffersomyces spartinae NRRL Y-7322	Schspa_NRRLY7322_1	45513	12004658	5354	N	Y	Y	N		Opulente DA et al.,2024	38662846	
88	Zygoascus bituminiphia CBS 8813	Zygbit_CBS8813_1	1912491	12087716	5508	N	Y	Y	N		Opulente DA et al.,2024	38662846	
89	Naumovozyma baii CBS 12642	Naubai_CBS12642_1	1209964	11518879	5418	N	Y	Y	N		Opulente DA et al.,2024	38662846	
90	Kluyveromyces aestuarii NRRL YB-4510	Kluaes_NRRLYB4510_1	33165	9969169	4854	N	Y	Y	N		Opulente DA et al.,2024	38662846	
91	Teunomyces stri NRRL Y-48063	Teustr_NRRLY48063_1	392263	10662441	5524	N	Y	Y	N		Opulente DA et al.,2024	38662846	
92	Scheffersomyces coipomensis NRRL Y-17651	Schcoi_NRRLY17651_1	1788519	14771407	6260	N	Y	Y	N		Opulente DA et al.,2024	38662846	
93	Suhomyces coccinellae CBS 14298	Suhcoc_CBS14298_1	1701723	13995022	5334	N	Y	Y	N		Opulente DA et al.,2024	38662846	
94	Torulaspora sp. yHMJ407	Torusp_YHMJ407_1	3680291	9066246	4868	N	Y	Y	N		Opulente DA et al.,2024	38662846	
95	Wickerhamomyces sp. yHMH451	Wicksp_YHMH451_1	2866363	13843270	6300	N	Y	Y	N		Opulente DA et al.,2024	38662846	
96	Trigonopsis californica NRRL Y-27307	Trical_NRRLY27307_1	378053	12551360	5429	N	Y	Y	N		Opulente DA et al.,2024	38662846	
97	Magnusiomyces starmeri NRRL Y-17816	Magsta_NRRLY17816_1	48394	17200333	6237	N	Y	Y	N		Opulente DA et al.,2024	38662846	
98	Nadsonia fulvescens var. elongata DSMZ 6958	Nadful_DSMZ6958_1	58631	13746944	5518	N	Y	Y	N		Opulente DA et al.,2024	38662846	
99	Nakazawaea siamensis CBS 12569	Naksia_CBS12569_1	1449382	9775160	5479	N	Y	Y	N		Opulente DA et al.,2024	38662846	
100	Kodamaea hsintzibuensis CBS 11427	Kodhsi_CBS11427_1	1072096	15202935	6035	N	Y	Y	N		Opulente DA et al.,2024	38662846	
101	Wickerhamiella azymoides CBS 10508	Wicazy_CBS10508_1	406256	9596173	5202	N	Y	Y	N		Opulente DA et al.,2024	38662846	
102	Yarrowia brassicae CBS 15225	Yarbra_CBS15225_1	2860395	20945681	6310	N	Y	Y	N		Opulente DA et al.,2024	38662846	
103	Pichia fermentans NRRL Y-1619	Picfer_NRRLY1619_1	53655	11965393	5780	N	Y	Y	N		Opulente DA et al.,2024	38662846	
104	Nakazawaea holstii NRRL Y-2155	Nakhol_NRRLY2155_1	36025	13435275	6270	N	Y	Y	N		Opulente DA et al.,2024	38662846	
105	Myxozyma monticola NRRL Y-17726	Myxmon_NRRLY17726_1	54102	16313735	6817	N	Y	Y	N		Opulente DA et al.,2024	38662846	
106	Nadsonia starkeyi-henricii NRRL YB-3963	Nadsta_NRRLYB3963_1	43970	14875042	5779	N	Y	Y	N		Opulente DA et al.,2024	38662846	
107	Ogataea dorogensis NRRL Y-27599	Ogador_NRRLY27599_1	169506	8831854	5404	N	Y	Y	N		Opulente DA et al.,2024	38662846	
108	Sugiyamaella smithiae NRRL Y-17850	Sugsmi_NRRLY17850_1	54095	13153865	6581	N	Y	Y	N		Opulente DA et al.,2024	38662846	
109	Suhomyces anneliseae NRRL Y-27563	Suhann_NRRLY27563_1	246025	14834870	5486	N	Y	Y	N		Opulente DA et al.,2024	38662846	
110	Suhomyces wounanorum NRRL Y-27574	Suhwou_NRRLY27574_1	246083	13506281	5500	N	Y	Y	N		Opulente DA et al.,2024	38662846	
111	Torulaspora maleeae CBS 10694	Tormal_CBS10694_1	200334	9217914	4870	N	Y	Y	N		Opulente DA et al.,2024	38662846	
112	Suhomyces vadensis NRRL Y-27778	Suhvad_NRRLY27778_1	399471	12846054	5540	N	Y	Y	N		Opulente DA et al.,2024	38662846	
113	Metschnikowia kunwiensis NRRL Y-48698	Metkun_NRRLY48698_1	279289	14222198	5350	N	Y	Y	N		Opulente DA et al.,2024	38662846	
114	Myxozyma neotropica NRRL Y-17859	Myxneo_NRRLY17859_1	54103	15079922	5938	N	Y	Y	N		Opulente DA et al.,2024	38662846	
115	Lipomyces sp. NRRL Y-27488	Liposp_NRRLY27488_1	383836	16648757	6032	N	Y	Y	N		Opulente DA et al.,2024	38662846	
116	Schwanniomyces polymorphus var. polymorphus NRRL Y-2022	Schpol_NRRLY2022_1	251372	13137248	6331	N	Y	Y	N		Opulente DA et al.,2024	38662846	
117	Candida oregonensis NRRL Y-5850	Canore_NRRLY5850_1	46584	10856165	5531	N	Y	Y	N		Opulente DA et al.,2024	38662846	
118	Pichia mandshurica NRRL: Y-27978T	Picman_NRRLY27978T_1	121235	11694205	5344	N	Y	Y	N		Opulente DA et al.,2024	38662846	
119	Ogataea salicorniae NRRL Y-12834	Ogasal_NRRLY12834_1	1337055	13895580	5561	N	Y	Y	N		Opulente DA et al.,2024	38662846	
120	Ogataea minuta NRRL Y-411	Ogamin_NRRLY411_1	36026	9029932	5401	N	Y	Y	N		Opulente DA et al.,2024	38662846	
121	Lipomyces kockii NRRL Y-27505	Lipkoc_NRRLY27505_1	383835	20804552	7328	N	Y	Y	N		Opulente DA et al.,2024	38662846	
122	Saccharomycopsis microspora NRRL Y-7404	Sacmic_NRRLY7404_1	65477	15792281	6095	N	Y	Y	N		Opulente DA et al.,2024	38662846	
123	Zygosaccharomyces bisporus NRRL Y-12626	Zygbis_NRRLY12626_1	4957	10502294	5084	N	Y	Y	N		Opulente DA et al.,2024	38662846	
124	Zygosaccharomyces siamensis CBS 12273	Zygsia_CBS12273_1	1074906	9643279	4870	N	Y	Y	N		Opulente DA et al.,2024	38662846	
125	Schwanniomyces sp. NRRL Y-7430	Schwsp_NRRLY7430_1	45615	12897190	6159	N	Y	Y	N		Opulente DA et al.,2024	38662846	
126	Ogataea haglerorum CBS 14645	Ogahag_CBS14645_1	1937702	7777399	5532	N	Y	Y	N		Opulente DA et al.,2024	38662846	
127	Middelhovenomyces tepae NRRL Y-17670	Midtep_NRRLY17670_1	45597	14922748	6054	N	Y	Y	N		Opulente DA et al.,2024	38662846	
128	Sugiyamaella mastotermitis CBS 14182	Sugmas_CBS14182_1	1857663	17113138	6667	N	Y	Y	N		Opulente DA et al.,2024	38662846	
129	Kurtzmaniella quercitrusa NRRL Y-5392	Kurque_NRRLY5392_1	2763128	13318916	5479	N	Y	Y	N		Opulente DA et al.,2024	38662846	
130	Starmerella magnoliae NRRL Y-2024	Stamag_NRRLY2024_1	5490	10215946	4984	N	Y	Y	N		Opulente DA et al.,2024	38662846	
131	Metschnikowia caudata NRRL Y-63722	Metcau_NRRLY63722_1	1506549	10899028	4978	N	Y	Y	N		Opulente DA et al.,2024	38662846	
132	Metschnikowia peoriensis CBS 15345	Metpeo_CBS15345_1	2201247	17700890	6627	N	Y	Y	N		Opulente DA et al.,2024	38662846	
133	Saturnispora sanitii CBS 10864	Satsan_CBS10864_1	714657	9267702	4749	N	Y	Y	N		Opulente DA et al.,2024	38662846	
134	Sugiyamaella japonica NRRL YB-2798	Sugjap_NRRLYB2798_1	410836	13500424	5730	N	Y	Y	N		Opulente DA et al.,2024	38662846	
135	Phaffomyces opuntiae NRRL Y-11707	Phaopu_NRRLY11707_1	54194	13092467	5945	N	Y	Y	N		Opulente DA et al.,2024	38662846	
136	Lachancea cidri NRRL Y-12634	Laccid_NRRLY12634_1	29831	9715598	5176	N	Y	Y	N		Opulente DA et al.,2024	38662846	
137	Scheffersomyces titanus CBS 13926	Schtit_CBS13926_1	2859242	14605590	5914	N	Y	Y	N		Opulente DA et al.,2024	38662846	
138	Wickerhamomyces lynferdii NRRL Y-7723	Wiclyn_NRRLY7723_1	1041609	25733381	12591	N	Y	Y	N		Opulente DA et al.,2024	38662846	
139	Lipomyces yamanashiensis CBS 14748	Lipyam_CBS14748_1	1930691	15202345	6099	N	Y	Y	N		Opulente DA et al.,2024	38662846	
140	Scheffersomyces quercinus NRRL Y-48825	Schque_NRRLY48825_1	1125882	16821762	6046	N	Y	Y	N		Opulente DA et al.,2024	38662846	
141	Wickerhamiella alocasiicola NRRL Y-48713	Wicalo_NRRLY48713_1	487109	11810258	5053	N	Y	Y	N		Opulente DA et al.,2024	38662846	
142	Trigonopsis cantarellii NRRL Y-17650	Trican_NRRLY17650_1	45533	11560235	5290	N	Y	Y	N		Opulente DA et al.,2024	38662846	
143	Nakazawaea wyomingensis NRRL YB-2152	Nakwyo_NRRLYB2152_1	1538187	13924138	5844	N	Y	Y	N		Opulente DA et al.,2024	38662846	
144	Schwanniomyces occidentalis var. occidentalis NRRL Y-10	Schocc_NRRLY10_1	27300	12881468	5841	N	Y	Y	N		Opulente DA et al.,2024	38662846	
145	Metschnikowia chrysoperlae NRRL Y-27615	Metchr_NRRLY27615_1	261276	17297209	6893	N	Y	Y	N		Opulente DA et al.,2024	38662846	
146	Sugiyamaella qingdaonensis CBS 11390	Sugqin_CBS11390_1	593426	14614087	6330	N	Y	Y	N		Opulente DA et al.,2024	38662846	
147	Spathaspora jeffriesii NRRL Y-27738	Spajef_NRRLY27738_1	271282	18984417	11198	N	Y	Y	N		Opulente DA et al.,2024	38662846	
148	Deakozyma indianensis NRRL YB-1937	Deaind_NRRLYB1937_1	1470396	11697857	5409	N	Y	Y	N		Opulente DA et al.,2024	38662846	
149	Sugiyamaella paludigena NRRL Y-12697	Sugpal_NRRLY12697_1	45575	19166223	6420	N	Y	Y	N		Opulente DA et al.,2024	38662846	
150	Yamadazyma mexicana NRRL Y-11818	Yammex_NRRLY11818_1	1276170	11838051	5843	N	Y	Y	N		Opulente DA et al.,2024	38662846	
151	Nakaseomyces kungkrabaensis CBS 10927	Nakkun_CBS10927_1	644822	11726292	5154	N	Y	Y	N		Opulente DA et al.,2024	38662846	
152	Wickerhamiella slavikovae CBS 12417	Wicsla_CBS12417_1	579151	8746462	4399	N	Y	Y	N		Opulente DA et al.,2024	38662846	
153	Saturnispora diversa NRRL Y-5713	Satdiv_NRRLY5713_1	5489	9726312	4966	N	Y	Y	N		Opulente DA et al.,2024	38662846	
154	Candida gorgasii NRRL Y-27707	Cangor_NRRLY27707_1	271357	11307065	5868	N	Y	Y	N		Opulente DA et al.,2024	38662846	
155	Nakazawaea sp. yHDR128	Nakasp_YHDR128_1	2866348	11613960	5710	N	Y	Y	N		Opulente DA et al.,2024	38662846	
156	Ogataea sp. yHMJ1	Ogatsp_YHMJ1_1	2866350	12195893	5509	N	Y	Y	N		Opulente DA et al.,2024	38662846	
157	Schwanniomyces capriottii NRRL Y-7423	Schcap_NRRLY7423_1	27295	12050797	5818	N	Y	Y	N		Opulente DA et al.,2024	38662846	
158	Trichomonascus ciferrii NRRL Y-10943	Tricif_NRRLY10943_1	44093	20609321	6959	N	Y	Y	N		Opulente DA et al.,2024	38662846	
159	Scheffersomyces ergatensis NRRL Y-17652	Scherg_NRRLY17652_1	1072095	14369534	6237	N	Y	Y	N		Opulente DA et al.,2024	38662846	
160	Myxozyma udenii NRRL Y-17387	Myxude_NRRLY17387_1	54100	14750352	5871	N	Y	Y	N		Opulente DA et al.,2024	38662846	
161	Saccharomycopsis fibuligera NRRL Y-2388	Sacfib_NRRLY2388_1	4944	20592090	6864	N	Y	Y	N		Opulente DA et al.,2024	38662846	
162	Nakazawaea sp. yHKS545	Nakasp_YHKS545_1	2866349	11484725	5848	N	Y	Y	N		Opulente DA et al.,2024	38662846	
163	Starmera pachycereana NRRL Y-10981	Stapac_NRRLY10981_1	53683	11036334	5198	N	Y	Y	N		Opulente DA et al.,2024	38662846	
164	Saccharomycodes ludwigii NRRL Y-12793	Saclud_NRRLY12793_1	36035	11834980	5025	N	Y	Y	N		Opulente DA et al.,2024	38662846	
165	Starmera caribaea NRRL Y-17468	Stacar_NRRLY17468_1	53644	12500128	5935	N	Y	Y	N		Opulente DA et al.,2024	38662846	
166	Meyerozyma smithsonii NRRL Y-27642	Meysmi_NRRLY27642_1	304223	10133135	5432	N	Y	Y	N		Opulente DA et al.,2024	38662846	
167	Suhomyces chickasaworum NRRL Y-27566	Suhchi_NRRLY27566_1	246045	13673184	5389	N	Y	Y	N		Opulente DA et al.,2024	38662846	
168	Yarrowia hollandica NRRL Y-48254	Yarhol_NRRLY48254_1	479094	19729159	6079	N	Y	Y	N		Opulente DA et al.,2024	38662846	
169	Nakazawaea ishiwadae NRRL Y-17654	Nakish_NRRLY17654_1	1538179	11535021	5801	N	Y	Y	N		Opulente DA et al.,2024	38662846	
170	Yarrowia osloensis NRRL Y-48252	Yarosl_NRRLY48252_1	388557	22974585	6554	N	Y	Y	N		Opulente DA et al.,2024	38662846	
171	Kodamaea derodonti NRRL Y-27711	Kodder_NRRLY27711_1	234567	14183709	5716	N	Y	Y	N		Opulente DA et al.,2024	38662846	
172	Ogataea sp. NRRL Y-27170	Ogatsp_NRRLY27170_1	1769361	10754266	5427	N	Y	Y	N		Opulente DA et al.,2024	38662846	
173	Trichomonascus vanleenenianus CBS 14902	Trivan_CBS14902_1	2268995	15250437	6133	N	Y	Y	N		Opulente DA et al.,2024	38662846	
174	Myxozyma kluyveri NRRL Y-17277	Myxklu_NRRLY17277_1	54099	15113061	5771	N	Y	Y	N		Opulente DA et al.,2024	38662846	
175	Kuraishia floccosa NRRL Y-27951	Kurflo_NRRLY27951_1	181602	10901728	5537	N	Y	Y	N		Opulente DA et al.,2024	38662846	
176	Starmera dryadoides NRRL Y-10990	Stadry_NRRLY10990_1	36021	12568019	5994	N	Y	Y	N		Opulente DA et al.,2024	38662846	
177	Ogataea neopini AB440274	Oganeo_AB440274_1	539822	11524588	5677	N	Y	Y	N		Opulente DA et al.,2024	38662846	
178	Lachancea cidri NRRL Y-12635	Laccid_NRRLY12635_1	29831	10147735	5079	N	Y	Y	N		Opulente DA et al.,2024	38662846	
179	Wickerhamiella nectarea CBS 14162	Wicnec_CBS14162_1	1720237	8005410	4759	N	Y	Y	N		Opulente DA et al.,2024	38662846	
180	Zygotorulaspora danielsina CBS 15365	Zygdan_CBS15365_1	2116649	10517112	5006	N	Y	Y	N		Opulente DA et al.,2024	38662846	
181	Cyberlindnera mycetangii NRRL Y-6843	Cybmyc_NRRLY6843_1	130814	12102813	5874	N	Y	Y	N		Opulente DA et al.,2024	38662846	
182	Suhomyces yuchorum NRRL Y-27569	Suhyuc_NRRLY27569_1	246010	13129690	5428	N	Y	Y	N		Opulente DA et al.,2024	38662846	
183	Zygosaccharomyces sapae CBS 12607	Zygsap_CBS12607_1	1461763	13618073	6858	N	Y	Y	N		Opulente DA et al.,2024	38662846	
184	Kodamaea leandrae NRRL Y-27757	Kodlea_NRRLY27757_1	255381	13081728	5604	N	Y	Y	N		Opulente DA et al.,2024	38662846	
185	Kodamaea kaohsiungensis CBS 11435	Kodkao_CBS11435_1	1072097	15551533	6137	N	Y	Y	N		Opulente DA et al.,2024	38662846	
186	Kodamaea neixiangensis CBS 14699	Kodnei_CBS14699_1	1943670	14393034	5872	N	Y	Y	N		Opulente DA et al.,2024	38662846	
187	Yarrowia keelungensis CBS 11062	Yarkee_CBS11062_1	1635098	21899712	6188	N	Y	Y	N		Opulente DA et al.,2024	38662846	
188	Nadsonia fulvescens var. fulvescens NRRL Y-12810	Nadful_NRRLY12810_1	985014	13804471	5624	N	Y	Y	N		Opulente DA et al.,2024	38662846	
189	Barnettozyma hawaiiensis NRRL Y-27270	Barhaw_NRRLY27270_1	96499	10557228	5486	N	Y	Y	N		Opulente DA et al.,2024	38662846	
190	Kluyveromyces wickerhamii NRRL Y-8286	Kluwic_NRRLY8286_1	51658	9854451	4898	N	Y	Y	N		Opulente DA et al.,2024	38662846	
191	Kazachstania rosinii NRRL Y-17919	Kazros_NRRLY17919_1	56413	12226427	5372	N	Y	Y	N		Opulente DA et al.,2024	38662846	
192	Wickerhamomyces bisporus NRRL Y-1482	Wicbis_NRRLY1482_1	36018	11839490	5865	N	Y	Y	N		Opulente DA et al.,2024	38662846	
193	Metschnikowia chrysomelidarum NRRL Y-27749	Metchr_NRRLY27749_1	271316	16371206	6232	N	Y	Y	N		Opulente DA et al.,2024	38662846	
194	Komagataella populi NRRL YB-455	Kompop_NRRLYB455_1	1099808	9153825	5007	N	Y	Y	N		Opulente DA et al.,2024	38662846	
195	Kazachstania siamensis NRRL Y-48842	Kazsia_NRRLY48842_1	382647	11760325	5290	N	Y	Y	N		Opulente DA et al.,2024	38662846	
196	Ogataea sp. NRRL YB-2437	Ogatsp_NRRLYB2437_1	490709	11604994	5817	N	Y	Y	N		Opulente DA et al.,2024	38662846	
197	Martiniozyma asiatica NRRL Y-63747	Marasi_NRRLY63747_1	148097	10106193	5153	N	Y	Y	N		Opulente DA et al.,2024	38662846	
198	Metschnikowia pimensis NRRL Y-27619	Metpim_NRRLY27619_1	261282	18525010	5624	N	Y	Y	N		Opulente DA et al.,2024	38662846	
199	Tortispora sangerardonensis NRRL Y-63663	Torsan_NRRLY63663_1	1326890	11868686	5436	N	Y	Y	N		Opulente DA et al.,2024	38662846	
200	Pichia sporocuriosa NRRL Y-27347	Picspo_NRRLY27347_1	87101	11788526	5537	N	Y	Y	N		Opulente DA et al.,2024	38662846	
201	Kuraishia ogatae NRRL Y-48474	Kuroga_NRRLY48474_1	537810	14687139	5453	N	Y	Y	N		Opulente DA et al.,2024	38662846	
202	Komagataella kurtzmanii NRRL Y-63667	Komkur_NRRLY63667_1	1342318	9262955	5065	N	Y	Y	N		Opulente DA et al.,2024	38662846	
203	Pichia cactophila NRRL Y-10963	Piccac_NRRLY10963_1	53657	10546742	5128	N	Y	Y	N		Opulente DA et al.,2024	38662846	
204	Metschnikowia corniflorae NRRL Y-27750	Metcor_NRRLY27750_1	280591	28064736	6741	N	Y	Y	N		Opulente DA et al.,2024	38662846	
205	Metschnikowia baotianmanensis CBS 15869	Metbao_CBS15869_1	2860400	19864512	6829	N	Y	Y	N		Opulente DA et al.,2024	38662846	
206	Metschnikowia zobellii NRRL Y-5387	Metzob_NRRLY5387_1	27328	13470769	5215	N	Y	Y	N		Opulente DA et al.,2024	38662846	
207	Nematodospora valgi CBS 12562	Nemval_CBS12562_1	864349	12070198	5520	N	Y	Y	N		Opulente DA et al.,2024	38662846	
208	Metschnikowia picachoensis NRRL Y-27607	Metpic_NRRLY27607_1	261270	21509686	6174	N	Y	Y	N		Opulente DA et al.,2024	38662846	
209	Kurtzmaniella oleophila NRRL Y-2317	Kurole_NRRLY2317_1	45573	14048238	5762	N	Y	Y	N		Opulente DA et al.,2024	38662846	
210	Suhomyces atakaporum NRRL Y-27570	Suhata_NRRLY27570_1	246088	13550034	5614	N	Y	Y	N		Opulente DA et al.,2024	38662846	
211	Vanderwaltozyma yarrowii NRRL Y-17763	Vanyar_NRRLY17763_1	51620	12611447	5506	N	Y	Y	N		Opulente DA et al.,2024	38662846	
212	Pichia paraexigua CBS 15237	Picpar_CBS15237_1	2860397	10685171	5055	N	Y	Y	N		Opulente DA et al.,2024	38662846	
213	Wickerhamomyces chambardii NRRL Y-2378	Wiccha_NRRLY2378_1	53603	15431025	6613	N	Y	Y	N		Opulente DA et al.,2024	38662846	
214	Wickerhamomyces sp. yHMH617	Wicksp_YHMH617_1	2866364	11780985	5890	N	Y	Y	N		Opulente DA et al.,2024	38662846	
215	Saturnispora sekii CBS 10931	Satsek_CBS10931_1	635123	9524839	4870	N	Y	Y	N		Opulente DA et al.,2024	38662846	
216	Saturnispora galanensis CBS 15223	Satgal_CBS15223_1	2860394	9687908	4874	N	Y	Y	N		Opulente DA et al.,2024	38662846	
217	Wickerhamiella vanderwaltii NRRL Y-17671	Wicvan_NRRLY17671_1	49336	9970138	5128	N	Y	Y	N		Opulente DA et al.,2024	38662846	
218	Blastobotrys serpentis NRRL Y-48249	Blaser_NRRLY48249_1	456365	13736849	6291	N	Y	Y	N		Opulente DA et al.,2024	38662846	
219	Pichia nanzhaoensis CBS 15346	Picnan_CBS15346_1	2860398	10531826	4988	N	Y	Y	N		Opulente DA et al.,2024	38662846	
220	Nakazawaea ernobii NRRL Y-17782	Nakern_NRRLY17782_1	1538178	13313391	6315	N	Y	Y	N		Opulente DA et al.,2024	38662846	
221	Ogataea paradorogensis CBS 10978	Ogapar_CBS10978_1	529654	8857209	5403	N	Y	Y	N		Opulente DA et al.,2024	38662846	
222	Kodamaea sagamina JCM 10144	Kodsag_JCM10144_1	95810	16344250	5794	N	Y	Y	N		Opulente DA et al.,2024	38662846	
223	Zygosaccharomyces parabailii CBS 12809	Zygpar_CBS12809_1	1365886	10768491	5130	N	Y	Y	N		Opulente DA et al.,2024	38662846	
224	Ogataea angusta NRRL Y-2214	Ogaang_NRRLY2214_1	870730	8827748	5296	N	Y	Y	N		Opulente DA et al.,2024	38662846	
225	Sugiyamaella marilandica NRRL YB-1847	Sugmar_NRRLYB1847_1	377599	13878622	6074	N	Y	Y	N		Opulente DA et al.,2024	38662846	
226	Metschnikowia australis NRRL Y-17414	Metaus_NRRLY17414_1	27321	14214154	5024	N	Y	Y	N		Opulente DA et al.,2024	38662846	
227	Suhomyces prunicola NRRL YB-869	Suhpru_NRRLYB869_1	147329	11521308	5348	N	Y	Y	N		Opulente DA et al.,2024	38662846	
228	Wickerhamomyces mucosus NRRL YB-1344	Wicmuc_NRRLYB1344_1	1378264	12706957	5542	N	Y	Y	N		Opulente DA et al.,2024	38662846	
229	Teunomyces atbi NRRL Y-27651	Teuatb_NRRLY27651_1	348314	10545761	5463	N	Y	Y	N		Opulente DA et al.,2024	38662846	
230	Ogataea saltuana NRRL Y-48448	Ogasal_NRRLY48448_1	490709	11176758	5571	N	Y	Y	N		Opulente DA et al.,2024	38662846	
231	Saccharomycopsis amapae NRRL Y-17845	Sacama_NRRLY17845_1	51913	14884356	6013	N	Y	Y	N		Opulente DA et al.,2024	38662846	
232	Pichia scutulata NRRL Y-7663	Picscu_NRRLY7663_1	54553	10621377	5042	N	Y	Y	N		Opulente DA et al.,2024	38662846	
233	Suhomyces faveliae CBS 14299	Suhfav_CBS14299_1	1701727	12084071	5448	N	Y	Y	N		Opulente DA et al.,2024	38662846	
234	Komagataella ulmi NRRL YB-407	Komulm_NRRLYB407_1	1099807	9372271	5112	N	Y	Y	N		Opulente DA et al.,2024	38662846	
235	Suhomyces pyralidae NRRL Y-27085	Suhpyr_NRRLY27085_1	147331	12349891	5413	N	Y	Y	N		Opulente DA et al.,2024	38662846	
236	Kazachstania taianensis NRRL Y-48846	Kaztai_NRRLY48846_1	655095	13545571	5405	N	Y	Y	N		Opulente DA et al.,2024	38662846	
237	Meyerozyma elateridarum NRRL Y-27647	Meyela_NRRLY27647_1	304224	10286520	5390	N	Y	Y	N		Opulente DA et al.,2024	38662846	
238	Saturnispora halmiae CBS 11009	Sathal_CBS11009_1	380880	8496074	4662	N	Y	Y	N		Opulente DA et al.,2024	38662846	
239	Ogataea sp. NRRL YB-1238	Ogatsp_NRRLYB1238_1	1769361	12761199	5690	N	Y	Y	N		Opulente DA et al.,2024	38662846	
240	Nakazawaea molendinolei CBS 12508	Nakmol_CBS12508_1	1538181	11651997	5607	N	Y	Y	N		Opulente DA et al.,2024	38662846	
241	Sporopachydermia quercuum NRRL Y-17847	Spoque_NRRLY17847_1	54094	16516590	5497	N	Y	Y	N		Opulente DA et al.,2024	38662846	
242	Starmerella scarabaei CBS 14174	Stasca_CBS14174_1	2860204	8713180	4710	N	Y	Y	N		Opulente DA et al.,2024	38662846	
243	Kazachstania spencerorum NRRL Y-17920	Kazspe_NRRLY17920_1	1089533	12994503	5936	N	Y	Y	N		Opulente DA et al.,2024	38662846	
244	Wickerhamomyces xylosica NBRC 108869	Wicxyl_NBRC108869_1	599737	13735677	5654	N	Y	Y	N		Opulente DA et al.,2024	38662846	
245	Tetrapisispora namnaoensis NRRL Y-27982	Tetnam_NRRLY27982_1	279732	12427788	5286	N	Y	Y	N		Opulente DA et al.,2024	38662846	
246	Metschnikowia gelsemii NRRL Y-48212	Metgel_NRRLY48212_1	407270	18181642	5785	N	Y	Y	N		Opulente DA et al.,2024	38662846	
247	Lipomyces sp. NRRL Y-7042	Liposp_NRRLY7042_1	56873	20821016	7500	N	Y	Y	N		Opulente DA et al.,2024	38662846	
248	Sugiyamaella sp. yHKS617	Sugisp_YHKS617_1	2866356	16296962	6081	N	Y	Y	N		Opulente DA et al.,2024	38662846	
249	Magnusiomyces capitatus CBS 162.80	Magcap_CBS16280_1	1095183	19434790	6396	N	Y	Y	N		Opulente DA et al.,2024	38662846	
250	Pichia sp. yHKS168	Pichsp_YHKS168_1	2866351	11479182	5200	N	Y	Y	N		Opulente DA et al.,2024	38662846	
251	Magnusiomyces magnusii NRRL Y-17563	Magmag_NRRLY17563_1	43963	41295859	19756	N	Y	Y	N		Opulente DA et al.,2024	38662846	
252	Wickerhamiella siamensis CBS 13331	Wicsia_CBS13331_1	1571656	8311196	4638	N	Y	Y	N		Opulente DA et al.,2024	38662846	
253	Starmerella cellae NRRL Y-27860	Stacel_NRRLY27860_1	308923	11249761	4684	N	Y	Y	N		Opulente DA et al.,2024	38662846	
254	Pichia sp. NRRL Y-27261	Pichsp_NRRLY27261_1	461321	20611013	9302	N	Y	Y	N		Opulente DA et al.,2024	38662846	
255	Kuraishia hungarica NRRL Y-27594	Kurhun_NRRLY27594_1	157291	15014697	5502	N	Y	Y	N		Opulente DA et al.,2024	38662846	
256	Suhomyces panamericanus NRRL Y-27567	Suhpan_NRRLY27567_1	246030	14161353	5317	N	Y	Y	N		Opulente DA et al.,2024	38662846	
257	Starmerella etchellsii NRRL Y-17084	Staetc_NRRLY17084_1	45547	8506501	4551	N	Y	Y	N		Opulente DA et al.,2024	38662846	
258	Zygosaccharomyces pseudobailii CBS 2856	Zygpse_CBS2856_1	1365887	14695099	8577	N	Y	Y	N		Opulente DA et al.,2024	38662846	
259	Ogataea trehaloabstinens NRRL Y-27595	Ogatre_NRRLY27595_1	169509	11237525	5822	N	Y	Y	N		Opulente DA et al.,2024	38662846	
260	Myxozyma sirexii NRRL Y-27626	Myxsir_NRRLY27626_1	383840	13543997	5870	N	Y	Y	N		Opulente DA et al.,2024	38662846	
261	Hanseniaspora lachancei NRRL Y-27514	Hanlac_NRRLY27514_1	211098	8900537	4372	N	Y	Y	N		Opulente DA et al.,2024	38662846	
262	Teunomyces aglyptinius NRRL Y-27935	Teuagl_NRRLY27935_1	392262	10589528	5488	N	Y	Y	N		Opulente DA et al.,2024	38662846	
263	Saccharomycopsis olivae CBS 12701	Sacoli_CBS12701_1	4943	12153051	5753	N	Y	Y	N		Opulente DA et al.,2024	38662846	
264	Saccharomycopsis sp. NRRL Y-5750	Saccsp_NRRLY5750_1	2866353	17037177	5937	N	Y	Y	N		Opulente DA et al.,2024	38662846	
265	Ogataea philodendri NRRL Y-7210	Ogaphi_NRRLY7210_1	1378263	8826564	5255	N	Y	Y	N		Opulente DA et al.,2024	38662846	
266	Metschnikowia kofuensis NRRL Y-27226	Metkof_NRRLY27226_1	329642	18119773	6436	N	Y	Y	N		Opulente DA et al.,2024	38662846	
267	Ogataea ganodermae CBS 10646	Ogagan_CBS10646_1	539824	11605044	5727	N	Y	Y	N		Opulente DA et al.,2024	38662846	
268	Yarrowia alimentaria NRRL Y-48253	Yarali_NRRLY48253_1	479092	19605280	6049	N	Y	Y	N		Opulente DA et al.,2024	38662846	
269	Barnettozyma pratensis NRRL Y-12696	Barpra_NRRLY12696_1	36040	12547507	5910	N	Y	Y	N		Opulente DA et al.,2024	38662846	
270	Yamadazyma olivae CBS 11171	Yamoli_CBS11171_1	1819164	11318153	5796	N	Y	Y	N		Opulente DA et al.,2024	38662846	
271	Lachancea fantastica nom. nud. CBS 6924	Lacfan_CBS6924_1	1230904	11336659	4957	N	Y	Y	N		Opulente DA et al.,2024	38662846	
272	Metschnikowia agaves NRRL Y-17915	Metaga_NRRLY17915_1	56417	11071345	5296	N	Y	Y	N		Opulente DA et al.,2024	38662846	
273	Komagataella mondaviorum CBS 15017	Kommon_CBS15017_1	2008544	9192586	5039	N	Y	Y	N		Opulente DA et al.,2024	38662846	
274	Saccharomyces uvarum JRY9189	Sacuva_JRY9189_1	230603	11502913	5458	N	Y	Y	N		Opulente DA et al.,2024	38662846	
275	Saturnispora zaruensis NRRL Y-7008	Satzar_NRRLY7008_1	58635	9767953	4905	N	Y	Y	N		Opulente DA et al.,2024	38662846	
276	Suhomyces kunorum NRRL Y-27580	Suhkun_NRRLY27580_1	246081	13753240	5373	N	Y	Y	N		Opulente DA et al.,2024	38662846	
277	Blastobotrys proliferans NRRL Y-17577	Blapro_NRRLY17577_1	44067	14614867	6980	N	Y	Y	N		Opulente DA et al.,2024	38662846	
278	Kazachstania unispora NRRL Y-1556	Kazuni_NRRLY1556_1	27294	12263727	5331	N	Y	Y	N		Opulente DA et al.,2024	38662846	
279	Kuraishia piskuri NRRL YB-2544	Kurpis_NRRLYB2544_1	1538145	14215976	5515	N	Y	Y	N		Opulente DA et al.,2024	38662846	
280	Teunomyces cretensis NRRL Y-27777	Teucre_NRRLY27777_1	268492	11171336	5627	N	Y	Y	N		Opulente DA et al.,2024	38662846	
281	Ambrosiozyma vanderkliftii NRRL Y-63633	Ambvan_NRRLY63633_1	489717	14486667	5780	N	Y	Y	N		Opulente DA et al.,2024	38662846	
282	Ogataea chonburiensis CBS 10363	Ogacho_CBS10363_1	447320	9001597	5482	N	Y	Y	N		Opulente DA et al.,2024	38662846	
283	Pichia kluyveri NRRL Y-11519	Picklu_NRRLY11519_1	36015	10658754	5390	N	Y	Y	N		Opulente DA et al.,2024	38662846	
284	Kodamaea lidongshanica CBS 11426	Kodlid_CBS11426_1	1072098	23744359	7040	N	Y	Y	N		Opulente DA et al.,2024	38662846	
285	Yamadazyma philogaea NRRL Y-7813	Yamphi_NRRLY7813_1	45510	11061134	5353	N	Y	Y	N		Opulente DA et al.,2024	38662846	
286	Sugiyamaella chiloensis NRRL Y-17643	Sugchi_NRRLY17643_1	410835	14445953	6817	N	Y	Y	N		Opulente DA et al.,2024	38662846	
287	Zygosaccharomyces lentus NRRL Y-27276	Zyglen_NRRLY27276_1	85125	10214768	5054	N	Y	Y	N		Opulente DA et al.,2024	38662846	
288	Yamadazyma dushanensis CBS 13914	Yamdus_CBS13914_1	1548791	11322171	5859	N	Y	Y	N		Opulente DA et al.,2024	38662846	
289	Suhomyces guaymorum NRRL Y-27568	Suhgua_NRRLY27568_1	234535	13222839	5428	N	Y	Y	N		Opulente DA et al.,2024	38662846	
290	Trichomonascus apis NRRL Y-48475	Triapi_NRRLY48475_1	544464	14281310	6719	N	Y	Y	N		Opulente DA et al.,2024	38662846	
291	Kluyveromyces sp. yHMH660	Kluysp_YHMH660_1	2866342	10569247	5480	N	Y	Y	N		Opulente DA et al.,2024	38662846	
292	Kuraishia molischiana NRRL Y-27899	Kurmol_NRRLY27899_1	317048	10317267	5618	N	Y	Y	N		Opulente DA et al.,2024	38662846	
293	Sugiyamaella boreocaroliniensis NRRL YB-1835	Sugbor_NRRLYB1835_1	377600	12355264	5629	N	Y	Y	N		Opulente DA et al.,2024	38662846	
294	Saccharomycopsis lassenensis NRRL YB-3657	Saclas_NRRLYB3657_1	130813	12800283	5775	N	Y	Y	N		Opulente DA et al.,2024	38662846	
295	Kodamaea ohmeri NRRL Y-1932	Kodohm_NRRLY1932_1	34356	12325946	5426	N	Y	Y	N		Opulente DA et al.,2024	38662846	
296	Starmerella floris NRRL Y-48255	Staflo_NRRLY48255_1	453956	15722675	6542	N	Y	Y	N		Opulente DA et al.,2024	38662846	
297	Sugiyamaella neomexicana NRRL YB-2450	Sugneo_NRRLYB2450_1	378060	13980917	6341	N	Y	Y	N		Opulente DA et al.,2024	38662846	
298	Yamadazyma tumulicola NBRC 104392	Yamtum_NBRC104392_1	480051	11372024	5728	N	Y	Y	N		Opulente DA et al.,2024	38662846	
299	Schwanniomyces occidentalis var. persoonii NRRL Y-7400	Schocc_NRRLY7400_1	45516	13088466	5980	N	Y	Y	N		Opulente DA et al.,2024	38662846	
300	Sugiyamaella marionensis NRRL YB-1336	Sugmar_NRRLYB1336_1	378056	16878612	6263	N	Y	Y	N		Opulente DA et al.,2024	38662846	
301	Ogataea wickerhamii NRRL YB-4943	Ogawic_NRRLYB4943_1	1249076	10638790	5512	N	Y	Y	N		Opulente DA et al.,2024	38662846	
302	Saturnispora gosingensis NRRL Y-48718	Satgos_NRRLY48718_1	756770	9951825	4841	N	Y	Y	N		Opulente DA et al.,2024	38662846	
303	Saccharomyces mikatae IFO 1815	Sacmik_IFO1815_1	226126	11450123	5378	N	Y	Y	N		Opulente DA et al.,2024	38662846	
304	Brettanomyces anomalus YV396	Breano_YV396_1	37662	12880761	5146	N	Y	Y	N		Opulente DA et al.,2024	38662846	
305	Sugiyamaella castrensis NRRL Y-17329	Sugcas_NRRLY17329_1	45535	21068092	6421	N	Y	Y	N		Opulente DA et al.,2024	38662846	
306	Ogataea paraovalis CBS 14697	Ogapar_CBS14697_1	1943672	13939282	5766	N	Y	Y	N		Opulente DA et al.,2024	38662846	
307	Yamadazyma insecticola CBS 13382	Yamins_CBS13382_1	1564929	10700722	5617	N	Y	Y	N		Opulente DA et al.,2024	38662846	
308	Suhomyces emberorum NRRL Y-27606	Suhemb_NRRLY27606_1	246006	13453701	5501	N	Y	Y	N		Opulente DA et al.,2024	38662846	
309	Wickerhamiella sergipiensis CBS 9567	Wicser_CBS9567_1	168316	9640022	4991	N	Y	Y	N		Opulente DA et al.,2024	38662846	
310	Kodamaea fungicola JCM 10142	Kodfun_JCM10142_1	95809	12913519	5817	N	Y	Y	N		Opulente DA et al.,2024	38662846	
311	Priceomyces melissophilus NRRL Y-7585	Primel_NRRLY7585_1	27298	10670221	5474	N	Y	Y	N		Opulente DA et al.,2024	38662846	
312	Nakaseomyces sp. UFMG-CM-Y6046	Nakasp_UFMGCMY6046_1	2866347	12947746	5333	N	Y	Y	N		Opulente DA et al.,2024	38662846	
313	Metschnikowia drosophilae NRRL Y-27458	Metdro_NRRLY27458_1	135833	10490003	5097	N	Y	Y	N		Opulente DA et al.,2024	38662846	
314	Schwanniomyces yamadae NRRL Y-48658	Schyam_NRRLY48658_1	27306	11404048	5622	N	Y	Y	N		Opulente DA et al.,2024	38662846	
315	Kodamaea arcana NRRL Y-27712	Kodarc_NRRLY27712_1	234568	15779745	5721	N	Y	Y	N		Opulente DA et al.,2024	38662846	
316	Ogataea kodamae NRRL Y-17234	Ogakod_NRRLY17234_1	50263	8619944	5279	N	Y	Y	N		Opulente DA et al.,2024	38662846	
317	Metschnikowia rubicola CBS 15344	Metrub_CBS15344_1	2201248	18413595	6964	N	Y	Y	N		Opulente DA et al.,2024	38662846	
318	Ogataea degrootiae CBS 15033	Ogadeg_CBS15033_1	2268991	14463595	5790	N	Y	Y	N		Opulente DA et al.,2024	38662846	
319	Saccharomycopsis schoenii NRRL Y-17595	Sacsch_NRRLY17595_1	44080	13745492	5507	N	Y	Y	N		Opulente DA et al.,2024	38662846	
320	Ogataea trehalophila NRRL Y-6781	Ogatre_NRRLY6781_1	50267	14070356	5603	N	Y	Y	N		Opulente DA et al.,2024	38662846	
321	Candida orba NRRL Y-27336	Canorb_NRRLY27336_1	115786	11345217	5564	N	Y	Y	N		Opulente DA et al.,2024	38662846	
322	Suhomyces sp. yHKS641	Suhosp_YHKS641_1	2866357	11725374	5411	N	Y	Y	N		Opulente DA et al.,2024	38662846	
323	Myxozyma lipomycoides NRRL Y-17253	Myxlip_NRRLY17253_1	54097	14836848	5896	N	Y	Y	N		Opulente DA et al.,2024	38662846	
324	Yamadazyma sp. yHMH393	Yamasp_YHMH393_1	2866368	11725581	5867	N	Y	Y	N		Opulente DA et al.,2024	38662846	
325	Zygosaccharomyces pseudorouxii NRRL Y-63794	Zygpse_NRRLY63794_1	227369	10017212	5049	N	Y	Y	N		Opulente DA et al.,2024	38662846	
326	Suhomyces xylopsoci NRRL Y-27066	Suhxyl_NRRLY27066_1	147335	12590558	5478	N	Y	Y	N		Opulente DA et al.,2024	38662846	
327	Komagataella phaffii NRRL Y-7556	Kompha_NRRLY7556_1	460519	9355169	5068	N	Y	Y	N		Opulente DA et al.,2024	38662846	
328	Yamadazyma scolyti NRRL Y-5512	Yamsco_NRRLY5512_1	45511	11251318	5803	N	Y	Y	N		Opulente DA et al.,2024	38662846	
329	Brettanomyces custersianus NRRL Y-6653	Brecus_NRRLY6653_1	13368	10392519	5191	N	Y	Y	N		Opulente DA et al.,2024	38662846	
330	Teunomyces tritomae NRRL Y-27650	Teutri_NRRLY27650_1	348312	10537086	5391	N	Y	Y	N		Opulente DA et al.,2024	38662846	
331	Kodamaea fukazawae JCM 1641	Kodfuk_JCM1641_1	95811	13944044	5597	N	Y	Y	N		Opulente DA et al.,2024	38662846	
332	Metschnikowia lachancei NRRL Y-27242	Metlac_NRRLY27242_1	189452	23905921	7154	N	Y	Y	N		Opulente DA et al.,2024	38662846	
333	Wickerhamiella versatilis JCM 5958	Wicver_JCM5958_1	27304	9313034	5323	N	Y	Y	N		Opulente DA et al.,2024	38662846	
334	Wickerhamomyces sp. yHMH26	Wicksp_YHMH26_1	2866362	12239262	5901	N	Y	Y	N		Opulente DA et al.,2024	38662846	
335	Starmerella potacharoeniae NBRC 106439	Stapot_NBRC106439_1	698984	10159195	4810	N	Y	Y	N		Opulente DA et al.,2024	38662846	
336	Barnettozyma californica NRRL Y-17395	Barcal_NRRLY17395_1	36038	11810987	5791	N	Y	Y	N		Opulente DA et al.,2024	38662846	
337	Tetrapisispora arboricola NRRL Y-27308	Tetarb_NRRLY27308_1	113605	12808485	5179	N	Y	Y	N		Opulente DA et al.,2024	38662846	
338	Kazachstania martiniae NRRL Y-409	Kazmar_NRRLY409_1	74404	11715116	5627	N	Y	Y	N		Opulente DA et al.,2024	38662846	
339	Zygotorulaspora chibaensis CBS 15364	Zygchi_CBS15364_1	2116648	10874240	5025	N	Y	Y	N		Opulente DA et al.,2024	38662846	
340	Pichia sp. NRRL Y-12824	Pichsp_NRRLY12824_1	65804	11059527	5017	N	Y	Y	N		Opulente DA et al.,2024	38662846	
341	Torulaspora globosa NRRL Y-12650	Torglo_NRRLY12650_1	48254	9201019	4844	N	Y	Y	N		Opulente DA et al.,2024	38662846	
342	Ogataea zsoltii NRRL Y-27601	Ogazso_NRRLY27601_1	169510	11627209	5844	N	Y	Y	N		Opulente DA et al.,2024	38662846	
343	Schwanniomyces vanrijiae var. yarrowii NRRL Y-11714	Schvan_NRRLY11714_1	27306	12438055	5799	N	Y	Y	N		Opulente DA et al.,2024	38662846	
344	Saccharomycopsis fodiens NRRL Y-48786	Sacfod_NRRLY48786_1	1305767	14862492	5898	N	Y	Y	N		Opulente DA et al.,2024	38662846	
345	Candida heveicola NRRL Y-48716	Canhev_NRRLY48716_1	487108	13038065	5401	N	Y	Y	N		Opulente DA et al.,2024	38662846	
346	Saturnispora ahearnii NRRL Y-7555	Satahe_NRRLY7555_1	58633	9629167	4851	N	Y	Y	N		Opulente DA et al.,2024	38662846	
347	Metschnikowia anglica CBS 15342	Metang_CBS15342_1	2860203	13585428	5374	N	Y	Y	N		Opulente DA et al.,2024	38662846	
348	Magnusiomyces clavatus CNRMA 12.647	Magcla_CNRMA12647_1	2496157	17665887	5946	N	Y	Y	N		Opulente DA et al.,2024	38662846	
349	Wickerhamomyces bovis NRRL YB-4184	Wicbov_NRRLYB4184_1	53647	11602489	5720	N	Y	Y	N		Opulente DA et al.,2024	38662846	
350	Wickerhamiella australiensis NRRL Y-27360	Wicaus_NRRLY27360_1	75732	11332447	5363	N	Y	Y	N		Opulente DA et al.,2024	38662846	
351	Wickerhamiella qilinensis CBS 13929	Wicqil_CBS13929_1	2859418	9937736	4793	N	Y	Y	N		Opulente DA et al.,2024	38662846	
352	Yarrowia yakushimensis CBS 10254	Yaryak_CBS10254_1	1527289	18822244	6019	N	Y	Y	N		Opulente DA et al.,2024	38662846	
353	Teunomyces barrocoloradensis NRRL Y-27934	Teubar_NRRLY27934_1	392261	10895606	5581	N	Y	Y	N		Opulente DA et al.,2024	38662846	
354	Suhomyces choctaworum NRRL Y-27584	Suhcho_NRRLY27584_1	246021	11548553	5371	N	Y	Y	N		Opulente DA et al.,2024	38662846	
355	Starmerella lactis-condensi NRRL Y-1515	Stalac_NRRLY1515_1	45562	7201379	3638	N	Y	Y	N		Opulente DA et al.,2024	38662846	
356	Wickerhamiella bombiphila NRRL Y-27640	Wicbom_NRRLY27640_1	260050	9155810	4779	N	Y	Y	N		Opulente DA et al.,2024	38662846	
357	Yamadazyma sp. yHKS699	Yamasp_YHKS699_1	2866367	11275559	5840	N	Y	Y	N		Opulente DA et al.,2024	38662846	
358	Wickerhamomyces strasburgensis NRRL Y-2383	Wicstr_NRRLY2383_1	53604	12697798	6101	N	Y	Y	N		Opulente DA et al.,2024	38662846	
359	Candida incommunis NRRL Y-17085	Caninc_NRRLY17085_1	49327	11956271	5412	N	Y	Y	N		Opulente DA et al.,2024	38662846	
360	Sporopachydermia cereana NRRL Y-7798	Spocer_NRRLY7798_1	54093	18279716	5732	N	Y	Y	N		Opulente DA et al.,2024	38662846	
361	Saccharomycopsis javanensis NRRL Y-1483	Sacjav_NRRLY1483_1	43983	14304541	5366	N	Y	Y	N		Opulente DA et al.,2024	38662846	
362	Cyberlindnera suaveolens NRRL Y-17391	Cybsua_NRRLY17391_1	907738	12243014	5881	N	Y	Y	N		Opulente DA et al.,2024	38662846	
363	Metschnikowia noctiluminum NRRL Y-27753	Metnoc_NRRLY27753_1	280590	16715512	5977	N	Y	Y	N		Opulente DA et al.,2024	38662846	
364	Ogataea allantospora NRRL Y-48267	Ogaall_NRRLY48267_1	434199	8851166	5491	N	Y	Y	N		Opulente DA et al.,2024	38662846	
365	Teunomyces lycoperdinae NRRL Y-27658	Teulyc_NRRLY27658_1	297653	10359056	5366	N	Y	Y	N		Opulente DA et al.,2024	38662846	
366	Kuraishia borneana CBS 12507	Kurbor_CBS12507_1	1538147	8822654	5423	N	Y	Y	N		Opulente DA et al.,2024	38662846	
367	Cyberlindnera maclurae NRRL Y-5377	Cybmac_NRRLY5377_1	65811	10460630	5558	N	Y	Y	N		Opulente DA et al.,2024	38662846	
368	Wickerhamiella lipophila NRRL Y-27367	Wiclip_NRRLY27367_1	378041	8812516	4779	N	Y	Y	N		Opulente DA et al.,2024	38662846	
369	Pichia deserticola NRRL Y-12918	Picdes_NRRLY12918_1	53660	12625564	5728	N	Y	Y	N		Opulente DA et al.,2024	38662846	
370	Zygosaccharomyces gambellarensis CBS 12191	Zyggam_CBS12191_1	927244	9918755	4999	N	Y	Y	N		Opulente DA et al.,2024	38662846	
371	Nakazawaea laoshanensis CBS 11389	Naklao_CBS11389_1	1538180	9173239	5455	N	Y	Y	N		Opulente DA et al.,2024	38662846	
372	Saccharomycopsis sp. yHQL182	Saccsp_YHQL182_1	2866354	15230160	6142	N	Y	Y	N		Opulente DA et al.,2024	38662846	
373	Candida vartiovaarae NRRL Y-6701	Canvar_NRRLY6701_1	51918	11194193	5642	N	Y	Y	N		Opulente DA et al.,2024	38662846	
374	Ogataea sp. NRRL YB-2442	Ogatsp_NRRLYB2442_1	1769361	10452406	5433	N	Y	Y	N		Opulente DA et al.,2024	38662846	
375	Zygoascus tannicola NRRL Y-17392	Zygtan_NRRLY17392_1	45514	11129952	5325	N	Y	Y	N		Opulente DA et al.,2024	38662846	
376	Candida freyschussii NRRL Y-7957A	Canfre_NRRLY7957A_1	64417	10958042	5591	N	Y	Y	N		Opulente DA et al.,2024	38662846	
377	Pichia pseudocactophila NRRL Y-17239	Picpse_NRRLY17239_1	53658	10168934	4966	N	Y	Y	N		Opulente DA et al.,2024	38662846	
378	Teunomyces gatunensis NRRL Y-48064	Teugat_NRRLY48064_1	392264	10761260	5571	N	Y	Y	N		Opulente DA et al.,2024	38662846	
379	Kodamaea suecica NRRL Y-12943	Kodsue_NRRLY12943_1	45595	14277252	5554	N	Y	Y	N		Opulente DA et al.,2024	38662846	
380	Blastobotrys peoriensis NRRL YB-2290	Blapeo_NRRLYB2290_1	378051	14073952	6077	N	Y	Y	N		Opulente DA et al.,2024	38662846	
381	Metschnikowia vanudenii NRRL Y-17036	Metvan_NRRLY17036_1	299329	20501541	6274	N	Y	Y	N		Opulente DA et al.,2024	38662846	
382	Yarrowia galli CBS 9722	Yargal_CBS9722_1	197054	22682031	6429	N	Y	Y	N		Opulente DA et al.,2024	38662846	
383	Wickerhamomyces silvicola NRRL Y-1678	Wicsil_NRRLY1678_1	36029	10680244	5512	N	Y	Y	N		Opulente DA et al.,2024	38662846	
384	Yamadazyma sp. yHMH685	Yamasp_YHMH685_1	2866369	11300687	5650	N	Y	Y	N		Opulente DA et al.,2024	38662846	
385	Saccharomycopsis babjevae NRRL Y-48737	Sacbab_NRRLY48737_1	369742	14655834	5465	N	Y	Y	N		Opulente DA et al.,2024	38662846	
386	Barnettozyma populi NRRL Y-12728	Barpop_NRRLY12728_1	53645	11406757	5635	N	Y	Y	N		Opulente DA et al.,2024	38662846	
387	Kurtzmaniella natalensis NRRL Y-17680	Kurnat_NRRLY17680_1	45571	15063191	5578	N	Y	Y	N		Opulente DA et al.,2024	38662846	
388	Scheffersomyces parashehatae CBS 12535	Schpar_CBS12535_1	1304135	16700293	6087	N	Y	Y	N		Opulente DA et al.,2024	38662846	
389	Kluyveromyces starmeri yHDO570	Klusta_YHDO570_1	2613904	9533802	4812	N	Y	Y	N		Opulente DA et al.,2024	38662846	
390	Yamadazyma triangularis NRRL Y-5714	Yamtri_NRRLY5714_1	45515	20957609	10843	N	Y	Y	N		Opulente DA et al.,2024	38662846	
391	Ogataea sp. NRRL Y-27166	Ogatsp_NRRLY27166_1	1769361	12516976	5517	N	Y	Y	N		Opulente DA et al.,2024	38662846	
392	Ogataea henricii NRRL YB-2194	Ogahen_NRRLYB2194_1	36024	12486424	5740	N	Y	Y	N		Opulente DA et al.,2024	38662846	
393	Schwanniomyces vanrijiae var. vanrijiae NRRL Y-7535	Schvan_NRRLY7535_1	45614	12809859	5881	N	Y	Y	N		Opulente DA et al.,2024	38662846	
394	Kodamaea restingae NRRL Y-27358	Kodres_NRRLY27358_1	77849	13917409	5354	N	Y	Y	N		Opulente DA et al.,2024	38662846	
395	Schwanniomyces pseudopolymorphus NRRL YB-4229	Schpse_NRRLYB4229_1	27302	11947503	5912	N	Y	Y	N		Opulente DA et al.,2024	38662846	
396	Starmerella vitae CBS 15147	Stavit_CBS15147_1	2596947	8130807	4552	N	Y	Y	N		Opulente DA et al.,2024	38662846	
397	Ogataea pini NRRL Y-11528	Ogapin_NRRLY11528_1	4923	11481452	5599	N	Y	Y	N		Opulente DA et al.,2024	38662846	
398	Suhomyces sp. yHMH580	Suhosp_YHMH580_1	2866358	11913020	5363	N	Y	Y	N		Opulente DA et al.,2024	38662846	
399	Wickerhamiella musiphila CBS 10697	Wicmus_CBS10697_1	487107	9784435	4597	N	Y	Y	N		Opulente DA et al.,2024	38662846	
400	Zygoascus ofunaensis NRRL Y-10998	Zygofu_NRRLY10998_1	45509	13063799	5463	N	Y	Y	N		Opulente DA et al.,2024	38662846	
401	Starmerella apicola NRRL Y-50540	Staapi_NRRLY50540_1	29830	9769876	4699	N	Y	Y	N		Opulente DA et al.,2024	38662846	
402	Wickerhamomyces sydowiorum NRRL Y-7130	Wicsyd_NRRLY7130_1	36031	13776063	6341	N	Y	Y	N		Opulente DA et al.,2024	38662846	
403	Candida blattae NRRL Y-27698	Canbla_NRRLY27698_1	391824	12001633	5699	N	Y	Y	N		Opulente DA et al.,2024	38662846	
404	Ogataea ramenticola NRRL YB-1985	Ogaram_NRRLYB1985_1	104402	12806819	5581	N	Y	Y	N		Opulente DA et al.,2024	38662846	
405	Starmerella stellata NRRL Y-1446	Staste_NRRLY1446_1	45594	9524140	4142	N	Y	Y	N		Opulente DA et al.,2024	38662846	
406	Nematodospora anomalae CBS 13927	Nemano_CBS13927_1	2859415	12690002	5509	N	Y	Y	N		Opulente DA et al.,2024	38662846	
407	Metschnikowia laotica CBS 12961	Metlao_CBS12961_1	2201245	10608873	5537	N	Y	Y	N		Opulente DA et al.,2024	38662846	
408	Priceomyces fermenticarens NRRL Y-17321	Prifer_NRRLY17321_1	45549	11040239	5638	N	Y	Y	N		Opulente DA et al.,2024	38662846	
409	Kodamaea nitidulidarum NRRL Y-27353	Kodnit_NRRLY27353_1	77852	16376511	5543	N	Y	Y	N		Opulente DA et al.,2024	38662846	
410	Zygoascus polysorbophila NRRL Y-27161	Zygpol_NRRLY27161_1	1912490	12296180	5576	N	Y	Y	N		Opulente DA et al.,2024	38662846	
411	Yamadazyma sp. yHKB15	Yamasp_YHKB15_1	2866366	11463773	5791	N	Y	Y	N		Opulente DA et al.,2024	38662846	
412	Hyphopichia gotoi NRRL Y-27225	Hypgot_NRRLY27225_1	87895	13253074	5815	N	Y	Y	N		Opulente DA et al.,2024	38662846	
413	Pichia sp. NRRL Y-27259	Pichsp_NRRLY27259_1	461320	11382380	5355	N	Y	Y	N		Opulente DA et al.,2024	38662846	
414	Lipomyces spencermartinsiae NBRC 10376	Lipspe_NBRC10376_1	56873	17350216	6636	N	Y	Y	N		Opulente DA et al.,2024	38662846	
415	Metschnikowia bicuspidata var. californica NRRL Y-17916	Metbic_NRRLY17916_1	278769	15742049	5016	N	Y	Y	N		Opulente DA et al.,2024	38662846	
416	Candida loeiensis CBS 11899	Canloe_CBS11899_1	931974	14067373	5477	N	Y	Y	N		Opulente DA et al.,2024	38662846	
417	Pichia galeolata yHMH446	Picgal_YHMH446_1	4919	10469187	4934	N	Y	Y	N		Opulente DA et al.,2024	38662846	
418	Lipomyces sp. NRRL Y-11553	Liposp_NRRLY11553_1	2925319	17156266	6806	N	Y	Y	N		Opulente DA et al.,2024	38662846	
419	Kodamaea alishanica CBS 11429	Kodali_CBS11429_1	1072094	11645495	5395	N	Y	Y	N		Opulente DA et al.,2024	38662846	
420	Pichia cephalocereana NRRL Y-17225	Piccep_NRRLY17225_1	53940	10506170	5308	N	Y	Y	N		Opulente DA et al.,2024	38662846	
421	Metschnikowia lunata NRRL Y-7131	Metlun_NRRLY7131_1	27325	16680955	5594	N	Y	Y	N		Opulente DA et al.,2024	38662846	
422	Wickerhamomyces sp. NRRL YB-3031	Wicksp_NRRLYB3031_1	1917781	11796245	5830	N	Y	Y	N		Opulente DA et al.,2024	38662846	
423	Starmerella asiatica CBS 14173	Staasi_CBS14173_1	2860203	10003781	4752	N	Y	Y	N		Opulente DA et al.,2024	38662846	
424	Ogataea nakhonphanomensis CBS 10362	Oganak_CBS10362_1	447321	8765359	5309	N	Y	Y	N		Opulente DA et al.,2024	38662846	
425	Hanseniaspora clermontiae NRRL Y-27515	Hancle_NRRLY27515_1	211099	8711982	4260	N	Y	Y	N		Opulente DA et al.,2024	38662846	
426	Yamadazyma epiphylla CBS 13384	Yamepi_CBS13384_1	1562958	10941601	5596	N	Y	Y	N		Opulente DA et al.,2024	38662846	
427	Suhomyces kilbournensis NRRL Y-17864	Suhkil_NRRLY17864_1	1810333	11828597	5369	N	Y	Y	N		Opulente DA et al.,2024	38662846	
428	Schwanniomyces sp. yHMH407	Schwsp_YHMH407_1	2107974	14119388	5624	N	Y	Y	N		Opulente DA et al.,2024	38662846	
429	Kodamaea plutei NRRL Y-27715	Kodplu_NRRLY27715_1	271264	15675694	5757	N	Y	Y	N		Opulente DA et al.,2024	38662846	
430	Peterozyma toletana NRRL YB-4247	Pettol_NRRLYB4247_1	1196395	13562086	6175	N	Y	Y	N		Opulente DA et al.,2024	38662846	
431	Wickerhamomyces kurtzmanii CBS 15418	Wickur_CBS15418_1	2530061	12011175	6086	N	Y	Y	N		Opulente DA et al.,2024	38662846	
432	Suhomyces maxii NRRL Y-27588	Suhmax_NRRLY27588_1	246000	14593952	5451	N	Y	Y	N		Opulente DA et al.,2024	38662846	
433	Cyberlindnera misumaiensis NRRL Y-17389	Cybmis_NRRLY17389_1	131113	10451755	5643	N	Y	Y	N		Opulente DA et al.,2024	38662846	
434	Wickerhamomyces rabaulensis NRRL Y-7945	Wicrab_NRRLY7945_1	907291	13853702	6501	N	Y	Y	N		Opulente DA et al.,2024	38662846	
435	Tortispora mauiana NRRL Y-48832	Tormau_NRRLY48832_1	1326892	9224008	4837	N	Y	Y	N		Opulente DA et al.,2024	38662846	
436	Candida montana NRRL Y-17326	Canmon_NRRLY17326_1	49329	12494807	5975	N	Y	Y	N		Opulente DA et al.,2024	38662846	
437	Blastobotrys mokoenaii NRRL Y-27120	Blamok_NRRLY27120_1	267478	13689868	5864	N	Y	Y	N		Opulente DA et al.,2024	38662846	
438	Tetrapisispora nanseiensis NRRL Y-27310	Tetnan_NRRLY27310_1	113607	13482527	5293	N	Y	Y	N		Opulente DA et al.,2024	38662846	
439	Starmerella sirachaensis NBRC 108605	Stasir_NBRC108605_1	1217581	9718352	4699	N	Y	Y	N		Opulente DA et al.,2024	38662846	
440	Wickerhamomyces onychis NRRL Y-7123	Wicony_NRRLY7123_1	53641	12347564	5966	N	Y	Y	N		Opulente DA et al.,2024	38662846	
441	Metschnikowia similis NRRL Y-27627	Metsim_NRRLY27627_1	473037	16751495	5892	N	Y	Y	N		Opulente DA et al.,2024	38662846	
442	Wickerhamomyces chaumierensis CBS 8565	Wiccha_CBS8565_1	1041606	13480280	5663	N	Y	Y	N		Opulente DA et al.,2024	38662846	
443	Wickerhamomyces hampshirensis NRRL YB-4128	Wicham_NRRLYB4128_1	1041608	11675338	5829	N	Y	Y	N		Opulente DA et al.,2024	38662846	
444	Zygoascus flipseniorum CBS 14876	Zygfli_CBS14876_1	2860363	11291192	5516	N	Y	Y	N		Opulente DA et al.,2024	38662846	
445	Metschnikowia bicuspidata var. chathamia NRRL Y-17917	Metbic_NRRLY17917_1	278771	15550654	5202	N	Y	Y	N		Opulente DA et al.,2024	38662846	
446	Sugiyamaella pinicola NRRL YB-2263	Sugpin_NRRLYB2263_1	378059	14930219	6067	N	Y	Y	N		Opulente DA et al.,2024	38662846	
447	Blastobotrys muscicola NRRL Y-7993	Blamus_NRRLY7993_1	378046	14617896	6347	N	Y	Y	N		Opulente DA et al.,2024	38662846	
448	Yarrowia deformans NRRL Y-321	Yardef_NRRLY321_1	1608523	20749733	6296	N	Y	Y	N		Opulente DA et al.,2024	38662846	
449	Lipomyces yarrowii CBS 7557	Lipyar_CBS7557_1	1125752	15644097	7153	N	Y	Y	N		Opulente DA et al.,2024	38662846	
450	Trigonopsis variabilis NRRL Y-1579	Trivar_NRRLY1579_1	34364	11400685	5202	N	Y	Y	N		Opulente DA et al.,2024	38662846	
451	Starmerella khaoyaiensis NBRC 104213	Stakha_NBRC104213_1	1540079	8623740	4644	N	Y	Y	N		Opulente DA et al.,2024	38662846	
452	Suhomyces ambrosiae NRRL YB-1316	Suhamb_NRRLYB1316_1	147332	13408147	5529	N	Y	Y	N		Opulente DA et al.,2024	38662846	
453	Kazachstania aerobia NRRL Y-27976	Kazaer_NRRLY27976_1	271218	12055073	5223	N	Y	Y	N		Opulente DA et al.,2024	38662846	
454	Spencermartinsiella ligniputridi NRRL Y-48818	Spelig_NRRLY48818_1	1042852	13907918	6293	N	Y	Y	N		Opulente DA et al.,2024	38662846	
455	Eremothecium coryli CBS 5749	Erecor_CBS5749_1	1429780	9094934	4538	N	Y	Y	N		Opulente DA et al.,2024	38662846	
456	Wickerhamomyces tratensis CBS 12176	Wictra_CBS12176_1	942860	12263439	5916	N	Y	Y	N		Opulente DA et al.,2024	38662846	
457	Phaffomyces antillensis NRRL Y-12881	Phaant_NRRLY12881_1	54045	11905687	5651	N	Y	Y	N		Opulente DA et al.,2024	38662846	
458	Sugiyamaella grinbergsii NRRL Y-27117	Suggri_NRRLY27117_1	378058	14300387	5749	N	Y	Y	N		Opulente DA et al.,2024	38662846	
459	Groenewaldozyma salmanticensis NRRL Y-17090	Grosal_NRRLY17090_1	49332	12266221	5639	N	Y	Y	N		Opulente DA et al.,2024	38662846	
460	Wickerhamomyces sp. yHQL14	Wicksp_YHQL14_1	2866365	20424330	9710	N	Y	Y	N		Opulente DA et al.,2024	38662846	
461	Sugiyamaella valdiviana NRRL Y-7791	Sugval_NRRLY7791_1	45601	12766864	5737	N	Y	Y	N		Opulente DA et al.,2024	38662846	
462	Alloascoidea hylecoeti JCM 7604	Allhyl_JCM7604_1	54196	24768155	8090	N	Y	Y	N		Opulente DA et al.,2024	38662846	
463	Ambrosiozyma pseudovanderkliftii NRRL Y-63632	Ambpse_NRRLY63632_1	489716	14376159	5803	N	Y	Y	N		Opulente DA et al.,2024	38662846	
464	Starmera sp. NRRL Y-17713	Starsp_NRRLY17713_1	2065421	10346074	5192	N	Y	Y	N		Opulente DA et al.,2024	38662846	
465	Wickerhamiella kurtzmanii CBS 15383	Wickur_CBS15383_1	2174988	10254693	4952	N	Y	Y	N		Opulente DA et al.,2024	38662846	
466	Millerozyma miso CBS 2004	Milmis_CBS2004_1	860157	10664961	5275	N	Y	Y	N		Opulente DA et al.,2024	38662846	
467	Clavispora fructus NRRL Y-17072	Clafru_NRRLY17072_1	46582	11424057	5186	N	Y	Y	N		Opulente DA et al.,2024	38662846	
468	Kazachstania intestinalis NRRL Y-48847	Kazint_NRRLY48847_1	935788	9873281	4995	N	Y	Y	N		Opulente DA et al.,2024	38662846	
469	Ogataea methylovora NRRL Y-11996	Ogamet_NRRLY11996_1	53649	11961648	5683	N	Y	Y	N		Opulente DA et al.,2024	38662846	
470	Tetrapisispora taiwanensis CBS 10586	Tettai_CBS10586_1	1321243	12640076	5267	N	Y	Y	N		Opulente DA et al.,2024	38662846	
471	Suhomyces terraborum NRRL Y-27573	Suhter_NRRLY27573_1	246071	14610467	5363	N	Y	Y	N		Opulente DA et al.,2024	38662846	
472	Metschnikowia saccharicola CBS 12575	Metsac_CBS12575_1	1217583	12154026	5196	N	Y	Y	N		Opulente DA et al.,2024	38662846	
473	Vanderwaltozyma tropicalis CBS 11575	Vantro_CBS11575_1	907290	11220589	5415	N	Y	Y	N		Opulente DA et al.,2024	38662846	
474	Kazachstania kunashirensis NRRL Y-27209	Kazkun_NRRLY27209_1	488016	10924509	5429	N	Y	Y	N		Opulente DA et al.,2024	38662846	
475	Grigorovia yakushimaensis NRRL Y-48837	Griyak_NRRLY48837_1	432099	12820825	5474	N	Y	Y	N		Opulente DA et al.,2024	38662846	
476	Tortispora agaves NRRL Y-63662	Toraga_NRRLY63662_1	1326894	9032696	5057	N	Y	Y	N		Opulente DA et al.,2024	38662846	
477	Nakaseomyces uthaithaninus CBS 10932	Nakuth_CBS10932_1	1040648	12455243	5162	N	Y	Y	N		Opulente DA et al.,2024	38662846	
478	Metschnikowia henanensis CBS 12677	Methen_CBS12677_1	2201244	20696380	7989	N	Y	Y	N		Opulente DA et al.,2024	38662846	
479	Tetrapisispora fleetii NRRL Y-27350	Tetfle_NRRLY27350_1	300277	12022763	5161	N	Y	Y	N		Opulente DA et al.,2024	38662846	
480	Metschnikowia colocasiae NRRL Y-27629	Metcol_NRRLY27629_1	473035	14475880	5419	N	Y	Y	N		Opulente DA et al.,2024	38662846	
481	Ogataea thermomethanolica NRRL Y-27981	Ogathe_NRRLY27981_1	310468	8795105	5300	N	Y	Y	N		Opulente DA et al.,2024	38662846	
482	Yarrowia phangngaensis NRRL Y- 63743	Yarpha_NRRLY63743_1	444778	16254334	5775	N	Y	Y	N		Opulente DA et al.,2024	38662846	
483	Schwanniomyces polymorphus var. africanus CBS 6741	Schpol_CBS6741_1	150398	13042132	6248	N	Y	Y	N		Opulente DA et al.,2024	38662846	
484	Kodamaea sp. yHQL449	Kodasp_YHQL449_1	2866343	10789966	4992	N	Y	Y	N		Opulente DA et al.,2024	38662846	
485	Pichia sp. NRRL Y-12827	Pichsp_NRRLY12827_1	461319	10741646	5033	N	Y	Y	N		Opulente DA et al.,2024	38662846	
486	Hyphopichia rhagii NRRL Y-2594	Hyprha_NRRLY2594_1	2879429	12356188	5691	N	Y	Y	N		Opulente DA et al.,2024	38662846	
487	Cyberlindnera mrakii NRRL Y-1364	Cybmra_NRRLY1364_1	1004253	12654590	5900	N	Y	Y	N		Opulente DA et al.,2024	38662846	
488	Metschnikowia hawaiiensis NRRL Y-17272	Methaw_NRRLY17272_1	27323	17646873	6284	N	Y	Y	N		Opulente DA et al.,2024	38662846	
489	Kodamaea kakaduensis CBS 8611	Kodkak_CBS8611_1	85574	16033153	5632	N	Y	Y	N		Opulente DA et al.,2024	38662846	
490	Teunomyces pallodes NRRL Y-27653	Teupal_NRRLY27653_1	348313	10918432	5677	N	Y	Y	N		Opulente DA et al.,2024	38662846	
491	Myxozyma nipponensis NRRL Y-27625	Myxnip_NRRLY27625_1	383839	13022295	5714	N	Y	Y	N		Opulente DA et al.,2024	38662846	
492	Wickerhamiella shivajii CBS 15893	Wicshi_CBS15893_1	2546340	9064580	5045	N	Y	Y	N		Opulente DA et al.,2024	38662846	
493	Kazachstania bromeliacearum NRRL Y-48836	Kazbro_NRRLY48836_1	1006466	11245316	5567	N	Y	Y	N		Opulente DA et al.,2024	38662846	
494	Ambrosiozyma oregonensis NRRL Y-6106	Ambore_NRRLY6106_1	1382206	15105729	6336	N	Y	Y	N		Opulente DA et al.,2024	38662846	
495	Nadsonia commutata NRRL Y-7950	Nadcom_NRRLY7950_1	53686	13607813	5682	N	Y	Y	N		Opulente DA et al.,2024	38662846	
496	Candida santamariae NRRL Y-6656	Cansan_NRRLY6656_1	45585	14277863	5761	N	Y	Y	N		Opulente DA et al.,2024	38662846	
497	Dipodascus siamensis CBS 10929	Dipsia_CBS10929_1	2862415	19497150	6956	N	Y	Y	N		Opulente DA et al.,2024	38662846	
498	Dipodascus aggregatus NRRL Y-17564	Dipagg_NRRLY17564_1	44075	21922039	7487	N	Y	Y	N		Opulente DA et al.,2024	38662846	
499	Candida sp. yHKB357	Candsp_YHKB357_1	1853550	15624030	6257	N	Y	Y	N		Opulente DA et al.,2024	38662846	
500	Candida labiduridarum NRRL Y-27940	Canlab_NRRLY27940_1	434042	14790521	6212	N	Y	Y	N		Opulente DA et al.,2024	38662846	
501	Diutina rugosa NRRL Y-1496	Diurug_NRRLY1496_1	5481	13398860	5770	N	Y	Y	N		Opulente DA et al.,2024	38662846	
502	Candida oxycetoniae CBS 10844	Canoxy_CBS10844_1	497107	13445756	5326	N	Y	Y	N		Opulente DA et al.,2024	38662846	
503	Citeromyces nyonsensis CBS 12700	Citnyo_CBS12700_1	1306350	17626021	5992	N	Y	Y	N		Opulente DA et al.,2024	38662846	
504	Grigorovia jiainica NRRL Y-48843	Grijia_NRRLY48843_1	1734212	14480493	5981	N	Y	Y	N		Opulente DA et al.,2024	38662846	
505	Kazachstania psychrophila CBS 12689	Kazpsy_CBS12689_1	1337065	10504717	5239	N	Y	Y	N		Opulente DA et al.,2024	38662846	
506	Kazachstania sinensis NRRL Y-27222	Kazsin_NRRLY27222_1	588727	11766821	5526	N	Y	Y	N		Opulente DA et al.,2024	38662846	
507	Diutina siamensis CBS 13388	Diusia_CBS13388_1	1343870	12136313	5579	N	Y	Y	N		Opulente DA et al.,2024	38662846	
508	Candida pseudolambica NRRL Y-17318	Canpse_NRRLY17318_1	52248	11807158	5924	N	Y	Y	N		Opulente DA et al.,2024	38662846	
509	Candida taylorii NRRL Y-27213	Cantay_NRRLY27213_1	592007	12125845	5659	N	Y	Y	N		Opulente DA et al.,2024	38662846	
510	Candida thaimueangensis NBRC 101967	Cantha_NBRC101967_1	392265	12725113	5478	N	Y	Y	N		Opulente DA et al.,2024	38662846	
511	Cyberlindnera sp. NRRL Y-7615	Cybesp_NRRLY7615_1	1911688	13691214	6486	N	Y	Y	N		Opulente DA et al.,2024	38662846	
512	Dipodascus macrosporus NRRL Y-17586	Dipmac_NRRLY17586_1	44076	22666533	7876	N	Y	Y	N		Opulente DA et al.,2024	38662846	
513	Candida subhashii CBS 10753	Cansub_CBS10753_1	561895	15283046	6193	N	Y	Y	N		Opulente DA et al.,2024	38662846	
514	Candida haemuli NRRL Y-6693	Canhae_NRRLY6693_1	45357	13312851	5571	N	Y	Y	N		Opulente DA et al.,2024	38662846	
515	Dipodascus ghanensis CBS 11010	Dipgha_CBS11010_1	2862414	20078878	6820	N	Y	Y	N		Opulente DA et al.,2024	38662846	
516	Candida pseudoflosculorum CBS 8584	Canpse_CBS8584_1	1041604	12352847	5638	N	Y	Y	N		Opulente DA et al.,2024	38662846	
517	Candida middelhoveniana CBS 12306	Canmid_CBS12306_1	657155	12833582	5539	N	Y	Y	N		Opulente DA et al.,2024	38662846	
518	Cyberlindnera amylophila NRRL YB-1287	Cybamy_NRRLYB1287_1	53489	12359491	6118	N	Y	Y	N		Opulente DA et al.,2024	38662846	
519	Candida maesae CBS 12240	Canmae_CBS12240_1	1198496	12714072	5998	N	Y	Y	N		Opulente DA et al.,2024	38662846	
520	Candida phyllophila CBS 12671	Canphy_CBS12671_1	1212665	11759363	5268	N	Y	Y	N		Opulente DA et al.,2024	38662846	
521	Candida ovalis NRRL Y-17662	Canova_NRRLY17662_1	51933	15332222	5917	N	Y	Y	N		Opulente DA et al.,2024	38662846	
522	Diutina ranongensis CBS 10861	Diuran_CBS10861_1	456251	11834169	5664	N	Y	Y	N		Opulente DA et al.,2024	38662846	
523	Cyberlindnera nakhonratchasimensis JCM 12474	Cybnak_JCM12474_1	2879425	11698706	5670	N	Y	Y	N		Opulente DA et al.,2024	38662846	
524	Candida sequanensis NRRL Y-17682	Canseq_NRRLY17682_1	45588	15240180	5930	N	Y	Y	N		Opulente DA et al.,2024	38662846	
525	Kazachstania hellenica NRRL Y-48844	Kazhel_NRRLY48844_1	473794	11951485	5193	N	Y	Y	N		Opulente DA et al.,2024	38662846	
526	Candida picinguabensis NRRL Y-27814	Canpic_NRRLY27814_1	291308	11997250	5159	N	Y	Y	N		Opulente DA et al.,2024	38662846	
527	Candida lessepsii NRRL Y-27766	Canles_NRRLY27766_1	297795	11445546	5691	N	Y	Y	N		Opulente DA et al.,2024	38662846	
528	Candida railenensis NRRL Y-17762	Canrai_NRRLY17762_1	45579	13812887	5810	N	Y	Y	N		Opulente DA et al.,2024	38662846	
529	Candida michaelii NRRL Y-27705	Canmic_NRRLY27705_1	271314	11395217	5753	N	Y	Y	N		Opulente DA et al.,2024	38662846	
530	Candida quercuum NRRL Y-12942	Canque_NRRLY12942_1	51924	13130071	6044	N	Y	Y	N		Opulente DA et al.,2024	38662846	
531	Candida viswanathii NRRL Y-6660	Canvis_NRRLY6660_1	5486	14302427	6366	N	Y	Y	N		Opulente DA et al.,2024	38662846	
532	Hyphopichia khmerensis CBS 9784	Hypkhm_CBS9784_1	2697237	13329260	5790	N	Y	Y	N		Opulente DA et al.,2024	38662846	
533	Candida suratensis CBS 10928	Cansur_CBS10928_1	644823	13761673	6008	N	Y	Y	N		Opulente DA et al.,2024	38662846	
534	Dipodascus fermentans NRRL Y-1492	Dipfer_NRRLY1492_1	44066	24721105	7808	N	Y	Y	N		Opulente DA et al.,2024	38662846	
535	Candida insectalens NRRL Y-7778	Canins_NRRLY7778_1	49328	9248345	5257	N	Y	Y	N		Opulente DA et al.,2024	38662846	
536	Candida tibetensis CBS 10298	Cantib_CBS10298_1	356546	11830878	5385	N	Y	Y	N		Opulente DA et al.,2024	38662846	
537	Candida pini NRRL Y-2023	Canpin_NRRLY2023_1	51934	11653359	5536	N	Y	Y	N		Opulente DA et al.,2024	38662846	
538	Kazachstania aquatica NRRL Y-27993	Kazaqu_NRRLY27993_1	311204	12938935	5535	N	Y	Y	N		Opulente DA et al.,2024	38662846	
539	Candida kanchanaburiensis NBRC 104475	Cankan_NBRC104475_1	512061	12613882	6120	N	Y	Y	N		Opulente DA et al.,2024	38662846	
540	Hyphopichia fennica NRRL Y-7505	Hypfen_NRRLY7505_1	45548	13958856	5855	N	Y	Y	N		Opulente DA et al.,2024	38662846	
541	Diddensiella santjacobensis NRRL Y-17667	Didsan_NRRLY17667_1	2704139	12501943	6327	N	Y	Y	N		Opulente DA et al.,2024	38662846	
542	Clavispora reshetovae CBS 11556	Clares_CBS11556_1	657494	13477274	6098	N	Y	Y	N		Opulente DA et al.,2024	38662846	
543	Candida inulinophila CBS 11725	Caninu_CBS11725_1	744973	13304897	5456	N	Y	Y	N		Opulente DA et al.,2024	38662846	
544	Candida lyxosophila NRRL Y-17539	Canlyx_NRRLY17539_1	45565	14179636	6147	N	Y	Y	N		Opulente DA et al.,2024	38662846	
545	Kazachstania ichnusensis yHDO566	Kazich_YHDO566_1	933119	10117544	5028	N	Y	Y	N		Opulente DA et al.,2024	38662846	
546	Candida silvanorum NRRL Y-7782	Cansil_NRRLY7782_1	52252	11457544	5754	N	Y	Y	N		Opulente DA et al.,2024	38662846	
547	Kazachstania sp. UFMG-CM-Y273	Kazasp_UFMGCMY273_1	1392788	13235941	5483	N	Y	Y	N		Opulente DA et al.,2024	38662846	
548	Candida khao-thaluensis CBS 8535	Cankha_CBS8535_1	1041610	11502113	6121	N	Y	Y	N		Opulente DA et al.,2024	38662846	
549	Candida norvegica NRRL Y-17660	Cannor_NRRLY17660_1	49330	11475802	5550	N	Y	Y	N		Opulente DA et al.,2024	38662846	
550	Candida sanyaensis CBS 12637	Cansan_CBS12637_1	1176388	18605978	7998	N	Y	Y	N		Opulente DA et al.,2024	38662846	
551	Candida tanticharoeniae CBS 11574	Cantan_CBS11574_1	1215685	12226715	5461	N	Y	Y	N		Opulente DA et al.,2024	38662846	
552	Candida kutaoensis CBS 11388	Cankut_CBS11388_1	1142140	9654297	5051	N	Y	Y	N		Opulente DA et al.,2024	38662846	
553	Candida touchengensis CBS 10585	Cantou_CBS10585_1	432114	12021904	5105	N	Y	Y	N		Opulente DA et al.,2024	38662846	
554	Dipodascus carabidarus NRRL Y-27727	Dipcar_NRRLY27727_1	2704157	21152958	7631	N	Y	Y	N		Opulente DA et al.,2024	38662846	
555	Hyphopichia pseudoburtonii CBS 2455	Hyppse_CBS2455_1	717741	15254867	5863	N	Y	Y	N		Opulente DA et al.,2024	38662846	
556	Candida sorboxylosa NRRL Y-17669	Cansor_NRRLY17669_1	49334	10492989	4990	N	Y	Y	N		Opulente DA et al.,2024	38662846	
557	Kazachstania yasuniensis CBS 13946	Kazyas_CBS13946_1	1468137	12450517	5441	N	Y	Y	N		Opulente DA et al.,2024	38662846	
558	Galactomyces reessii NRRL Y-17566	Galree_NRRLY17566_1	43985	23081134	6734	N	Y	Y	N		Opulente DA et al.,2024	38662846	
559	Geotrichum europaeum CBS 866.68	Geoeur_CBS86668_1	1149710	23117832	6995	N	Y	Y	N		Opulente DA et al.,2024	38662846	
560	Candida odintsovae NRRL Y-17760	Canodi_NRRLY17760_1	51922	12413608	5882	N	Y	Y	N		Opulente DA et al.,2024	38662846	
561	Diutina catenulata NRRL Y-1508	Diucat_NRRLY1508_1	45537	13842442	5835	N	Y	Y	N		Opulente DA et al.,2024	38662846	
562	Kazachstania humilis NRRL Y-7245	Kazhum_NRRLY7245_1	51915	14278951	6328	N	Y	Y	N		Opulente DA et al.,2024	38662846	
563	Candida maris NRRL Y-6696	Canmar_NRRLY6696_1	50260	11167084	5495	N	Y	Y	N		Opulente DA et al.,2024	38662846	
564	Candida taoyuanica CBS 12242	Cantao_CBS12242_1	1198499	11419985	5672	N	Y	Y	N		Opulente DA et al.,2024	38662846	
565	Cyberlindnera japonica NRRL YB-2750	Cybjap_NRRLYB2750_1	53492	11776594	5770	N	Y	Y	N		Opulente DA et al.,2024	38662846	
566	Kazachstania bulderi NRRL Y-27203	Kazbul_NRRLY27203_1	112263	15207273	6094	N	Y	Y	N		Opulente DA et al.,2024	38662846	
567	Candida palmioleophila NRRL Y-17323	Canpal_NRRLY17323_1	45574	12867372	5597	N	Y	Y	N		Opulente DA et al.,2024	38662846	
568	Candida nitratophila NRRL YB-3654	Cannit_NRRLYB3654_1	5495	13145376	5701	N	Y	Y	N		Opulente DA et al.,2024	38662846	
569	Candida krabiensis NRRL Y-27965	Cankra_NRRLY27965_1	246386	13414670	6014	N	Y	Y	N		Opulente DA et al.,2024	38662846	
570	Candida suthepensis CBS 12270	Cansut_CBS12270_1	795803	11861549	5783	N	Y	Y	N		Opulente DA et al.,2024	38662846	
571	Candida jaroonii NBRC 103209	Canjar_NBRC103209_1	467808	10970197	5820	N	Y	Y	N		Opulente DA et al.,2024	38662846	
572	Cyberlindnera euphorbiiphila NRRL Y-12742	Cybeup_NRRLY12742_1	53491	12671290	5995	N	Y	Y	N		Opulente DA et al.,2024	38662846	
573	Cyberlindnera sp. NRRL Y-27103	Cybesp_NRRLY27103_1	1911688	10216753	5578	N	Y	Y	N		Opulente DA et al.,2024	38662846	
574	Candida neerlandica NRRL Y-27057	Cannee_NRRLY27057_1	148634	14644012	6104	N	Y	Y	N		Opulente DA et al.,2024	38662846	
575	Candida nongkhaiensis CBS 11724	Cannon_CBS11724_1	374343	12680106	5316	N	Y	Y	N		Opulente DA et al.,2024	38662846	
576	Candida glucosophila NRRL Y-17219	Canglu_NRRLY17219_1	45606	19843280	10227	N	Y	Y	N		Opulente DA et al.,2024	38662846	
577	Candida spandovensis NRRL Y-17761	Canspa_NRRLY17761_1	49335	10181494	5129	N	Y	Y	N		Opulente DA et al.,2024	38662846	
578	Candida manassasensis CBS 12534	Canman_CBS12534_1	1072101	12375567	5307	N	Y	Y	N		Opulente DA et al.,2024	38662846	
579	Kazachstania saulgeensis CBS 14374	Kazsau_CBS14374_1	1789683	13045997	5371	N	Y	Y	N		Opulente DA et al.,2024	38662846	
580	Kazachstania pseudohumilis CBS 11404	Kazpse_CBS11404_1	640839	13807714	5734	N	Y	Y	N		Opulente DA et al.,2024	38662846	
581	Cyberlindnera mississippiensis NRRL YB-1294	Cybmis_NRRLYB1294_1	53607	12100408	5894	N	Y	Y	N		Opulente DA et al.,2024	38662846	
582	Hanseniaspora lindneri NRRL Y-17531	Hanlin_NRRLY17531_1	56411	10913158	4271	N	Y	Y	N		Opulente DA et al.,2024	38662846	
583	Candida hungchunana CBS 12243	Canhun_CBS12243_1	1198500	11446161	5904	N	Y	Y	N		Opulente DA et al.,2024	38662846	
584	Hanseniaspora singularis NRRL Y-63757	Hansin_NRRLY63757_1	572238	8883820	4217	N	Y	Y	N		Opulente DA et al.,2024	38662846	
585	Hyphopichia pseudorhagii NRRL YB-2076	Hyppse_NRRLYB2076_1	312228	12489910	5758	N	Y	Y	N		Opulente DA et al.,2024	38662846	
586	Groenewaldozyma tartarivorans NRRL Y-27291	Grotar_NRRLY27291_1	98667	12828281	5844	N	Y	Y	N		Opulente DA et al.,2024	38662846	
587	Candida pseudojiufengensis CBS 10847	Canpse_CBS10847_1	497109	14074882	5679	N	Y	Y	N		Opulente DA et al.,2024	38662846	
588	Candida nemodendra NRRL Y-7779	Cannem_NRRLY7779_1	51932	12128177	5728	N	Y	Y	N		Opulente DA et al.,2024	38662846	
589	Candida ruelliae NRRL Y-48703	Canrue_NRRLY48703_1	1276169	13466782	5455	N	Y	Y	N		Opulente DA et al.,2024	38662846	
590	Candida saopauloensis NRRL Y-27815	Cansao_NRRLY27815_1	291208	12020785	5160	N	Y	Y	N		Opulente DA et al.,2024	38662846	
591	Cyberlindnera rhodanensis NRRL Y-7854	Cybrho_NRRLY7854_1	53495	13910146	6696	N	Y	Y	N		Opulente DA et al.,2024	38662846	
592	Cyberlindnera lachancei NRRL Y-27008	Cyblac_NRRLY27008_1	65818	14696561	6252	N	Y	Y	N		Opulente DA et al.,2024	38662846	
593	Candida ulmi NRRL YB-2694	Canulm_NRRLYB2694_1	130815	13120769	5963	N	Y	Y	N		Opulente DA et al.,2024	38662846	
594	Candida nonsorbophila CBS 10862	Cannon_CBS10862_1	456248	10277644	5583	N	Y	Y	N		Opulente DA et al.,2024	38662846	
595	Candida suzukii NRRL Y-27593	Cansuz_NRRLY27593_1	155889	12770759	5807	N	Y	Y	N		Opulente DA et al.,2024	38662846	
596	Candida smagusa CBS 11430	Cansma_CBS11430_1	1072099	13008050	6170	N	Y	Y	N		Opulente DA et al.,2024	38662846	
597	Debaryomyces coudertii NRRL Y-7425	Debcou_NRRLY7425_1	27296	11263964	5544	N	Y	Y	N		Opulente DA et al.,2024	38662846	
598	Dipodascus histeridarus NRRL Y-27729	Diphis_NRRLY27729_1	2704159	21370184	7507	N	Y	Y	N		Opulente DA et al.,2024	38662846	
599	Cyberlindnera samutprakarnensis CBS 12528	Cybsam_CBS12528_1	1241557	12594174	5763	N	Y	Y	N		Opulente DA et al.,2024	38662846	
600	Candida lundiana CBS 12271	Canlun_CBS12271_1	795804	12314374	6292	N	Y	Y	N		Opulente DA et al.,2024	38662846	
601	Candida verbasci CBS 12699	Canver_CBS12699_1	1227364	12073350	5589	N	Y	Y	N		Opulente DA et al.,2024	38662846	
602	Candida tolerans CBS 8613	Cantol_CBS8613_1	85573	12803081	5332	N	Y	Y	N		Opulente DA et al.,2024	38662846	
603	Candida sphagnicola CBS 11774	Cansph_CBS11774_1	766783	12854642	5622	N	Y	Y	N		Opulente DA et al.,2024	38662846	
604	Geotrichum citri-aurantii CBS 176.89	Geocit_CBS17689_1	58640	25817979	6863	N	Y	Y	N		Opulente DA et al.,2024	38662846	
605	Candida pseudointermedia NRRL Y-10939	Canpse_NRRLY10939_1	46585	13086122	5745	N	Y	Y	N		Opulente DA et al.,2024	38662846	
606	Candida succiphila NRRL Y-11998	Cansuc_NRRLY11998_1	51927	12131964	5384	N	Y	Y	N		Opulente DA et al.,2024	38662846	
607	Candida namnaoensis CBS 12175	Cannam_CBS12175_1	942861	14509930	6436	N	Y	Y	N		Opulente DA et al.,2024	38662846	
608	Candida rhizophorensis NRRL Y-48382	Canrhi_NRRLY48382_1	746466	11725006	5554	N	Y	Y	N		Opulente DA et al.,2024	38662846	
609	Candida peoriensis NRRL YB-1497	Canpeo_NRRLYB1497_1	135455	13477378	5893	N	Y	Y	N		Opulente DA et al.,2024	38662846	
610	Hanseniaspora taiwanica yHDO590	Hantai_YHDO590_1	1443073	10026207	4737	N	Y	Y	N		Opulente DA et al.,2024	38662846	
611	Candida sakaeoensis CBS 12318	Cansak_CBS12318_1	1217582	12025385	5556	N	Y	Y	N		Opulente DA et al.,2024	38662846	
612	Candida nanaspora NRRL Y-17679	Cannan_NRRLY17679_1	51921	12801633	5656	N	Y	Y	N		Opulente DA et al.,2024	38662846	
613	Groenewaldozyma auringiensis NRRL Y-17674	Groaur_NRRLY17674_1	49321	12005205	5493	N	Y	Y	N		Opulente DA et al.,2024	38662846	
614	Kazachstania barnettii NRRL Y-27223	Kazbar_NRRLY27223_1	61262	12742564	5334	N	Y	Y	N		Opulente DA et al.,2024	38662846	
615	Crinitomyces ghanaensis NRRL YB-1486	Crigha_NRRLYB1486_1	135453	12483637	5715	N	Y	Y	N		Opulente DA et al.,2024	38662846	
616	Candida zeylanoides NRRL Y-1774	Canzey_NRRLY1774_1	5493	10580642	5392	N	Y	Y	N		Opulente DA et al.,2024	38662846	
617	Kazachstania humilis NRRL Y-17074	Kazhum_NRRLY17074_1	51915	13252727	5495	N	Y	Y	N		Opulente DA et al.,2024	38662846	
618	Candida takata CBS 12244	Cantak_CBS12244_1	1198497	11632533	5589	N	Y	Y	N		Opulente DA et al.,2024	38662846	
619	Hyphopichia buzzinii CBS 14300	Hypbuz_CBS14300_1	1979430	12729600	5811	N	Y	Y	N		Opulente DA et al.,2024	38662846	
620	Candida phayaonensis NBRC 108868	Canpha_NBRC108868_1	1258690	10913123	5111	N	Y	Y	N		Opulente DA et al.,2024	38662846	
621	Kazachstania lodderae NRRL Y-8280	Kazlod_NRRLY8280_1	1089531	12093455	5510	N	Y	Y	N		Opulente DA et al.,2024	38662846	
622	Candida rishiriensis NBRC 105027	Canris_NBRC105027_1	664898	14167171	5657	N	Y	Y	N		Opulente DA et al.,2024	38662846	
623	Candida pseudofarinosa NCYC 386	Canpse_NCYC386_1	676211	10827014	5316	N	Y	Y	N		Opulente DA et al.,2024	38662846	
624	Kazachstania pintolopesii NRRL Y-27500	Kazpin_NRRLY27500_1	278025	13568347	5130	N	Y	Y	N		Opulente DA et al.,2024	38662846	
625	Candida pseudoaaseri CBS 11170	Canpse_CBS11170_1	1094757	10005291	5673	N	Y	Y	N		Opulente DA et al.,2024	38662846	
626	Candida savonica NRRL Y-17077	Cansav_NRRLY17077_1	49333	12637584	5547	N	Y	Y	N		Opulente DA et al.,2024	38662846	
627	Cyberlindnera bimundalis NRRL Y-5343	Cybbim_NRRLY5343_1	36017	12121557	5902	N	Y	Y	N		Opulente DA et al.,2024	38662846	
628	Geotrichum candidum CBS 178.71	Geocan_CBS17871_1	1173061	34096894	9484	N	Y	Y	N		Opulente DA et al.,2024	38662846	
629	Kazachstania bovina NRRL Y-7283	Kazbov_NRRLY7283_1	278024	14177617	5224	N	Y	Y	N		Opulente DA et al.,2024	38662846	
630	Cyberlindnera euphorbiae NRRL Y-17232	Cybeup_NRRLY17232_1	53490	12381818	5974	N	Y	Y	N		Opulente DA et al.,2024	38662846	
631	Hagleromyces aurorensis yHDO579	Hagaur_YHDO579_1	1460239	11829479	4912	N	Y	Y	N		Opulente DA et al.,2024	38662846	
632	Candida piceae NRRL YB-2107	Canpic_NRRLYB2107_1	96497	13482836	5708	N	Y	Y	N		Opulente DA et al.,2024	38662846	
633	Hanseniaspora mollemarum CBS 15034	Hanmol_CBS15034_1	2268990	8960409	4165	N	Y	Y	N		Opulente DA et al.,2024	38662846	
634	Candida pseudoviswanathii CBS 13916	Canpse_CBS13916_1	2861751	13683097	6178	N	Y	Y	N		Opulente DA et al.,2024	38662846	
635	Candida xiaguanensis CBS 13923	Canxia_CBS13923_1	1586249	12536380	5839	N	Y	Y	N		Opulente DA et al.,2024	38662846	
636	Kazachstania jinghongensis CBS 15232	Kazjin_CBS15232_1	2862417	11597429	5416	N	Y	Y	N		Opulente DA et al.,2024	38662846	
637	Dipodascopsis anomala yHDO599	Dipano_YHDO599_1	1337061	17564605	6549	N	Y	Y	N		Opulente DA et al.,2024	38662846	
638	Candida vulturna CBS 14366	Canvul_CBS14366_1	2093215	12642490	5528	N	Y	Y	N		Opulente DA et al.,2024	38662846	
639	Candida pignaliae NRRL Y-17664	Canpig_NRRLY17664_1	51923	14618214	5696	N	Y	Y	N		Opulente DA et al.,2024	38662846	
640	Hemisphaericaspora nanyangensis CBS 13020	Hemnan_CBS13020_1	1435455	14925434	5844	N	Y	Y	N		Opulente DA et al.,2024	38662846	
641	Debaryomyces udenii NRRL Y-17354	Debude_NRRLY17354_1	28551	11081230	5614	N	Y	Y	N		Opulente DA et al.,2024	38662846	
642	Candida saitoana NRRL Y-17316	Cansai_NRRLY17316_1	45582	13198037	6238	N	Y	Y	N		Opulente DA et al.,2024	38662846	
643	Diutina scorzettiae NRRL Y-27665	Diusco_NRRLY27665_1	399469	11930413	5504	N	Y	Y	N		Opulente DA et al.,2024	38662846	
644	Candida hispaniensis NRRL Y-5580	Canhis_NRRLY5580_1	312227	10769362	5308	N	Y	Y	N		Opulente DA et al.,2024	38662846	
645	Candida tsuchiyae NRRL Y-17840	Cantsu_NRRLY17840_1	46168	12514726	5381	N	Y	Y	N		Opulente DA et al.,2024	38662846	
646	Candida solani NRRL Y-2224	Cansol_NRRLY2224_1	51925	15715800	9758	N	Y	Y	N		Opulente DA et al.,2024	38662846	
647	Candida inconspicua NRRL Y-2029	Caninc_NRRLY2029_1	52247	16919076	10026	N	Y	Y	N		Opulente DA et al.,2024	38662846	
648	Candida jiufengensis CBS 10846	Canjiu_CBS10846_1	497108	13679102	5683	N	Y	Y	N		Opulente DA et al.,2024	38662846	
649	Candida morakotiae NRRL Y-48708	Canmor_NRRLY48708_1	560359	12058776	5806	N	Y	Y	N		Opulente DA et al.,2024	38662846	
650	Candida silvicultrix NRRL Y-7789	Cansil_NRRLY7789_1	51917	12916296	5849	N	Y	Y	N		Opulente DA et al.,2024	38662846	
651	Hanseniaspora pseudoguilliermondii CBS 8772	Hanpse_CBS8772_1	332229	8795275	4228	N	Y	Y	N		Opulente DA et al.,2024	38662846	
652	Cyberlindnera sargentensis NRRL YB-4139	Cybsar_NRRLYB4139_1	907339	11880775	5602	N	Y	Y	N		Opulente DA et al.,2024	38662846	
653	Candida kazuoi JCM 12558	Cankaz_JCM12558_1	446223	9174636	4943	N	Y	Y	N		Opulente DA et al.,2024	38662846	
654	Candida succicola CBS 11726	Cansuc_CBS11726_1	748098	12124725	5088	N	Y	Y	N		Opulente DA et al.,2024	38662846	
655	Candida tunisiensis yHDO601	Cantun_YHDO601_1	1183333	11593231	5660	N	Y	Y	N		Opulente DA et al.,2024	38662846	
656	Candida sanyiensis CBS 10592	Cansan_CBS10592_1	907294	10992937	5555	N	Y	Y	N		Opulente DA et al.,2024	38662846	
657	Cyberlindnera veronae NRRL Y-7818	Cybver_NRRLY7818_1	53496	13574417	6176	N	Y	Y	N		Opulente DA et al.,2024	38662846	
658	Dipodascopsis uninucleata var. wickerhamii NRRL Y-2181	Dipuni_NRRLY2181_1	44090	16242942	5968	N	Y	Y	N		Opulente DA et al.,2024	38662846	
659	Candida tallmaniae CBS 8575	Cantal_CBS8575_1	1041611	10824932	5441	N	Y	Y	N		Opulente DA et al.,2024	38662846	
660	Candida sake NRRL Y-1622	Cansak_NRRLY1622_1	39397	14059868	5489	N	Y	Y	N		Opulente DA et al.,2024	38662846	
661	Cyberlindnera galapagoensis CBS 13997	Cybgal_CBS13997_1	1476604	12080433	5841	N	Y	Y	N		Opulente DA et al.,2024	38662846	
662	Cyberlindnera xishuangbannaensis CBS 14692	Cybxis_CBS14692_1	1943667	13477069	5705	N	Y	Y	N		Opulente DA et al.,2024	38662846	
663	Candida sonorensis NRRL Y-7800	Canson_NRRLY7800_1	51926	13319216	5388	N	Y	Y	N		Opulente DA et al.,2024	38662846	
664	Candida ubatubensis NRRL Y-27812	Canuba_NRRLY27812_1	221909	11261353	5343	N	Y	Y	N		Opulente DA et al.,2024	38662846	
665	Kazachstania exigua NRRL Y-12640	Kazexi_NRRLY12640_1	34358	25110415	10118	N	Y	Y	N		Opulente DA et al.,2024	38662846	
666	Candida sp. NRRL Y-27127	Candsp_NRRLY27127_1	461311	15428200	6835	N	Y	Y	N		Opulente DA et al.,2024	38662846	
667	Candida sithepensis JCM 12265	Cansit_JCM12265_1	246387	16137034	6000	N	Y	Y	N		Opulente DA et al.,2024	38662846	
668	Candida palmyrensis CBS 11546	Canpal_CBS11546_1	641393	12252104	5411	N	Y	Y	N		Opulente DA et al.,2024	38662846	
669	Candida xyloterini CBS 11547	Canxyl_CBS11547_1	641392	8936661	5508	N	Y	Y	N		Opulente DA et al.,2024	38662846	
670	Diutina neorugosa CBS 12627	Diuneo_CBS12627_1	1714406	13223162	5710	N	Y	Y	N		Opulente DA et al.,2024	38662846	
671	Candida spencermartinsiae NRRL Y-48663	Canspe_NRRLY48663_1	1116881	11300732	5662	N	Y	Y	N		Opulente DA et al.,2024	38662846	
672	Candida multigemmis NRRL Y-17659	Canmul_NRRLY17659_1	45569	10331300	5296	N	Y	Y	N		Opulente DA et al.,2024	38662846	
673	Candida thailandica CBS 10610	Cantha_CBS10610_1	1323753	16025331	5510	N	Y	Y	N		Opulente DA et al.,2024	38662846	
674	Candida qinlingensis CBS 9768	Canqin_CBS9768_1	255212	12384824	5822	N	Y	Y	N		Opulente DA et al.,2024	38662846	
675	Candida patagonica yHDO589	Canpat_YHDO589_1	399783	11140080	5633	N	Y	Y	N		Opulente DA et al.,2024	38662846	
676	Diutina mesorugosa CBS 12656	Diumes_CBS12656_1	1229076	13366879	5685	N	Y	Y	N		Opulente DA et al.,2024	38662846	
677	Candida yuanshanica CBS 10589	Canyua_CBS10589_1	639368	11867803	5648	N	Y	Y	N		Opulente DA et al.,2024	38662846	
678	Candida rugopelliculosa NRRL Y-17079	Canrug_NRRLY17079_1	5492	11177087	5269	N	Y	Y	N		Opulente DA et al.,2024	38662846	
679	Candida mesenterica NRRL Y-1494	Canmes_NRRLY1494_1	45568	14314785	5718	N	Y	Y	N		Opulente DA et al.,2024	38662846	
680	Candida mogii NRRL Y-17032	Canmog_NRRLY17032_1	46252	11074207	5252	N	Y	Y	N		Opulente DA et al.,2024	38662846	
681	Kazachstania servazzii NRRL Y-12661	Kazser_NRRLY12661_1	27293	12310285	5582	N	Y	Y	N		Opulente DA et al.,2024	38662846	
682	Candida metapsilosis NRRL Y-48470	Canmet_NRRLY48470_1	273372	13137927	6199	N	Y	Y	N		Opulente DA et al.,2024	38662846	
683	Candida tetrigidarum NRRL Y-48142	Cantet_NRRLY48142_1	434046	14238770	6462	N	Y	Y	N		Opulente DA et al.,2024	38662846	
684	Candida pseudoglaebosa NRRL Y-17911	Canpse_NRRLY17911_1	52255	13165302	5461	N	Y	Y	N		Opulente DA et al.,2024	38662846	
685	Kazachstania slooffiae NRRL Y-4349	Kazslo_NRRLY4349_1	278027	23922745	8416	N	Y	Y	N		Opulente DA et al.,2024	38662846	
686	Candida gigantensis NRRL Y-27736	Cangig_NRRLY27736_1	271359	15711389	6731	N	Y	Y	N		Opulente DA et al.,2024	38662846	
687	Diddensiella transvaalensis NRRL Y-27140	Didtra_NRRLY27140_1	2704155	12856744	6371	N	Y	Y	N		Opulente DA et al.,2024	38662846	
688	Candida hainanensis NRRL Y-48715	Canhai_NRRLY48715_1	487106	10452108	5183	N	Y	Y	N		Opulente DA et al.,2024	38662846	
689	Candida vaughaniae CBS 8583	Canvau_CBS8583_1	1041612	10848151	5702	N	Y	Y	N		Opulente DA et al.,2024	38662846	
690	Hemisphaericaspora insectamans NRRL Y-7786	Hemins_NRRLY7786_1	45559	16128443	6973	N	Y	Y	N		Opulente DA et al.,2024	38662846	
691	Candida koratica NBRC 103208	Cankor_NBRC103208_1	545640	9353891	5357	N	Y	Y	N		Opulente DA et al.,2024	38662846	
692	Kazachstania heterogenica NRRL Y-27499	Kazhet_NRRLY27499_1	278026	14138208	5161	N	Y	Y	N		Opulente DA et al.,2024	38662846	
693	Candida ortonii NRRL Y-48038	Canort_NRRLY48038_1	150208	10863562	5559	N	Y	Y	N		Opulente DA et al.,2024	38662846	
694	Candida margitis CBS 14175	Canmar_CBS14175_1	1775924	12685780	5745	N	Y	Y	N		Opulente DA et al.,2024	38662846	
695	Candida sophiae-reginae NRRL Y-17668	Cansop_NRRLY17668_1	45593	13829988	5473	N	Y	Y	N		Opulente DA et al.,2024	38662846	
696	Cyberlindnera meyerae NRRL Y-17236	Cybmey_NRRLY17236_1	53493	13779618	6165	N	Y	Y	N		Opulente DA et al.,2024	38662846	
697	Cyberlindnera sp. NRRL Y-27267	Cybesp_NRRLY27267_1	1911688	13401004	5710	N	Y	Y	N		Opulente DA et al.,2024	38662846	
698	Dipodascus cucujoidarus NRRL Y-27731	Dipcuc_NRRLY27731_1	2704158	19656129	7489	N	Y	Y	N		Opulente DA et al.,2024	38662846	
699	Kazachstania piceae NRRL Y-17977	Kazpic_NRRLY17977_1	56483	13325159	5547	N	Y	Y	N		Opulente DA et al.,2024	38662846	
700	Candida parachauliodis CBS 13928	Canpar_CBS13928_1	1618059	11146019	5550	N	Y	Y	N		Opulente DA et al.,2024	38662846	
701	Geotrichum phurueaensis CBS 11418	Geophu_CBS11418_1	641851	24929920	6994	N	Y	Y	N		Opulente DA et al.,2024	38662846	
702	Candida pseudocylindracea CBS 10854	Canpse_CBS10854_1	2861706	9433842	5749	N	Y	Y	N		Opulente DA et al.,2024	38662846	
703	Candida stauntonica CBS 12241	Cansta_CBS12241_1	1198501	11345950	5665	N	Y	Y	N		Opulente DA et al.,2024	38662846	
704	Candida oceani CBS 11857	Canoce_CBS11857_1	1186037	11380977	5635	N	Y	Y	N		Opulente DA et al.,2024	38662846	
705	Candida glaebosa NRRL Y-6949	Cangla_NRRLY6949_1	45554	12484843	5701	N	Y	Y	N		Opulente DA et al.,2024	38662846	
706	Dipodascus klebahnii NRRL Y-17568	Dipkle_NRRLY17568_1	44065	22956887	7587	N	Y	Y	N		Opulente DA et al.,2024	38662846	
707	Candida vitiphila CBS 12672	Canvit_CBS12672_1	1212667	11237014	5204	N	Y	Y	N		Opulente DA et al.,2024	38662846	
708	Clavispora fructus NRRL Y-17088	Clafru_NRRLY17088_1	46582	11345018	5167	N	Y	Y	N		Opulente DA et al.,2024	38662846	
709	Candida methanosorbosa NRRL Y-17320	Canmet_NRRLY17320_1	50262	12862601	5583	N	Y	Y	N		Opulente DA et al.,2024	38662846	
710	Debaryomyces robertsiae NRRL Y-6670	Debrob_NRRLY6670_1	28555	10714797	5417	N	Y	Y	N		Opulente DA et al.,2024	38662846	
711	Candida robnettiae CBS 8580	Canrob_CBS8580_1	1041605	12701715	5072	N	Y	Y	N		Opulente DA et al.,2024	38662846	
712	Grigorovia humatica NRRL Y-48839	Grihum_NRRLY48839_1	121233	12473866	4986	N	Y	Y	N		Opulente DA et al.,2024	38662846	
713	Diutina pseudorugosa CBS 10433	Diupse_CBS10433_1	1035112	16048127	6268	N	Y	Y	N		Opulente DA et al.,2024	38662846	
714	Candida mattraensis CBS 12097	Canmat_CBS12097_1	5475	10494603	5676	N	Y	Y	N		Opulente DA et al.,2024	38662846	
715	Kazachstania gamospora NRRL Y-48841	Kazgam_NRRLY48841_1	308752	11381771	5237	N	Y	Y	N		Opulente DA et al.,2024	38662846	
716	Candida insectorum NRRL Y-7787	Canins_NRRLY7787_1	45560	10957642	5856	N	Y	Y	N		Opulente DA et al.,2024	38662846	
717	Cyberlindnera maritima NRRL Y-17775	Cybmar_NRRLY17775_1	2878918	14590676	6717	N	Y	Y	N		Opulente DA et al.,2024	38662846	
718	Candida sp. yHDO569	Candsp_YHDO569_1	1853550	11480117	5643	N	Y	Y	N		Opulente DA et al.,2024	38662846	
719	Cyberlindnera subsufficiens NRRL YB-1657	Cybsub_NRRLYB1657_1	1004254	12447908	5965	N	Y	Y	N		Opulente DA et al.,2024	38662846	
720	Dipodascus restrictus CBS 111234	Dipres_CBS111234_1	416018	24879142	8171	N	Y	Y	N		Opulente DA et al.,2024	38662846	
721	Dipodascus australiensis NRRL Y-17565	Dipaus_NRRLY17565_1	43976	24123640	6740	N	Y	Y	N		Opulente DA et al.,2024	38662846	
722	Candida sharkensis NRRL Y-48380	Cansha_NRRLY48380_1	746467	14008443	5636	N	Y	Y	N		Opulente DA et al.,2024	38662846	
723	Kazachstania telluris NRRL Y-4302	Kaztel_NRRLY4302_1	36907	14718466	5153	N	Y	Y	N		Opulente DA et al.,2024	38662846	
724	Candida pseudohaemuli NRRL Y-48733	Canpse_NRRLY48733_1	418784	12795568	5581	N	Y	Y	N		Opulente DA et al.,2024	38662846	
725	Hyphopichia wangnamkhiaoensis CBS 11695	Hypwan_CBS11695_1	1115536	14591231	5838	N	Y	Y	N		Opulente DA et al.,2024	38662846	
726	Candida songkhlaensis NBRC 103214	Canson_NBRC103214_1	467807	11597583	5674	N	Y	Y	N		Opulente DA et al.,2024	38662846	
727	Candida theae CBS 12239	Canthe_CBS12239_1	1198502	12996293	6277	N	Y	Y	N		Opulente DA et al.,2024	38662846	
728	Candida parablackwelliae CBS 15228	Canpar_CBS15228_1	2126718	13305755	6777	N	Y	Y	N		Opulente DA et al.,2024	38662846	
729	Candida sojae NRRL Y-17909	Cansoj_NRRLY17909_1	52253	15531213	7359	N	Y	Y	N		Opulente DA et al.,2024	38662846	
730	Dipodascus armillariae NRRL Y-17580	Diparm_NRRLY17580_1	43962	18662142	9191	N	Y	Y	N		Opulente DA et al.,2024	38662846	
731	Clavispora opuntiae NRRL Y-11820	Claopu_NRRLY11820_1	36912	11556692	5244	N	Y	Y	N		Opulente DA et al.,2024	38662846	
732	Candida germanica NRRL Y-27064	Canger_NRRLY27064_1	148633	11368530	5719	N	Y	Y	N		Opulente DA et al.,2024	38662846	
733	Candida trypodendri NRRL Y-6488	Cantry_NRRLY6488_1	130809	11158873	5960	N	Y	Y	N		Opulente DA et al.,2024	38662846	
734	Dipodascopsis uninucleata var. uninucleata NRRL Y-17583	Dipuni_NRRLY17583_1	44091	16322003	5859	N	Y	Y	N		Opulente DA et al.,2024	38662846	
735	Kazachstania turicensis NRRL: y-48835	Kaztur_NRRLY48835_1	432100	13871094	5484	N	Y	Y	N		Opulente DA et al.,2024	38662846	
736	Candida melibiosica NRRL Y-17076	Canmel_NRRLY17076_1	5491	11041653	5403	N	Y	Y	N		Opulente DA et al.,2024	38662846	
737	Candida xylanilytica NBRC 106499	Canxyl_NBRC106499_1	679938	17743052	7161	N	Y	Y	N		Opulente DA et al.,2024	38662846	
738	Groenewaldozyma sp. yHMH443	Groesp_YHMH443_1	2866341	13389475	5541	N	Y	Y	N		Opulente DA et al.,2024	38662846	
739	Candida jianshihensis CBS 10591	Canjia_CBS10591_1	432112	11352280	5862	N	Y	Y	N		Opulente DA et al.,2024	38662846	
740	Candida diddensiae NRRL Y-7589	Candid_NRRLY7589_1	45543	10842817	5709	N	Y	Y	N		Opulente DA et al.,2024	38662846	
741	Yamadazyma nakazawae NRRL Y-7903	Yamnak_NRRLY7903_1	45506	11041658	5593	N	Y	Y	N		Opulente DA et al.,2024	38662846	
742	Hanseniaspora thailandica ZIM 2325	Hantha_ZIM2325_1	689838	8992097	4429	N	Y	Y	N		Opulente DA et al.,2024	38662846	
743	Candida citri CBS 11858	Cancit_CBS11858_1	933257	13045557	5588	N	Y	Y	N		Opulente DA et al.,2024	38662846	
744	Candida bambusicola CBS 11723	Canbam_CBS11723_1	374337	12107016	5139	N	Y	Y	N		Opulente DA et al.,2024	38662846	
745	Metschnikowia drakensbergensis EBD-CdVSA10-2A	Metdra_EBDCDVSA102A_1	1506548	11794935	5287	N	Y	Y	N		Opulente DA et al.,2024	38662846	
746	Blastobotrys arbuscula NRRL Y-17585	Blaarb_NRRLY17585_1	44071	18079647	6547	N	Y	Y	N		Opulente DA et al.,2024	38662846	
747	Ambrosiozyma kamigamensis NRRL Y-63629	Ambkam_NRRLY63629_1	1382202	19180461	8271	N	Y	Y	N		Opulente DA et al.,2024	38662846	
748	Ambrosiozyma platypodis NRRL Y-6732	Ambpla_NRRLY6732_1	36918	17235614	6935	N	Y	Y	N		Opulente DA et al.,2024	38662846	
749	Candida chauliodis NRRL Y-27909	Cancha_NRRLY27909_1	391825	11527096	5637	N	Y	Y	N		Opulente DA et al.,2024	38662846	
750	Candida auris Ci 6684	Canaur_CI6684_1	498019	12498492	5423	N	Y	Y	N		Opulente DA et al.,2024	38662846	
751	Saccharomyces jurei CBS 14759T	Sacjur_CBS14759T_1	1987369	11938758	5491	N	Y	Y	N		Opulente DA et al.,2024	38662846	
752	Metschnikowia santaceciliae UWOPS 01-517a1	Metsan_UWOPS01517A1_1	197674	20231056	6028	N	Y	Y	N		Opulente DA et al.,2024	38662846	
753	Candida duobushaemuli NRRL Y-17802	Canduo_NRRLY17802_1	1231522	12618155	5534	N	Y	Y	N		Opulente DA et al.,2024	38662846	
754	Candida ficus CBS 12638	Canfic_CBS12638_1	1176389	12989457	6172	N	Y	Y	N		Opulente DA et al.,2024	38662846	
755	Metschnikowia arizonensis UWOPS 99-103.4	Metari_UWOPS991034_1	150206	16137154	5475	N	Y	Y	N		Opulente DA et al.,2024	38662846	
756	Blastobotrys parvus NRRL Y-1004	Blapar_NRRLY1004_1	43974	13122678	6237	N	Y	Y	N		Opulente DA et al.,2024	38662846	
757	Candida frijolesensis NRRL Y-48060	Canfri_NRRLY48060_1	434044	15860046	7002	N	Y	Y	N		Opulente DA et al.,2024	38662846	
758	Zygoascus meyerae NRRL Y-17319	Zygmey_NRRLY17319_1	374461	12152606	5428	N	Y	Y	N		Opulente DA et al.,2024	38662846	
759	Candida adriatica CBS 12504	Canadr_CBS12504_1	1171601	10407600	5652	N	Y	Y	N		Opulente DA et al.,2024	38662846	
760	Blastobotrys elegans NRRL Y-17572	Blaele_NRRLY17572_1	43972	15634934	6913	N	Y	Y	N		Opulente DA et al.,2024	38662846	
761	Hanseniaspora vineae NRRL Y-17529	Hanvin_NRRLY17529_1	56409	11898465	4914	N	Y	Y	N		Opulente DA et al.,2024	38662846	
762	Candida cerambycidarum NRRL Y-27706	Cancer_NRRLY27706_1	271315	11341384	5806	N	Y	Y	N		Opulente DA et al.,2024	38662846	
763	Candida friedrichii NRRL Y-17653	Canfri_NRRLY17653_1	45552	11774680	5723	N	Y	Y	N		Opulente DA et al.,2024	38662846	
764	Torulaspora microellipsoides NRRL Y-1549	Tormic_NRRLY1549_1	1136883	10310543	5048	N	Y	Y	N		Opulente DA et al.,2024	38662846	
765	Candida ecuadorensis CBS 12653	Canecu_CBS12653_1	1253868	12615123	5717	N	Y	Y	N		Opulente DA et al.,2024	38662846	
766	Candida coleopterorum CBS 14180	Cancol_CBS14180_1	1775925	12968305	5607	N	Y	Y	N		Opulente DA et al.,2024	38662846	
767	Candida atmosphaerica NRRL Y-17642	Canatm_NRRLY17642_1	45522	11482214	5773	N	Y	Y	N		Opulente DA et al.,2024	38662846	
768	Candida chanthaburiensis CBS 10926	Cancha_CBS10926_1	644821	13029439	5374	N	Y	Y	N		Opulente DA et al.,2024	38662846	
769	Candida buenavistaensis NRRL Y-27734	Canbue_NRRLY27734_1	434039	12306123	6296	N	Y	Y	N		Opulente DA et al.,2024	38662846	
770	Allodekkera sacchari CBS 14167	Allsac_CBS14167_1	1936035	13280375	5355	N	Y	Y	N		Opulente DA et al.,2024	38662846	
771	Saprochaete ingens CBS 517.90	Saping_CBS51790_1	2606893	21189208	6198	N	Y	Y	N		Opulente DA et al.,2024	38662846	
772	Saccharomyces paradoxus CBS 432	Sacpar_CBS432_1	27291	11744610	5435	N	Y	Y	N		Opulente DA et al.,2024	38662846	
773	Candida entomophila NRRL Y-7783	Canent_NRRLY7783_1	49325	10216701	5535	N	Y	Y	N		Opulente DA et al.,2024	38662846	
774	Candida californica NRRL Y-27254	Cancal_NRRLY27254_1	460514	12345467	5478	N	Y	Y	N		Opulente DA et al.,2024	38662846	
775	Spathaspora hagerdaliae UFMG-CM-Y303	Spahag_UFMGCMY303_1	1774706	16495406	6674	N	Y	Y	N		Opulente DA et al.,2024	38662846	
776	Alloascoidea africana NRRL Y-6762-3	Allafr_NRRLY67623_1	27309	23710339	8312	N	Y	Y	N		Opulente DA et al.,2024	38662846	
777	Zygotorulaspora florentina NRRL Y-1560	Zygflo_NRRLY1560_1	48255	11000528	5108	N	Y	Y	N		Opulente DA et al.,2024	38662846	
778	Candida conglobata NRRL Y-1504	Cancon_NRRLY1504_1	45541	10671189	5466	N	Y	Y	N		Opulente DA et al.,2024	38662846	
779	Candida berkhoutiae CBS 11722	Canber_CBS11722_1	432108	12661581	5513	N	Y	Y	N		Opulente DA et al.,2024	38662846	
780	Wickerhamiella infanticola DS02	Wicinf_DS02_1	1116880	8152740	4587	N	Y	Y	N		Opulente DA et al.,2024	38662846	
781	Candida carvajalis NRRL Y-48694	Cancar_NRRLY48694_1	1519030	11243648	5099	N	Y	Y	N		Opulente DA et al.,2024	38662846	
782	Candida anutae NRRL Y-27374	Cananu_NRRLY27374_1	224212	11256662	5314	N	Y	Y	N		Opulente DA et al.,2024	38662846	
783	Wickerhamiella occidentalis NRRL Y-27364	Wicocc_NRRLY27364_1	75734	9877905	5215	N	Y	Y	N		Opulente DA et al.,2024	38662846	
784	Hanseniaspora smithiae CRUB 1602	Hansmi_CRUB1602_1	29832	9447694	4354	N	Y	Y	N		Opulente DA et al.,2024	38662846	
785	Candida alai NRRL Y-27739	Canala_NRRLY27739_1	434040	13746181	5756	N	Y	Y	N		Opulente DA et al.,2024	38662846	
786	Zygosaccharomyces bailii CLIB 213	Zygbai_CLIB213_1	1333698	10268813	4947	N	Y	Y	N		Opulente DA et al.,2024	38662846	
787	Blastobotrys chiropterorum NRRL Y-17071	Blachi_NRRLY17071_1	45539	15199552	6559	N	Y	Y	N		Opulente DA et al.,2024	38662846	
788	Blastobotrys capitulatus NRRL Y-17573	Blacap_NRRLY17573_1	44068	24554276	7313	N	Y	Y	N		Opulente DA et al.,2024	38662846	
789	Blastobotrys adeninivorans NRRL Y-17692	Blaade_NRRLY17692_1	409370	11797131	5897	N	Y	Y	N		Opulente DA et al.,2024	38662846	
790	Starmerella riodocensis NRRL Y-27859	Stario_NRRLY27859_1	308924	9968043	4687	N	Y	Y	N		Opulente DA et al.,2024	38662846	
791	Candida diospyri CBS 9769	Candio_CBS9769_1	255213	10898061	5473	N	Y	Y	N		Opulente DA et al.,2024	38662846	
792	Barnettozyma vustinii CBS 11554	Barvus_CBS11554_1	682598	12370972	5910	N	Y	Y	N		Opulente DA et al.,2024	38662846	
793	Ambrosiozyma cicatricosa NRRL Y-17594	Ambcic_NRRLY17594_1	44082	23268870	7390	N	Y	Y	N		Opulente DA et al.,2024	38662846	
794	Komagataella phaffii GS115	Kompha_GS115_1	644223	9216378	5038	N	Y	Y	N		Opulente DA et al.,2024	38662846	
795	Candida awuae CBS 11011	Canawu_CBS11011_1	551772	10198225	4951	N	Y	Y	N		Opulente DA et al.,2024	38662846	
796	Candida ezoensis CBS 11753	Canezo_CBS11753_1	564621	12665124	5503	N	Y	Y	N		Opulente DA et al.,2024	38662846	
797	Trigonopsis vinaria NRRL Y-5715	Trivin_NRRLY5715_1	45603	11173739	5198	N	Y	Y	N		Opulente DA et al.,2024	38662846	
798	Candida dajiaensis CBS 10590	Candaj_CBS10590_1	432111	12154168	5794	N	Y	Y	N		Opulente DA et al.,2024	38662846	
799	Candida dosseyi NRRL Y-27950	Candos_NRRLY27950_1	391827	11981216	5695	N	Y	Y	N		Opulente DA et al.,2024	38662846	
800	Candida andamanensis CBS 10859	Canand_CBS10859_1	456249	9719140	5362	N	Y	Y	N		Opulente DA et al.,2024	38662846	
801	Candida dendrica NRRL Y-7775	Canden_NRRLY7775_1	49324	12589249	6457	N	Y	Y	N		Opulente DA et al.,2024	38662846	
802	Blastobotrys robertii NRRL Y-27775	Blarob_NRRLY27775_1	1850977	14273696	6066	N	Y	Y	N		Opulente DA et al.,2024	38662846	
803	Wickerhamiella versatilis NRRL Y-6652	Wicver_NRRLY6652_1	27304	10040715	5654	N	Y	Y	N		Opulente DA et al.,2024	38662846	
804	Candida blattariae NRRL Y-27703	Canbla_NRRLY27703_1	297794	12833726	5888	N	Y	Y	N		Opulente DA et al.,2024	38662846	
805	Metschnikowia mauinuiana UWOPS 04-190.1	Metmau_UWOPS041901_1	301368	17134788	5798	N	Y	Y	N		Opulente DA et al.,2024	38662846	
806	Candida caryicola NRRL YB-1499	Cancar_NRRLYB1499_1	147333	11585358	5393	N	Y	Y	N		Opulente DA et al.,2024	38662846	
807	Candida ethanolica NRRL Y-12615	Caneth_NRRLY12615_1	52256	12533297	5745	N	Y	Y	N		Opulente DA et al.,2024	38662846	
808	Lachancea kluyveri NRRL Y-12651	Lacklu_NRRLY12651_1	226302	11394747	5306	N	Y	Y	N		Opulente DA et al.,2024	38662846	
809	Metschnikowia kamakouana UWOPS 04-112.5	Metkam_UWOPS041125_1	301367	15602729	5574	N	Y	Y	N		Opulente DA et al.,2024	38662846	
810	Candida buinensis NRRL Y-11706	Canbui_NRRLY11706_1	45529	12047923	5752	N	Y	Y	N		Opulente DA et al.,2024	38662846	
811	Candida aechmeae NRRL Y-48456	Canaec_NRRLY48456_1	535747	11247312	5340	N	Y	Y	N		Opulente DA et al.,2024	38662846	
812	Starmerella davenportii CBS 9069	Stadav_CBS9069_1	2528786	8984444	4066	N	Y	Y	N		Opulente DA et al.,2024	38662846	
813	Blastobotrys adeninivorans LS3	Blaade_LS3_1	409370	11804616	5885	N	Y	Y	N		Opulente DA et al.,2024	38662846	
814	Candida asparagi CBS 9770	Canasp_CBS9770_1	255214	11510249	5273	N	Y	Y	N		Opulente DA et al.,2024	38662846	
815	Wickerhamomyces ciferrii NRRL Y-1031	Wiccif_NRRLY1031_1	1206466	30807197	14057	N	Y	Y	N		Opulente DA et al.,2024	38662846	
816	Sugiyamaella xylanicola CBS 12683	Sugxyl_CBS12683_1	1234609	16642635	6056	N	Y	Y	N		Opulente DA et al.,2024	38662846	
817	Candida aurita CBS 9724	Canaur_CBS9724_1	224031	19602859	6002	N	Y	Y	N		Opulente DA et al.,2024	38662846	
818	Candida aaseri NRRL YB-3897	Canaas_NRRLYB3897_1	45518	10436936	5537	N	Y	Y	N		Opulente DA et al.,2024	38662846	
819	Yueomyces sinensis NRRL Y-17406	Yuesin_NRRLY17406_1	58632	12684285	5288	N	Y	Y	N		Opulente DA et al.,2024	38662846	
820	Spathaspora xylofermentans UFMG-HMD23.3	Spaxyl_UFMGHMD233_1	1699422	15098268	5926	N	Y	Y	N		Opulente DA et al.,2024	38662846	
821	Starmerella tilneyi CBS 8794	Statil_CBS8794_1	121468	9354136	4838	N	Y	Y	N		Opulente DA et al.,2024	38662846	
822	Saprochaete fungicola CBS 625.85	Sapfun_CBS62585_1	1734004	20189518	6006	N	Y	Y	N		Opulente DA et al.,2024	38662846	
823	Starmerella ratchasimensis CBS 10611	Starat_CBS10611_1	225544	11142206	4789	N	Y	Y	N		Opulente DA et al.,2024	38662846	
824	Spathaspora gorwiae UFMG-CM-Y312	Spagor_UFMGCMY312_1	1852163	14788324	6519	N	Y	Y	N		Opulente DA et al.,2024	38662846	
825	Starmerella vaccinii NRRL Y-17684	Stavac_NRRLY17684_1	45600	10243499	4897	N	Y	Y	N		Opulente DA et al.,2024	38662846	
826	Candida coquimbonensis CBS 12348	Cancoq_CBS12348_1	1460421	12858277	5826	N	Y	Y	N		Opulente DA et al.,2024	38662846	
827	Candida berthetii NRRL Y-17644	Canber_NRRLY17644_1	49323	15581100	7161	N	Y	Y	N		Opulente DA et al.,2024	38662846	
828	Candida digboiensis CBS 9800	Candig_CBS9800_1	223819	15373073	7734	N	Y	Y	N		Opulente DA et al.,2024	38662846	
829	Candida blankii NRRL Y-17068	Canbla_NRRLY17068_1	45524	14464074	5716	N	Y	Y	N		Opulente DA et al.,2024	38662846	
830	Candida dendronema NRRL Y-7781	Canden_NRRLY7781_1	45542	10985527	5614	N	Y	Y	N		Opulente DA et al.,2024	38662846	
831	Wickerhamiella infanticola NRRL Y-17858	Wicinf_NRRLY17858_1	1116880	8274549	4680	N	Y	Y	N		Opulente DA et al.,2024	38662846	
832	Saprochaete suaveolens NRRL Y-17571	Sapsua_NRRLY17571_1	44074	24414705	7486	N	Y	Y	N		Opulente DA et al.,2024	38662846	
833	Ambrosiozyma angophorae NRRL Y-7118	Ambang_NRRLY7118_1	53648	12054867	5305	N	Y	Y	N		Opulente DA et al.,2024	38662846	
834	Candida bentonensis NRRL YB-2364	Canben_NRRLYB2364_1	312226	12296654	5416	N	Y	Y	N		Opulente DA et al.,2024	38662846	
835	Wickerhamiella cacticola NRRL Y-27362	Wiccac_NRRLY27362_1	75733	11880587	5540	N	Y	Y	N		Opulente DA et al.,2024	38662846	
836	Candida argentea CBS 12358	Canarg_CBS12358_1	1016838	11702769	5223	N	Y	Y	N		Opulente DA et al.,2024	38662846	
837	Ambrosiozyma llanquihuensis NRRL Y-17657	Amblla_NRRLY17657_1	51920	13544540	5902	N	Y	Y	N		Opulente DA et al.,2024	38662846	
838	Candida silvatica NRRL Y-7777	Cansil_NRRLY7777_1	54193	10318167	5328	N	Y	Y	N		Opulente DA et al.,2024	38662846	
839	Scheffersomyces stambukii UFMG-CM-Y427	Schsta_UFMGCMY427_1	1751990	13240147	5436	N	Y	Y	N		Opulente DA et al.,2024	38662846	
840	Yarrowia bubula NRRL Y-63668	Yarbub_NRRLY63668_1	1402413	20422464	6383	N	Y	Y	N		Opulente DA et al.,2024	38662846	
841	Blastobotrys persicus CBS 14259	Blaper_CBS14259_1	2861705	13106593	6239	N	Y	Y	N		Opulente DA et al.,2024	38662846	
842	Barnettozyma wickerhamii NRRL Y-2435	Barwic_NRRLY2435_1	36032	12334667	6099	N	Y	Y	N		Opulente DA et al.,2024	38662846	
843	Blastobotrys terrestris NRRL Y-17704	Blater_NRRLY17704_1	43981	19111360	9579	N	Y	Y	N		Opulente DA et al.,2024	38662846	
844	Ambrosiozyma neoplatypodis NRRL Y-63630	Ambneo_NRRLY63630_1	1382203	18833552	7812	N	Y	Y	N		Opulente DA et al.,2024	38662846	
845	Alloascoidea hylecoeti NRRL Y-17703	Allhyl_NRRLY17703_1	54196	23930814	8538	N	Y	Y	N		Opulente DA et al.,2024	38662846	
846	Ascobotryozyma americana CBS 8560	Ascame_CBS8560_1	219603	17591705	5734	N	Y	Y	N		Opulente DA et al.,2024	38662846	
847	Zygotorulaspora mrakii NRRL Y-12654	Zygmra_NRRLY12654_1	42260	10223681	4903	N	Y	Y	N		Opulente DA et al.,2024	38662846	
848	Blastobotrys illinoisensis NRRL YB-1343	Blaill_NRRLYB1343_1	378048	16363209	7515	N	Y	Y	N		Opulente DA et al.,2024	38662846	
849	Candida baotianmanensis CBS 11898	Canbao_CBS11898_1	1284353	11099096	5366	N	Y	Y	N		Opulente DA et al.,2024	38662846	
850	Candida sojae GF41	Cansoj_GF41_1	52253	11747307	5059	N	Y	Y	N		Opulente DA et al.,2024	38662846	
851	Hanseniaspora gamundiae CRUB 1928	Hangam_CRUB1928_1	2094518	10183153	4671	N	Y	Y	N		Opulente DA et al.,2024	38662846	
852	Candida flosculorum NRRL Y-48731	Canflo_NRRLY48731_1	417300	12064539	5513	N	Y	Y	N		Opulente DA et al.,2024	38662846	
853	Torulaspora franciscae NRRL Y-17532	Torfra_NRRLY17532_1	53488	9203263	4883	N	Y	Y	N		Opulente DA et al.,2024	38662846	
854	Candida boleticola NRRL Y-17080	Canbol_NRRLY17080_1	45525	15240575	5900	N	Y	Y	N		Opulente DA et al.,2024	38662846	
855	Barnettozyma siamensis CBS 13392	Barsia_CBS13392_1	1219519	11173527	5474	N	Y	Y	N		Opulente DA et al.,2024	38662846	
856	Candida anglica NRRL Y-27079	Canang_NRRLY27079_1	148631	13546954	5751	N	Y	Y	N		Opulente DA et al.,2024	38662846	
857	Kluyveromyces aestuarii ATCC 18862	Kluaes_ATCC18862_1	854826	9910115	4887	N	Y	Y	N		Opulente DA et al.,2024	38662846	
858	Candida bohioensis NRRL Y-27737	Canboh_NRRLY27737_1	561986	16145445	6186	N	Y	Y	N		Opulente DA et al.,2024	38662846	
859	Eremothecium sinecaudum ATCC 58844	Eresin_ATCC58844_1	45286	8948761	4441	N	Y	Y	N		Opulente DA et al.,2024	38662846	
860	Candida auris CBS 10913	Canaur_CBS10913_1	498019	12082458	5380	N	Y	Y	N		Opulente DA et al.,2024	38662846	
861	Ascoidea tarda NRRL Y-2393	Asctar_NRRLY2393_1	1301102	17208089	6363	N	Y	Y	N		Opulente DA et al.,2024	38662846	
862	Candida atlantica NRRL Y-17759	Canatl_NRRLY17759_1	45521	11582603	5815	N	Y	Y	N		Opulente DA et al.,2024	38662846	
863	Ascobotryozyma cognata CBS 8753	Asccog_CBS8753_1	219604	17802389	5547	N	Y	Y	N		Opulente DA et al.,2024	38662846	
864	Candida blackwelliae CBS 10843	Canbla_CBS10843_1	497110	11735592	5894	N	Y	Y	N		Opulente DA et al.,2024	38662846	
865	Candida chilensis NRRL Y-17141	Canchi_NRRLY17141_1	45538	13852930	6154	N	Y	Y	N		Opulente DA et al.,2024	38662846	
866	Komagataella pseudopastoris NRRL Y-27603	Kompse_NRRLY27603_1	169507	9106946	5005	N	Y	Y	N		Opulente DA et al.,2024	38662846	
867	Candida broadrunensis CBS 11838	Canbro_CBS11838_1	1304134	13812076	6181	N	Y	Y	N		Opulente DA et al.,2024	38662846	
868	Spathaspora boniae UFMG-CM-Y306	Spabon_UFMGCMY306_1	1701548	12297616	5729	N	Y	Y	N		Opulente DA et al.,2024	38662846	
869	Brettanomyces nanus NRRL Y-17527	Brenan_NRRLY17527_1	13502	9910358	5098	N	Y	Y	N		Opulente DA et al.,2024	38662846	
870	Torulaspora pretoriensis NRRL Y-17251	Torpre_NRRLY17251_1	35629	9318119	4896	N	Y	Y	N		Opulente DA et al.,2024	38662846	
871	Candida fluviatilis NRRL Y-7711	Canflu_NRRLY7711_1	45551	12835273	5534	N	Y	Y	N		Opulente DA et al.,2024	38662846	
872	Wickerhamiella galacta NRRL Y-17645	Wicgal_NRRLY17645_1	45553	8853619	4817	N	Y	Y	N		Opulente DA et al.,2024	38662846	
873	Tortispora starmeri NRRL Y-63665	Torsta_NRRLY63665_1	1326888	9343742	4821	N	Y	Y	N		Opulente DA et al.,2024	38662846	
874	Magnusiomyces ingens NRRL Y-17630	Maging_NRRLY17630_1	1294639	18103970	6015	N	Y	Y	N		Opulente DA et al.,2024	38662846	
875	Candida cabralensis CBS 11679	Cancab_CBS11679_1	1249861	10732387	4907	N	Y	Y	N		Opulente DA et al.,2024	38662846	
876	Blastobotrys buckinghamii NRRL Y-63727	Blabuc_NRRLY63727_1	1651947	25816045	6814	N	Y	Y	N		Opulente DA et al.,2024	38662846	
877	Wickerhamia fluorescens NRRL YB-4819	Wicflu_NRRLYB4819_1	45790	13386827	5513	N	Y	Y	N		Opulente DA et al.,2024	38662846	
878	Hanseniaspora occidentalis var. citrica CBS 6783	Hanocc_CBS6783_1	331638	11340894	4795	N	Y	Y	N		Opulente DA et al.,2024	38662846	
879	Barnettozyma sucrosica CBS 11512	Barsuc_CBS11512_1	599802	11484855	5631	N	Y	Y	N		Opulente DA et al.,2024	38662846	
880	Candida danieliae CBS 8533	Candan_CBS8533_1	1041602	11899539	5369	N	Y	Y	N		Opulente DA et al.,2024	38662846	
881	Metschnikowia hawaiiensis UWOPS 87-2203.2	Methaw_UWOPS8722032_1	27323	18011093	5874	N	Y	Y	N		Opulente DA et al.,2024	38662846	
882	Candida psychrophila NRRL Y-17665	Canpsy_NRRLY17665_1	45577	11218555	5584	N	Y	Y	N		Opulente DA et al.,2024	38662846	
883	Hanseniaspora meyeri NRRL Y-27513	Hanmey_NRRLY27513_1	211097	8839385	4400	N	Y	Y	N		Opulente DA et al.,2024	38662846	
884	Candida endomychidarum NRRL Y-27708	Canend_NRRLY27708_1	271317	11142896	5725	N	Y	Y	N		Opulente DA et al.,2024	38662846	
885	Geotrichum candidum CLIB 918	Geocan_CLIB918_1	1173061	24836057	6745	N	Y	Y	N		Opulente DA et al.,2024	38662846	
886	Candida easanensis JCM 12476	Caneas_JCM12476_1	298208	13480709	6240	N	Y	Y	N		Opulente DA et al.,2024	38662846	
887	Blastobotrys malaysiensis NRRL Y-6417	Blamal_NRRLY6417_1	378047	15792004	6995	N	Y	Y	N		Opulente DA et al.,2024	38662846	
888	Barnettozyma sp. yHDO593	Barnsp_YHDO593_1	2259087	10659657	5347	N	Y	Y	N		Opulente DA et al.,2024	38662846	
889	Metschnikowia similis UWOPS 03-133.4	Metsim_UWOPS031334_1	473037	17166177	5547	N	Y	Y	N		Opulente DA et al.,2024	38662846	
890	Ashbya aceri FM-2008	Ashace_FM2008_1	2499855	8894523	4676	N	Y	Y	N		Opulente DA et al.,2024	38662846	
891	Pichia heedii NRRL Y-10967	Pichee_NRRLY10967_1	53659	10536292	5094	N	Y	Y	N		Opulente DA et al.,2024	38662846	
892	Metschnikowia cerradonensis NRRL Y-48067	Metcer_NRRLY48067_1	390697	19808332	6037	N	Y	Y	N		Opulente DA et al.,2024	38662846	
893	Starmera amethionina NRRL Y-10978	Staame_NRRLY10978_1	53643	11229917	5388	N	Y	Y	N		Opulente DA et al.,2024	38662846	
894	Starmera stellimalicola NRRL Y-17912	Staste_NRRLY17912_1	56415	10833330	5270	N	Y	Y	N		Opulente DA et al.,2024	38662846	
895	Starmera quercuum NRRL YB-4281	Staque_NRRLYB4281_1	53646	11935012	6141	N	Y	Y	N		Opulente DA et al.,2024	38662846	
896	Candida ascalaphidarum NRRL Y-27908	Canasc_NRRLY27908_1	391823	10397081	5347	N	Y	Y	N		Opulente DA et al.,2024	38662846	
897	Lipomyces lipofer NRRL Y-11555	Liplip_NRRLY11555_1	36043	18782473	6568	N	Y	Y	N		Opulente DA et al.,2024	38662846	
898	Candida intermedia NRRL Y-981	Canint_NRRLY981_1	45354	13052811	5737	N	Y	Y	N		Opulente DA et al.,2024	38662846	
899	Debaryomyces marama NRRL Y-2171	Debmar_NRRLY2171_1	27297	11000421	5653	N	Y	Y	N		Opulente DA et al.,2024	38662846	
900	Kazachstania solicola NRRL Y-27207	Kazsol_NRRLY27207_1	1089532	12230477	5417	N	Y	Y	N		Opulente DA et al.,2024	38662846	
901	Ogataea nonfermentans NRRL YB-2203	Oganon_NRRLYB2203_1	53937	9147992	5413	N	Y	Y	N		Opulente DA et al.,2024	38662846	
902	Barnettozyma salicaria NRRL Y-6780	Barsal_NRRLY6780_1	1337058	10435495	5315	N	Y	Y	N		Opulente DA et al.,2024	38662846	
903	Metschnikowia matae var. matae NRRL Y-63736	Metmat_NRRLY63736_1	1697386	21320362	6362	N	Y	Y	N		Opulente DA et al.,2024	38662846	
904	Ogataea methylivora NRRL Y-17250	Ogamet_NRRLY17250_1	53649	11815970	5663	N	Y	Y	N		Opulente DA et al.,2024	38662846	
905	Pichia exigua NRRL Y-10920	Picexi_NRRLY10920_1	1171599	10998378	5131	N	Y	Y	N		Opulente DA et al.,2024	38662846	
906	Priceomyces medius NRRL Y-7122	Primed_NRRLY7122_1	45504	11069228	5538	N	Y	Y	N		Opulente DA et al.,2024	38662846	
907	Pichia norvegensis NRRL Y-7687	Picnor_NRRLY7687_1	4921	9705888	5076	N	Y	Y	N		Opulente DA et al.,2024	38662846	
908	Saccharomycopsis malanga NRRL Y-7175	Sacmal_NRRLY7175_1	44092	16739765	5858	N	Y	Y	N		Opulente DA et al.,2024	38662846	
909	Saturnispora silvae NRRL Y-6725	Satsil_NRRLY6725_1	52249	9281248	4876	N	Y	Y	N		Opulente DA et al.,2024	38662846	
910	Ambrosiozyma kashinagicola NRRL Y-63631	Ambkas_NRRLY63631_1	489715	12339349	5821	N	Y	Y	N		Opulente DA et al.,2024	38662846	
911	Dipodascus geniculatus NRRL Y-17628	Dipgen_NRRLY17628_1	44078	15150603	6423	N	Y	Y	N		Opulente DA et al.,2024	38662846	
912	Candida golubevii NRRL Y-48707	Cangol_NRRLY48707_1	1323752	14644129	5452	N	Y	Y	N		Opulente DA et al.,2024	38662846	
913	Dipodascus albidus NRRL Y-12859	Dipalb_NRRLY12859_1	27315	16095485	6515	N	Y	Y	N		Opulente DA et al.,2024	38662846	
914	Hyphopichia homilentoma NRRL Y-10941	Hyphom_NRRLY10941_1	45558	12240534	5723	N	Y	Y	N		Opulente DA et al.,2024	38662846	
915	Cyberlindnera xylosilytica NRRL YB-2097	Cybxyl_NRRLYB2097_1	1667614	13306283	6374	N	Y	Y	N		Opulente DA et al.,2024	38662846	
916	Kurtzmaniella cleridarum NRRL Y-48386	Kurcle_NRRLY48386_1	121466	12087713	5295	N	Y	Y	N		Opulente DA et al.,2024	38662846	
917	Kodamaea laetipori NRRL Y-27713	Kodlae_NRRLY27713_1	271274	14989980	5857	N	Y	Y	N		Opulente DA et al.,2024	38662846	
918	Pichia nakasei NRRL Y-7686	Picnak_NRRLY7686_1	53656	10563413	5084	N	Y	Y	N		Opulente DA et al.,2024	38662846	
919	Martiniozyma abietophila NRRL Y-11514	Marabi_NRRLY11514_1	324742	12779880	6681	N	Y	Y	N		Opulente DA et al.,2024	38662846	
920	Ogataea nitratoaversa NRRL Y-48449	Oganit_NRRLY48449_1	490708	14067374	5611	N	Y	Y	N		Opulente DA et al.,2024	38662846	
921	Metschnikowia lochheadii NRRL Y-27457	Metloc_NRRLY27457_1	135832	19872764	6171	N	Y	Y	N		Opulente DA et al.,2024	38662846	
922	Citeromyces hawaiiensis NRRL Y-11581	Cithaw_NRRLY11581_1	1046750	16325508	5696	N	Y	Y	N		Opulente DA et al.,2024	38662846	
923	Tetrapisispora iriomotensis NRRL Y-27309	Tetiri_NRRLY27309_1	113606	11317044	5130	N	Y	Y	N		Opulente DA et al.,2024	38662846	
924	Meyerozyma athensensis NRRL Y-27644	Meyath_NRRLY27644_1	304220	9835604	5490	N	Y	Y	N		Opulente DA et al.,2024	38662846	
925	Hyphopichia heimii NRRL Y-7502	Hyphei_NRRLY7502_1	507511	13190831	6114	N	Y	Y	N		Opulente DA et al.,2024	38662846	
926	Kurtzmaniella fragi NRRL Y-17910	Kurfra_NRRLY17910_1	52254	11984407	5443	N	Y	Y	N		Opulente DA et al.,2024	38662846	
927	Botryozyma nematodophila NRRL Y-17705	Botnem_NRRLY17705_1	44070	17502982	5704	N	Y	Y	N		Opulente DA et al.,2024	38662846	
928	Debaryomyces prosopidis NRRL Y-27369	Debpro_NRRLY27369_1	148098	12030262	5954	N	Y	Y	N		Opulente DA et al.,2024	38662846	
929	Ogataea glucozyma NRRL YB-2185	Ogaglu_NRRLYB2185_1	36023	13143382	5690	N	Y	Y	N		Opulente DA et al.,2024	38662846	
930	Metschnikowia hawaiiana NRRL Y-27473	Methaw_NRRLY27473_1	197672	11792031	5131	N	Y	Y	N		Opulente DA et al.,2024	38662846	
931	Priceomyces castillae NRRL Y-7501	Pricas_NRRLY7501_1	45501	10784697	5416	N	Y	Y	N		Opulente DA et al.,2024	38662846	
932	Cyberlindnera saturnus NRRL Y-17396	Cybsat_NRRLY17396_1	907340	12742164	6015	N	Y	Y	N		Opulente DA et al.,2024	38662846	
933	Ogataea methanolica NRRL Y-7685	Ogamet_NRRLY7685_1	1156966	14776555	5788	N	Y	Y	N		Opulente DA et al.,2024	38662846	
934	Saturnispora saitoi NRRL Y-6671	Satsai_NRRLY6671_1	58634	9775005	4972	N	Y	Y	N		Opulente DA et al.,2024	38662846	
935	Debaryomyces nepalensis NRRL Y-7108	Debnep_NRRLY7108_1	27299	11403703	5821	N	Y	Y	N		Opulente DA et al.,2024	38662846	
936	Cyberlindnera petersonii NRRL YB-3808	Cybpet_NRRLYB3808_1	36028	11631046	5776	N	Y	Y	N		Opulente DA et al.,2024	38662846	
937	Spencermartinsiella europaea NRRL Y-48265	Speeur_NRRLY48265_1	933994	14757957	6201	N	Y	Y	N		Opulente DA et al.,2024	38662846	
938	Nakazawaea peltata NRRL Y-6888	Nakpel_NRRLY6888_1	1538182	11650724	5586	N	Y	Y	N		Opulente DA et al.,2024	38662846	
939	Tortispora ganteri NRRL Y-17035	Torgan_NRRLY17035_1	1326887	9154299	4844	N	Y	Y	N		Opulente DA et al.,2024	38662846	
940	Magnusiomyces tetraspermus NRRL Y-7288	Magtet_NRRLY7288_1	1294638	25814894	7689	N	Y	Y	N		Opulente DA et al.,2024	38662846	
941	Diddensiella caesifluorescens NRRL Y-48781	Didcae_NRRLY48781_1	1194607	11925625	5949	N	Y	Y	N		Opulente DA et al.,2024	38662846	
942	Candida ponderosae NRRL YB-2307	Canpon_NRRLYB2307_1	135456	14032819	6260	N	Y	Y	N		Opulente DA et al.,2024	38662846	
943	Millerozyma acaciae NRRL Y-7117	Milaca_NRRLY7117_1	28986	11117015	5351	N	Y	Y	N		Opulente DA et al.,2024	38662846	
944	Candida corydali NRRL Y-27910	Cancor_NRRLY27910_1	391826	11027344	5468	N	Y	Y	N		Opulente DA et al.,2024	38662846	
945	Ogataea populi-albae NRRL Y-48632	Ogapop_NRRLY48632_1	550978	11679847	5623	N	Y	Y	N		Opulente DA et al.,2024	38662846	
946	Saturnispora serradocipensis NRRL Y-48717	Satser_NRRLY48717_1	756769	10223865	4979	N	Y	Y	N		Opulente DA et al.,2024	38662846	
947	Meyerozyma carpophila NRRL Y-17905	Meycar_NRRLY17905_1	374178	10305569	5586	N	Y	Y	N		Opulente DA et al.,2024	38662846	
948	Priceomyces haplophilus NRRL Y-7860	Prihap_NRRLY7860_1	45502	10500593	5275	N	Y	Y	N		Opulente DA et al.,2024	38662846	
949	Aciculoconidium aculeatum NRRL YB-4298	Aciacu_NRRLYB4298_1	43968	17942758	6253	N	Y	Y	N		Opulente DA et al.,2024	38662846	
950	Candida schatavii NRRL Y-17078	Cansch_NRRLY17078_1	45587	13290650	5600	N	Y	Y	N		Opulente DA et al.,2024	38662846	
951	Metschnikowia continentalis NRRL Y-27449	Metcon_NRRLY27449_1	73519	22042463	6451	N	Y	Y	N		Opulente DA et al.,2024	38662846	
952	Hanseniaspora hatyaiensis ZIM 2327	Hanhat_ZIM2327_1	1235602	9643601	4248	N	Y	Y	N		Opulente DA et al.,2024	38662846	
953	Ambrosiozyma monospora NRRL Y-1484	Ambmon_NRRLY1484_1	43982	24704545	7861	N	Y	Y	N		Opulente DA et al.,2024	38662846	
954	Metschnikowia proteae NRRL Y-48784	Metpro_NRRLY48784_1	1150643	12271141	5331	N	Y	Y	N		Opulente DA et al.,2024	38662846	
955	Metschnikowia bicuspidata var. bicuspidata NRRL YB-4993	Metbic_NRRLYB4993_1	869754	15735278	5017	N	Y	Y	N		Opulente DA et al.,2024	38662846	
956	Candida tammaniensis NRRL Y-8257	Cantam_NRRLY8257_1	130808	10740327	5716	N	Y	Y	N		Opulente DA et al.,2024	38662846	
957	Blastobotrys niveus NRRL Y-17581	Blaniv_NRRLY17581_1	44073	16974375	7272	N	Y	Y	N		Opulente DA et al.,2024	38662846	
958	Pichia terricola NRRL YB-4310	Picter_NRRLYB4310_1	54551	12202984	5076	N	Y	Y	N		Opulente DA et al.,2024	38662846	
959	Metschnikowia matae var. maris NRRL Y-63737	Metmat_NRRLY63737_1	1697387	20191702	6083	N	Y	Y	N		Opulente DA et al.,2024	38662846	
960	Teunomyces kruisii NRRL Y-17087	Teukru_NRRLY17087_1	45561	11685045	5679	N	Y	Y	N		Opulente DA et al.,2024	38662846	
961	Pichia occidentalis NRRL Y-7552	Picocc_NRRLY7552_1	54552	11767746	5203	N	Y	Y	N		Opulente DA et al.,2024	38662846	
962	Kazachstania viticola NRRL Y-27206	Kazvit_NRRLY27206_1	71246	11287212	5229	N	Y	Y	N		Opulente DA et al.,2024	38662846	
963	Ascoidea asiatica NRRL Y-17632	Ascasi_NRRLY17632_1	1301101	19915357	6487	N	Y	Y	N		Opulente DA et al.,2024	38662846	
964	Saturnispora mendoncae NRRL Y-11515	Satmen_NRRLY11515_1	324741	8816516	4791	N	Y	Y	N		Opulente DA et al.,2024	38662846	
965	Metschnikowia shivogae NRRL Y-27924T	Metshi_NRRLY27924T_1	353899	10657767	5174	N	Y	Y	N		Opulente DA et al.,2024	38662846	
966	Pseudorhypophila mangenotii IMI 229747 v1.0	Trimang1	252193	54225038	14194	N	Y	Y	N		Tangthirasunun N et al.,2025	41440705	
967	Rhypophila pleiospora PSN 658 v1.0	Rhypple1	261701	46668506	14421	N	Y	Y	N		Tangthirasunun N et al.,2025	41440705	
968	Trichoderma cf. simile WF8	Trisim1	3060474	38413922	11320	N	Y	Y	N				10.1016/j.ibiod.2025.105997
969	Trichoderma cornu-damae KA190412C	Tricodam1	654480	38604505	8544	N	Y	Y	N		Christinaki AC et al.,2024	38214578	
970	Metschnikowia kipukae NRRL Y-27474	Metkip_NRRLY27474_1	197673	11158842	5243	N	Y	Y	N		Opulente DA et al.,2024	38662846	
971	Starmerella apicola NRRL Y-2481	Staapi_NRRLY2481_1	29830	9880676	4810	N	Y	Y	N		Opulente DA et al.,2024	38662846	
972	Lachancea waltii NRRL Y-8285	Lacwal_NRRLY8285_1	4914	10270630	4944	N	Y	Y	N		Opulente DA et al.,2024	38662846	
973	Starmerella gropengiesseri NRRL Y-17142	Stagro_NRRLY17142_1	45555	9833947	4941	N	Y	Y	N		Opulente DA et al.,2024	38662846	
974	Metschnikowia bowlesiae NRRL Y-63671	Metbow_NRRLY63671_1	1699426	16472351	5564	N	Y	Y	N		Opulente DA et al.,2024	38662846	
975	Nakaseomyces bracarensis NRRL Y-48270	Nakbra_NRRLY48270_1	273131	12338801	5246	N	Y	Y	N		Opulente DA et al.,2024	38662846	
976	Candida ipomoeae NRRL Y-27455	Canipo_NRRLY27455_1	1807681	18892182	5936	N	Y	Y	N		Opulente DA et al.,2024	38662846	
977	Brettanomyces anomalus NRRL Y-17522	Breano_NRRLY17522_1	37662	13110080	5372	N	Y	Y	N		Opulente DA et al.,2024	38662846	
978	Wickerhamomyces sp. UFMG-CM-Y6624	Wicksp_UFMGCMY6624_1	2781958	13043622	5843	N	Y	Y	N		Opulente DA et al.,2024	38662846	
979	Nakaseomyces nivariensis NRRL Y-48269	Nakniv_NRRLY48269_1	418086	11617224	5145	N	Y	Y	N		Opulente DA et al.,2024	38662846	
980	Limtongozyma cylindracea NRRL Y-17506	Limcyl_NRRLY17506_1	44322	9820713	5731	N	Y	Y	N		Opulente DA et al.,2024	38662846	
981	Wickerhamiella hasegawae JCM 12559	Wichas_JCM12559_1	446224	10561024	5419	N	Y	Y	N		Opulente DA et al.,2024	38662846	
982	Metschnikowia dekortorum NRRL Y-27430	Metdek_NRRLY27430_1	174643	16204871	5748	N	Y	Y	N		Opulente DA et al.,2024	38662846	
983	Starmerella geochares NRRL Y-17073	Stageo_NRRLY17073_1	46361	10196627	4955	N	Y	Y	N		Opulente DA et al.,2024	38662846	
984	Metschnikowia hibisci NRRL Y-27453	Methib_NRRLY27453_1	73520	11328037	5249	N	Y	Y	N		Opulente DA et al.,2024	38662846	
985	Metschnikowia aberdeeniae NRRL Y-27921	Metabe_NRRLY27921_1	353897	10563652	5162	N	Y	Y	N		Opulente DA et al.,2024	38662846	
986	Metschnikowia hamakuensis NRRL Y-27834	Metham_NRRLY27834_1	301365	17931510	6098	N	Y	Y	N		Opulente DA et al.,2024	38662846	
987	Brettanomyces naardenensis NRRL Y-17526	Brenaa_NRRLY17526_1	13370	11100539	5356	N	Y	Y	N		Opulente DA et al.,2024	38662846	
988	Marquandomyces marquandii M60 v1.0	Marma1	64636	43609300	12408	N	Y	Y	N		Agirrezabala Z et al.,2025	40778765	
989	Albophoma yamanashiensis M98 v1.0	Albya1	1635095	31184376	10216	N	Y	Y	N		Agirrezabala Z et al.,2025	40778765	
990	Arnium leporinum CBS 365.69 v1.0	Arnlep1	1536480	48471367	15425	N	Y	Y	N		Tangthirasunun N et al.,2025	41440705	
991	Cenococcum geophilum 1.058 v3.0	Cenge1058_1	794803	178544608	14145	N	Y	Y	N		Dauphin B et al.,2026	41566997	
992	Rhypophila myriaspora CBS 256.69 v1.0	Rhydec1	261697	48306602	14966	N	Y	Y	N		Tangthirasunun N et al.,2025	41440705	
993	Pseudorhypophila marina IMI 229743 v1.0	Zopmar1	573856	53642291	14839	N	Y	Y	N		Tangthirasunun N et al.,2025	41440705	
994	Pseudorhypophila sp. PSN 540 v1.0	ApoPSN540_1	3385931	55329830	14101	N	Y	Y	N		Tangthirasunun N et al.,2025	41440705	
995	Varicosporina prolifera CBS 130722 v1.0	Varpro1	45809	52827620	9676	N	Y	Y	N		Doval RL et al.,2025	40560406	
996	Melampsora lini CH5 haplotype H v2.0	Melli2_H	5261	242316735	16654	N	Y	Y	N		Sperschneider J et al.,2025	40435161	
997	Melampsora lini CH5 haplotype C v2.0	Melli2_C	5261	239950640	17015	N	Y	Y	N		Sperschneider J et al.,2025	40435161	
998	Emericellopsis maritima CBS 491.71 v1.0	Ememar1	234930	27862787	9530	N	Y	Y	N		Doval RL et al.,2025	40560406	
999	Morchella fluvialis M19-34m v1.1	MorM1934m1_1	1611433	51980669	11219	N	Y	Y	N		Bonito G et al.,2025	40769152	
1000	Pseudorhypophila sp. PSN 640 v1.0	Nasp640_1	2905925	47597854	12874	N	Y	Y	N		Tangthirasunun N et al.,2025	41440705	
1001	Rhypophila sp. PSN 637 v1.0	Rhsp637_1	2905927	46869963	14238	N	Y	Y	N		Tangthirasunun N et al.,2025	41440705	
1002	Botrytis cinerea B05.10	Bcine1	332648	42630066	11409	N	Y	Y	N		Van Kan JA et al.,2017~Staats M et al.,2012	26913498 23104368	
1003	Saccharomyces cerevisiae GLBRCY22-3	Sacce_GLBRCY223_1	4932	12294275	5709	N	Y	Y	N		McIlwain SJ et al.,2016	27172212	
1004	Starmerella sorbosivorans NCYC 2938	Stasorb1	140312	10281833	5016	N	Y	Y	N		Opulente DA et al.,2024	38662846	
1005	Colletotrichum plurivorum LFN00145	Colpl1	2175906	49689907	15024	N	Y	Y	N		Rogério F et al.,2020	32352862	
1006	Colletotrichum acutatum COL14	Colacu1	27357	51835763	13014	N	Y	Y	N				10.1007/s42161-024-01776-z
1007	Colletotrichum chrysophilum M932	Colchr1	1836956	55557938	17490	N	Y	Y	N				10.1007/s42161-023-01353-w
1008	Colletotrichum fructicola Cf413	Colfr1	690256	56528462	15078	N	Y	Y	N				10.1111/1462-2920.15490
1009	Colletotrichum siamense Cg363	Colsia1	690259	62936415	14772	N	Y	Y	N		Gan P et al.,2021	33780109	
1010	Morchella sp. Mel-23 M21-48-1 v1.0	MorM21481_1	1935343	54070648	11265	N	Y	Y	N		Bonito G et al.,2025	40769152	
1011	Morchella rufobrunnea NRRL 28464 v1.0	Morruf1	368404	57332400	10405	N	Y	Y	N		Bonito G et al.,2025	40769152	
1012	Ganoderma adspersum CBS 147723 v1.0	Ganads1	34456	92049152	16361	N	Y	Y	N		Reyes C et al.,2025	41237045	
1013	Trichoderma sp. AM6 v1.0	TrispAM6_1	1715253	39907117	13060	N	Y	Y	N		Parvez SS et al.,2025	40412041	
1014	Naganishia friedmannii 6030m v2.0	Nagfr2	89922	22259180	7353	N	Y	Y	N		Vimercati L et al.,2025	40471702	
1015	Aspergillus fumigatus UD1 v1.0	AspfumUD1_1	746128	28501995	9058	N	Y	Y	N				10.1021/acs.est.5c01771
1016	Cochliobolus victoriae FI3 v2.0	Cocvi2	930091	34030223	11600	N	Y	Y	N		Kessler SC et al.,2020	32929037	
1017	Tilletia maclaganii Tm001 NY21 v1.0	Tilmac1	1031713	42785591	10235	N	Y	Y	N		Benucci GMN et al.,2025	41190912	
1018	Coprinopsis cinerea AmutBmut v2	Copcin2	5346	37271365	13154	N	Y	Y	N		Hegedüs B et al.,2025	40262612	
1019	Fusarium oxysporum f. sp. lycopersici 4287 v3.0	Fusox3_1	426428	55580320	17629	N	Y	Y	N		Ayhan DH et al.,2025	40569077	
1020	Paraglomus occultum DAOM 240472	Paroc1	144539	44932488	9286	N	Y	Y	N		Malar C M et al.,2022	35451944	
1021	Rhizophagus irregularis 4401	Rhiir4401_1	588596	146854905	20178	N	Y	Y	N		Yildirir G et al.,2022	34747029	
1022	Rhizophagus irregularis A1 v2.0	RhiirA1_2	588596	147088061	20492	N	Y	Y	N		Yildirir G et al.,2022	34747029	
1023	Rhizophagus irregularis DAOM197198 v2.0	RhiirDAOM197198_2	588596	147209168	21599	N	Y	Y	N		Yildirir G et al.,2022	34747029	
1024	Rhizophagus irregularis C2	RhiirC2_2	588596	161924360	20735	N	Y	Y	N		Yildirir G et al.,2022	34747029	
1025	Lipomyces doorenjongii NRRL Y-27504 v1.0	Lipodoor1	383834	18877777	7320	N	Y	Y	N		Czajka JJ et al.,2024	38638323	
1026	Lipomyces doorenjongii CBS 8726 v1.0	Ldo8726_1	383834	20120702	7790	N	Y	Y	N		Czajka JJ et al.,2024	38638323	
1027	Dipodascopsis tothii CBS 759.85 v1.0	Diptot1	44089	13125970	5632	N	Y	Y	N		Czajka JJ et al.,2024	38638323	
1028	Lipomyces tetrasporus Phaff 51-55 v1.0	Lipotetr1	54092	19920682	7831	N	Y	Y	N		Czajka JJ et al.,2024	38638323	
1029	Lipomyces japonicus CBS 7319 v1.0	Lipjap1	56871	13369807	5843	N	Y	Y	N		Czajka JJ et al.,2024	38638323	
1030	Lipomyces starkeyi CBS 8064 v1.0	Lst8064_1	29829	18442876	7211	N	Y	Y	N		Czajka JJ et al.,2024	38638323	
1031	Lipomyces kononenkoae CBS 7786 v1.0	Lipokono1	34357	19377985	7799	N	Y	Y	N		Czajka JJ et al.,2024	38638323	
1032	Lipomyces chichibuensis CBS 12929 v1.0	Lipchi1	1546026	16367653	6545	N	Y	Y	N		Czajka JJ et al.,2024	38638323	
1033	Lipomyces mesembrius CBS 7600 v1.0	Lipmes1	56874	16874791	6759	N	Y	Y	N		Czajka JJ et al.,2024	38638323	
1034	Lipomyces starkeyi CBS 7536 v1.0	Lst7536_1	29829	20360898	7864	N	Y	Y	N		Czajka JJ et al.,2024	38638323	
1035	Lipomyces arxii Phaff 12-163 v1.0	Liparx1	56418	11916093	5729	N	Y	Y	N		Czajka JJ et al.,2024	38638323	
1036	Lipomyces starkeyi CBS 7851 v1.0	Lst7851_1	29829	19724608	7581	N	Y	Y	N		Czajka JJ et al.,2024	38638323	
1037	Lipomyces oligophaga CBS 7107 v1.0	Lipoli1	45792	13579278	5781	N	Y	Y	N		Czajka JJ et al.,2024	38638323	
1038	Ophiostoma piceae CECT20416 v2.0	OphpiCECT20416_2	61273	32082332	8857	N	Y	Y	N		Santos-Pascual R et al.,2023	37796004	
1039	Penicillium brevicompactum ITEM 18316 v1.0	Pbre18316_1	5074	31004130	11719	N	Y	Y	N		Visagie CM et al.,2023	37803441	
1040	Lipomyces smithiae NRRL Y-17922 v1.0	Lipsmi1	1125753	14146010	6067	N	Y	Y	N		Czajka JJ et al.,2024	38638323	
1041	Morchella brunnea JGI1270818 v1.0	Morbrun1	1174671	54761096	11196	N	Y	Y	N		Bonito G et al.,2025	40769152	
1042	Lipomyces starkeyi Phaff 78-24 v1.0	Lipstar1_1	29829	19585288	7603	N	Y	Y	N		Czajka JJ et al.,2024	38638323	
1043	Lipomyces starkeyi Phaff 78-25 v1.0	Lipsta1_1	29829	19965309	7746	N	Y	Y	N		Czajka JJ et al.,2024	38638323	
1044	Penicillium biforme ITEM 15300 v1.0	Pcas15300_1	707954	35451459	12781	N	Y	Y	N		Visagie CM et al.,2023	37803441	
1045	Penicillium solitum ITEM 18327 v1.0	Psol18327_1	60172	34176791	12589	N	Y	Y	N		Visagie CM et al.,2023	37803441	
1046	Lipomyces orientalis CBS 10300 v1.0	Lipori1_1	1233043	19864541	7764	N	Y	Y	N		Czajka JJ et al.,2024	38638323	
1047	Dichomitus squalens CBS 464.89 v2.0	Dicsqu464_2	114155	45603164	13877	N	Y	Y	N		Gonzalez Ramos VM et al.,2026	41660831	
1048	Lipomyces kononenkoae NRRL Y-11553 v1.0	Lipkon1	34357	16949407	7139	N	Y	Y	N		Czajka JJ et al.,2024	38638323	
1049	Lipomyces suomiensis NRRL Y-17356 v1.0	Lipsuo1	1337062	14000343	6130	N	Y	Y	N		Czajka JJ et al.,2024	38638323	
1050	Lipomyces starkeyi Phaff 55-103 v1.0	Lipstark1_1	29829	20058158	7747	N	Y	Y	N		Czajka JJ et al.,2024	38638323	
1051	Lipomyces doorenjongii Phaff 78-26 v1.0	Lipdoo1	383834	19395485	7558	N	Y	Y	N		Czajka JJ et al.,2024	38638323	
1052	Lipomyces tetrasporus NRRL Y-11562 v1.0	Liptetr1	54092	20463707	8129	N	Y	Y	N		Czajka JJ et al.,2024	38638323	
1053	Lipomyces tetrasporus NRRL Y-8875 v1.0	Liptetra1	54092	20090933	7903	N	Y	Y	N		Czajka JJ et al.,2024	38638323	
1054	Penicillium cvjetkovicii ITEM 18317 v1.0	Pcvj18317_1	1465813	25624726	9657	N	Y	Y	N		Visagie CM et al.,2023	37803441	
1055	Dipodascopsis uninucleata Phaff 50-6 v1.0	Dipuni1	27313	16242528	6018	N	Y	Y	N		Czajka JJ et al.,2024	38638323	
1056	Chaetomium funicola CBS 141.50 v1.0	Chafun1	1934379	32615522	9290	N	Y	Y	N		Hensen N et al.,2023	37820761	
1057	Staphylotrichum longicolle CBS 103.79 v1.0	Stalo1	669026	34697425	10752	N	Y	Y	N		Hensen N et al.,2023	37820761	
1058	Chaetomidium leptoderma CBS 538.74 v1.0	Chale1	669021	31974232	10261	N	Y	Y	N		Hensen N et al.,2023	37820761	
1059	Corynascus novoguineensis CBS 359.72 v1.0	Corno1	1126955	32248778	9528	N	Y	Y	N		Hensen N et al.,2023	37820761	
1060	Corynascella inaequalis CBS 284.82 v1.0	Corin1	2588326	36767856	11222	N	Y	Y	N		Hensen N et al.,2023	37820761	
1061	Achaetomium macrosporum CBS 532.94 v1.0	Achma1	79813	32434019	10292	N	Y	Y	N		Hensen N et al.,2023	37820761	
1062	Zymoseptoria tritici IP0323 v2.0	Zymtr1	336722	39686251	13414	N	Y	Y	N		Lapalu N et al.,2025	40971313	10.1371/journal.pgen.1002070
1063	Ordospora pajunii v1.0	MicG_I_3	3039483	2239413	1602	N	Y	Y	N		Dziuba MK et al.,2024	38651867	
1064	Butyriboletus roseoflavus v1.0	Butyri1	1325616	33976981	12051	N	Y	Y	N		Wu G et al.,2022	34767630	
1065	Calcarisporiella thermophila CBS 279.70	Calth1	911321	28155144	11754	N	Y	Y	N		Steindorff AS et al.,2024	39266695	
1066	Corynascus sepedonium ATCC9787	Corse1	190048	33300067	10644	N	Y	Y	N		Steindorff AS et al.,2024	39266695	
1067	Phialemonium thermophilum ATCC 24622	Acrth1	223376	28886936	10424	N	Y	Y	N		Steindorff AS et al.,2024	39266695	
1068	Aureobasidium pullulans ATCC 62921	Aurpu1	5580	28038881	11167	N	Y	Y	N		Steindorff AS et al.,2024	39266695	
1069	Chaetomium olivicolor CBS 102434	Chaol1	1485946	33947608	11709	N	Y	Y	N		Steindorff AS et al.,2024	39266695	
1070	Thermomyces dupontii NRRL 2155	Talth1	28565	19833760	7560	N	Y	Y	N		Steindorff AS et al.,2024	39266695	
1071	Rasamsonia byssochlamydoides NRRL 3658	Rasby1	89139	29320293	9937	N	Y	Y	N		Steindorff AS et al.,2024	39266695	
1072	Rasamsonia emersonii NRRL 3221	Talem1	68825	28732671	10481	N	Y	Y	N		Steindorff AS et al.,2024	39266695	
1073	Rhizomucor pusillus CBS 18367	Rhipu1	4840	25384556	10988	N	Y	Y	N		Steindorff AS et al.,2024	39266695	
1074	Thermoascus crustaceus CBS 18167	Thecr1	5088	31412805	10453	N	Y	Y	N		Steindorff AS et al.,2024	39266695	
1075	Thermoascus thermophilus ATCC 26413	Theth1	1131473	24769245	6884	N	Y	Y	N		Steindorff AS et al.,2024	39266695	
1076	Trametes versicolor ATCC 20869	Traver1	5325	43665725	15606	N	Y	Y	N		Steindorff AS et al.,2024	39266695	
1077	Malbranchea cinnamomea CBS 34355	Malci1	5041	24330608	9074	N	Y	Y	N		Steindorff AS et al.,2024	39266695	
1078	Microascus stellatus CBS 214.64	Theste1	5594	29549615	10386	N	Y	Y	N		Steindorff AS et al.,2024	39266695	
1079	Oculimacula yallundae CBS 49480	Ocuya1	86028	48660894	16587	N	Y	Y	N		Steindorff AS et al.,2024	39266695	
1080	Thermomyces lanuginosus ATCC 200065	Thela1	5541	19918373	8129	N	Y	Y	N		Steindorff AS et al.,2024	39266695	
1081	Thermothelomyces fergusii CBS 405.69	Thefe1	2588716	29057542	8837	N	Y	Y	N		Steindorff AS et al.,2024	39266695	
1082	Thermocarpiscus australiensis ATCC 28236	Thiau1	113626	28862251	10296	N	Y	Y	N		Steindorff AS et al.,2024	39266695	
1083	Thermothelomyces hinnuleus ATCC 52474	Thehi1	225406	29261746	7392	N	Y	Y	N		Steindorff AS et al.,2024	39266695	
1084	Humicola hyalothermophila CBS 45480	Humhy1	1486343	27586382	9529	N	Y	Y	N		Steindorff AS et al.,2024	39266695	
1085	Mycothermus thermophilus CBS 62091	Mycth1	85995	26958892	7749	N	Y	Y	N		Steindorff AS et al.,2024	39266695	
1086	Remersonia thermophila ATCC 22073	Remth1	72144	27414229	7598	N	Y	Y	N		Steindorff AS et al.,2024	39266695	
1087	Mycothermus thermophilus CBS 62591	Mycthe1	85995	29324843	10956	N	Y	Y	N		Steindorff AS et al.,2024	39266695	
1088	Thermothelomyces myriococcoides CBS 39893	Themy1	2588717	31687234	8744	N	Y	Y	N		Steindorff AS et al.,2024	39266695	
1089	Hypomyces rosellus CCMJ2808	Hypros1	5132	38475127	11067	N	Y	Y	N		Xu R et al.,2020	32245129	
1090	Hypomyces perniciosus HP10	Hypper1	2060699	44006492	11447	N	Y	Y	N		Li D et al.,2019	31146507	
1091	Linnemannia zychae PUST F9C	MozyPUSTF9C_1	979765	44794830	11182	N	Y	Y	N		Vandepol N et al.,2020	33364917	
1092	Mortierella hygrophila NRRL 2591	MohyN2591_1	979708	46054087	12256	N	Y	Y	N		Vandepol N et al.,2020	33364917	
1093	Gryganskiella cystojenkinii 1230	Mocy1230_1	979690	42943035	12079	N	Y	Y	N		Vandepol N et al.,2020	33364917	
1094	Mortierella alpina AD072	MoalAD072_1	64518	37282625	10869	N	Y	Y	N		Vandepol N et al.,2020	33364917	
1095	Mortierella sp. 14UC	Mosp14UC_1	1896178	45164476	11889	N	Y	Y	N		Vandepol N et al.,2020	33364917	
1096	Linnemannia camargensis NRRL 2610	MocaN2610_1	1897643	44900159	11813	N	Y	Y	N		Vandepol N et al.,2020	33364917	
1097	Mortierella polycephala KOD 948	MopoKOD948_1	41804	32627605	10186	N	Y	Y	N		Vandepol N et al.,2020	33364917	
1098	Mortierella alpina NRRL 66262	MoalN66262_1	64518	37714408	10498	N	Y	Y	N		Vandepol N et al.,2020	33364917	
1099	Mortierella antarctica KOD 1229	MoanKOD1229_1	979670	35455509	10312	N	Y	Y	N		Vandepol N et al.,2020	33364917	
1100	Haplosporangium sp. NRRL A-10996	HapNA10996_1	1897647	33513860	9755	N	Y	Y	N		Vandepol N et al.,2020	33364917	
1101	Mortierella alpina AD071	MoalAD071_1	64518	35060002	10658	N	Y	Y	N		Vandepol N et al.,2020	33364917	
1102	Mortierella alpina GBA31	MoalGBA31_1	64518	37238513	11090	N	Y	Y	N		Vandepol N et al.,2020	33364917	
1103	Mortierella sp. NVP41	MospNVP41_1	1896192	45063994	12544	N	Y	Y	N		Vandepol N et al.,2020	33364917	
1104	Podila clonocystis KOD 947	MoclKOD947_1	979688	39506643	11718	N	Y	Y	N		Vandepol N et al.,2020	33364917	
1105	Podila humilis KOD 1050	MohuKOD1050_1	64523	29168965	8465	N	Y	Y	N		Vandepol N et al.,2020	33364917	
1106	Mortierella sp. GBA30	MospGBA30_1	1896187	36978069	10471	N	Y	Y	N		Vandepol N et al.,2020	33364917	
1107	Mortierella sp. AD094	MospAD094_1	1896185	43843750	12995	N	Y	Y	N		Vandepol N et al.,2020	33364917	
1108	Actinomortierella ambigua BC1291	MoamBC1291_1	1343610	37574674	9860	N	Y	Y	N		Vandepol N et al.,2020	33364917	
1109	Actinomortierella wolfii NRRL 66265	MowoN66265_1	90253	34053379	8707	N	Y	Y	N		Vandepol N et al.,2020	33364917	
1110	Mortierella globulifera REB-010B	MoglREB010B_1	4855	39164784	10413	N	Y	Y	N		Vandepol N et al.,2020	33364917	
1111	Haplosporangium sp. NRRL A-10739	HapNA10739_1	1897648	33515068	9756	N	Y	Y	N		Vandepol N et al.,2020	33364917	
1112	Podila epicladia KOD 1059	MoepKOD1059_1	979697	38094216	11339	N	Y	Y	N		Vandepol N et al.,2020	33364917	
1113	Mortierella claussenii NRRL 2760	MoclN2760_1	1343614	37458580	10414	N	Y	Y	N		Vandepol N et al.,2020	33364917	
1114	Actinomortierella ambigua BC1065	MoamBC1065_1	1343610	37923144	9892	N	Y	Y	N		Vandepol N et al.,2020	33364917	
1115	Linnemannia zychae NRRL 2592	MozyN2592_1	979765	45702254	11284	N	Y	Y	N		Vandepol N et al.,2020	33364917	
1116	Podila horticola CK413	MohoCK413_1	311239	40418669	11844	N	Y	Y	N		Vandepol N et al.,2020	33364917	
1117	Podila clonocystis AM1000	MoclAM1000_1	979688	41421736	11687	N	Y	Y	N		Vandepol N et al.,2020	33364917	
1118	Neocallimastix cameroonii var. constans G3 v1.0	Neocon1	2316399	187118973	23663	N	Y	Y	N		Mondo SJ et al.,2025	40491964	
1119	Podospora tetraspora CBS 815.71 v1.0	Podtet1	343501	31459291	10639	N	Y	Y	N		Vittorelli N et al.,2023	36763677	
1120	Cyathus pallidus NK-01 v1.0	Cyapal1	380665	158824083	32880	N	Y	Y	N		Kraisitudomsook N et al.,2024	38195011	
1121	Cyathus stercoreus NK-82 v1.0	Cyaste1	181520	202911832	33641	N	Y	Y	N		Kraisitudomsook N et al.,2024	38195011	
1122	Lobosporangium transversale NRRL 5525	EctrN5525_1	64571	35648639	11345	N	Y	Y	N		Vandepol N et al.,2020	33364917	
1123	Linnemannia elongata NVP71	MoelNVP71_1	310910	45603771	12313	N	Y	Y	N		Vandepol N et al.,2020	33364917	
1124	Gamsiella multidivaricata NRRL 6456	MomuN6456_1	101098	36027863	10546	N	Y	Y	N		Vandepol N et al.,2020	33364917	
1125	Linnemannia elongata GBA40	MoelGBA40_1	310910	46808467	12658	N	Y	Y	N		Vandepol N et al.,2020	33364917	
1126	Dissophora ornata NRRL 22417	DiorN22417_1	979620	38407782	11261	N	Y	Y	N		Vandepol N et al.,2020	33364917	
1127	Entomortierella chlamydospora AD033	MochAD033_1	101097	39048271	11098	N	Y	Y	N		Vandepol N et al.,2020	33364917	
1128	Mortierella globulifera AD054	MoglAD054_1	4855	38208522	10364	N	Y	Y	N		Vandepol N et al.,2020	33364917	
1129	Haplosporangium bisporale NRRL A-12553	HabiNA12553_1	1897645	38988710	13339	N	Y	Y	N		Vandepol N et al.,2020	33364917	
1130	Mortierella sp. AD031	MospAD031_1	1896182	44817182	12719	N	Y	Y	N		Vandepol N et al.,2020	33364917	
1131	Entomortierella beljakovae KOD 1040	MobeAD1040_1	979673	37828604	11820	N	Y	Y	N		Vandepol N et al.,2020	33364917	
1132	Linnemannia gamsii NVP60	MogaNVP60_1	64522	49480766	13261	N	Y	Y	N		Vandepol N et al.,2020	33364917	
1133	Haplosporangium sp. NRRL 3175	HaspN3175_1	1897644	36129123	10850	N	Y	Y	N		Vandepol N et al.,2020	33364917	
1134	Mortierella alpina CK1249	MoalCK1249_1	64518	36285647	10609	N	Y	Y	N		Vandepol N et al.,2020	33364917	
1135	Mortierella sp. GBA43	MospGBA43_1	1896190	39248249	11601	N	Y	Y	N		Vandepol N et al.,2020	33364917	
1136	Linnemannia elongata GBA34	MoelGBA34_1	310910	46924179	12728	N	Y	Y	N		Vandepol N et al.,2020	33364917	
1137	Podila verticillata AD079	MoveAD079_1	78898	39719752	12117	N	Y	Y	N		Vandepol N et al.,2020	33364917	
1138	Mortierella sp. AM989	MospAM989_1	1896186	40151908	11516	N	Y	Y	N		Vandepol N et al.,2020	33364917	
1139	Podila verticillata TTC192	MoveTTC192_1	78898	42068474	12070	N	Y	Y	N		Vandepol N et al.,2020	33364917	
1140	Mortierella sp. KOD 1030	MospKOD1030_1	1715235	38836819	11804	N	Y	Y	N		Vandepol N et al.,2020	33364917	
1141	Mortierella sp. AD032	MospAD032_1	1896183	49302949	12750	N	Y	Y	N		Vandepol N et al.,2020	33364917	
1142	Linnemannia schmuckeri NRRL 6426	MoscN6426_1	64567	46052497	12060	N	Y	Y	N		Vandepol N et al.,2020	33364917	
1143	Entomortierella lignicola NRRL 2525	HaliN2525_1	979712	35304070	10855	N	Y	Y	N		Vandepol N et al.,2020	33364917	
1144	Linnemannia exigua NRRL 28262	MoexN28262_1	604196	48115323	12120	N	Y	Y	N		Vandepol N et al.,2020	33364917	
1145	Linnemannia elongata NVP5	MoelNVP5_1	310910	46032190	12746	N	Y	Y	N		Vandepol N et al.,2020	33364917	
1146	Podila minutissima NVP1	MomiNVP1_1	64525	39027383	11360	N	Y	Y	N		Vandepol N et al.,2020	33364917	
1147	Podila horticola AD009	MohoAD009_1	311239	39961060	12003	N	Y	Y	N		Vandepol N et al.,2020	33364917	
1148	Podila epigama NRRL 5512	MoepN5512_1	979699	32913551	10351	N	Y	Y	N		Vandepol N et al.,2020	33364917	
1149	Mortierella sp. AD011	MospAD011_1	1896180	38563514	11587	N	Y	Y	N		Vandepol N et al.,2020	33364917	
1150	Podila minutissima AD069	MomiAD069_1	64525	39396580	11885	N	Y	Y	N		Vandepol N et al.,2020	33364917	
1151	Mortierella sp. GBA35	MospGBA35_1	1896188	44822097	12284	N	Y	Y	N		Vandepol N et al.,2020	33364917	
1152	Linnemannia gamsii AD045	MogaAD045_1	64522	49262965	12723	N	Y	Y	N		Vandepol N et al.,2020	33364917	
1153	Podila verticillata NRRL 2611	MoveN2611_1	78898	39895005	11691	N	Y	Y	N		Vandepol N et al.,2020	33364917	
1154	Mortierella sp. AD010	MospAD010_1	1896179	38565807	11645	N	Y	Y	N		Vandepol N et al.,2020	33364917	
1155	Mortierella sp. NVP85	MospNVP85_1	1896193	42817329	12136	N	Y	Y	N		Vandepol N et al.,2020	33364917	
1156	Modicella reniformis MES-2147	MoreMES2147_1	1440133	43601601	12900	N	Y	Y	N		Vandepol N et al.,2020	33364917	
1157	Entomortierella chlamydospora NRRL 2769	MochN2769_1	101097	38209812	11724	N	Y	Y	N		Vandepol N et al.,2020	33364917	
1158	Podila epicladia AD058	MoepAD058_1	979697	40828719	11811	N	Y	Y	N		Vandepol N et al.,2020	33364917	
1159	Mortierella sp. GBA39	MospGBA39_1	1896189	50896850	15194	N	Y	Y	N		Vandepol N et al.,2020	33364917	
1160	Cadophora malorum M34	CadmalM34_1	108018	48849691	16037	N	Y	Y	N		Stefanovic E et al.,2021	34197206	
1161	Cadophora sp. M221	CadmalM221_1	2774352	58610110	16899	N	Y	Y	N		Stefanovic E et al.,2021	34197206	
1162	Cochliobolus heterostrophus HAW225 v4.0	ChetHAW225_4	5016	44199412	11727	N	Y	Y	N				10.1128/mbio.00261-23
1163	Cochliobolus heterostrophus PR9b v4.0	ChetPR9b_4	5016	38410429	11145	N	Y	Y	N				10.1128/mbio.00261-23
1164	Cochliobolus heterostrophus C4 v6.0	CocheC4_6	5016	37785996	11324	N	Y	Y	N				10.1128/mbio.00261-23
1165	Morchella rufobrunnea M84 v1.0	Morcra1	368404	54774707	10480	N	Y	Y	N		Bonito G et al.,2025	40769152	
1166	Neurospora intermedia FGSC 2613 v1.0	Neuin1	5142	39262359	11280	N	Y	Y	N		Maini Rekdal V et al.,2024	39209985	
1167	Rhizopus microsporus ATCC11559 v2.0	Rhimi59_2	58291	27394811	10700	N	Y	Y	N		Lax C et al.,2025	40268918	
1168	Pseudoneurospora amorphoporcata CBS626.80 v1.0	Gelamo1	29880	39983120	10636	N	Y	Y	N		Hensen N et al.,2023	37820761	
1169	Mucor lusitanicus CBS277.49 v3.0	Mucci3	36080	36611222	11616	N	Y	Y	N		Lax C et al.,2024	39025853	
1170	Copromyces sp. CBS 386.78 v1.0	CopCBS38678_1	252197	50044663	10890	N	Y	Y	N		Hensen N et al.,2023	37820761	
1171	Cladorrhinum samala PSN324 v1.0	Clasam1	585594	36213901	10895	N	Y	Y	N		Hensen N et al.,2023	37820761	
1172	Schizothecium conicum SC1-Ups v1.0	Schcon1	261694	45272810	11786	N	Y	Y	N		Hensen N et al.,2023	37820761	
1173	Cladorrhinum sp. PSN332 v1.0	Clasp332_1	2040734	37948236	12024	N	Y	Y	N		Hensen N et al.,2023	37820761	
1174	Diplogelasinospora grovesii CBS 340.73 v1.0	Dipgro1	303347	48188163	13057	N	Y	Y	N		Hensen N et al.,2023	37820761	
1175	Cladorrhinum sp. PSN259 v1.0	Clasp259_1	2040734	37965256	11972	N	Y	Y	N		Hensen N et al.,2023	37820761	
1176	Cercophora samala CBS 307.81 v1.0	Cersam1	330535	37160918	11249	N	Y	Y	N		Hensen N et al.,2023	37820761	
1177	Phialemonium atrogriseum 8032-3 v1.0	Phiatr1	1093897	33593884	11400	N	Y	Y	N		Hensen N et al.,2023	37820761	
1178	Echria (Arnium) macrotheca PSN4 v1.0	Echmac1	438768	37830185	12289	N	Y	Y	N		Hensen N et al.,2023	37820761	
1179	Podospora aff. communis PSN243 v1.0	Podcom1	5144	41929327	14462	N	Y	Y	N		Hensen N et al.,2023	37820761	
1180	Apiosordaria verruculosa CBS 315.58 v1.0	Apiver1	192815	37862799	11838	N	Y	Y	N		Hensen N et al.,2023	37820761	
1181	Podospora decipiens PSN293 v1.0	Poddec1	261697	47086504	14581	N	Y	Y	N		Hensen N et al.,2023~Tangthirasunun N et al.,2025	37820761 41440705	
1182	Podospora fimiseda CBS 990.96 v1.0	Podfim1	252190	36304237	12263	N	Y	Y	N		Hensen N et al.,2023	37820761	
1183	Podospora setosa CBS 892.96 v1.0	Podbra1	2587417	35600331	11395	N	Y	Y	N		Hensen N et al.,2023	37820761	
1184	Podospora australis PSN309 v1.0	Podaus1	1536484	37782204	12016	N	Y	Y	N		Hensen N et al.,2023	37820761	
1185	Morchella eximia CBS 144461 v1.0	Morexim1	1582338	47574696	11510	N	Y	Y	N		Bonito G et al.,2025	40769152	
1186	Morchella tridentina NRRL 54570 v1.0	Mortrid1	1582345	55750205	11075	N	Y	Y	N		Bonito G et al.,2025	40769152	
1187	Favolaschia claudopus CIRM-BRFM 2984 v1.0	Favcal1_2	2862362	264579338	49883	N	Y	Y	N		Navarro D et al.,2024	38434106	
1188	Helotiales sp. UNIPAMPA011 v1.0	Helsp1	1755440	48198474	16711	N	Y	Y	N		Lucini F et al.,2026	41921590	
1189	Scleroderma yunnanense jo. v1.0	Sclyun1	1163567	45547305	10194	N	Y	Y	N		Zhang H et al.,2025	39781500	
1190	Cadophora sp. UNIPAMPA014 v1.0	Cadosp1	1755420	46752869	14730	N	Y	Y	N		Lucini F et al.,2026	41921590	
1191	Porosterum spadiceum BS34 v1.0	Porspa1	103378	85198711	16879	N	Y	Y	N		Ben Ayed A et al.,2024	38198896	
1192	Scheffersomyces amazonensis UFMG-HMD-26.3 v1.0	Schama1	1078765	14209774	6071	N	Y	Y	N				10.1186/s13068-024-02467-8
1193	Scheffersomyces xylosifermentans CBS12540T v1.0	Schxyl1	1304137	17250428	6180	N	Y	Y	N				10.1186/s13068-024-02467-8
1194	Lipomyces tetrasporus NRRL Y-64009 v1.0	Liptet1	54092	20779202	8004	N	Y	Y	N		Jagtap SS et al.,2023	37906027	
1195	Kretzschmaria zonata GFP132 v1.0	Krezon1	2070401	67656747	12135	N	Y	Y	N		do Carmo MRA et al.,2025	40323424	
1196	Candida membranifaciens IST 626 v1.0	Canmem1	45567	11479453	5619	N	Y	Y	N		Palma M et al.,2022	35330255	
1197	Trichoderma amazonicum CBS 121216 v1.0	Tripleu1	860960	39720323	12696	N	Y	Y	N		Steindorff AS et al.,2026	41775999	
1198	Trichoderma evansii SZMC 28006 v1.0	Triev1	549676	38114710	11885	N	Y	Y	N		Steindorff AS et al.,2026	41775999	
1199	Trichoderma velutinum SZMC 28001 v1.0	Triveli1	202918	41310773	13295	N	Y	Y	N		Steindorff AS et al.,2026	41775999	
1200	Trichoderma asperelloides SZMC 27998 v1.0	Triaspe1	702382	37377375	11746	N	Y	Y	N		Steindorff AS et al.,2026	41775999	
1201	Trichoderma brevicompactum SZMC 28004 v1.0	Tribrev1	247546	39584842	12019	N	Y	Y	N		Steindorff AS et al.,2026	41775999	
1202	Trichoderma sinense DAOM 230004 v1.0	Trisin1	233110	34474474	10243	N	Y	Y	N		Steindorff AS et al.,2026	41775999	
1203	Trichoderma strictipile CBS 347.93 v1.0	Trist1	63589	39809125	11698	N	Y	Y	N		Steindorff AS et al.,2026	41775999	
1204	Trichoderma sp. aff zeloharzianum SZMC 28011 v1.0	TriTUC5505_1	2724209	40383558	12826	N	Y	Y	N		Steindorff AS et al.,2026	41775999	
1205	Trichoderma cerinum SZMC 28002 v1.0	Trice1	202912	40186329	12801	N	Y	Y	N		Steindorff AS et al.,2026	41775999	
1206	Trichoderma inhamatum CBS 273.78 v1.0	Triinh1	58856	38296902	12869	N	Y	Y	N		Steindorff AS et al.,2026	41775999	
1207	Trichoderma amazonicum SZMC 28009	Triam1	860960	39708519	12689	N	Y	Y	N		Steindorff AS et al.,2026	41775999	
1208	Trichoderma novae-zelandiae CBS 472.97 v1.0	Trinov1	173947	34589716	10376	N	Y	Y	N		Steindorff AS et al.,2026	41775999	
1209	Trichoderma endophyticum SZMC 28010 v1.0	Trien1	1567481	39400447	12947	N	Y	Y	N		Steindorff AS et al.,2026	41775999	
1210	Trichoderma velutinum CBS 230012 v1.0	Trivel1	202918	39453272	12935	N	Y	Y	N		Steindorff AS et al.,2026	41775999	
1211	Trichoderma sp. aff compactum SZMC 28013 v1.0	Tri5640_1	2682604	41997300	12874	N	Y	Y	N		Steindorff AS et al.,2026	41775999	
1212	Trichoderma longibrachiatum CBS 115340 v1.0	Trior1	5548	32393488	10676	N	Y	Y	N		Steindorff AS et al.,2026	41775999	
1213	Trichoderma alni SZMC 28000 v1.0	Trialn1	1490976	45849380	12485	N	Y	Y	N		Steindorff AS et al.,2026	41775999	
1214	Trichoderma sp. aff palidulum TUCIM 5745 v1.0	Tritai1	2724206	38144035	11720	N	Y	Y	N		Steindorff AS et al.,2026	41775999	
1215	Trichoderma effusum DAOM 230007 v1.0	Trieff1	202913	35728818	10381	N	Y	Y	N		Steindorff AS et al.,2026	41775999	
1216	Trichoderma sp. aff lixii SZMC 28015 v1.0	Trich5757_1	2818454	40208467	13104	N	Y	Y	N		Steindorff AS et al.,2026	41775999	
1217	Trichoderma sp. aff breve SZMC 28012 v1.0	Trsp14807	2818457	39807863	13010	N	Y	Y	N		Steindorff AS et al.,2026	41775999	
1218	Trichoderma aggressivum SZMC 3109 v1.0	Triag1	173216	40198631	12489	N	Y	Y	N		Steindorff AS et al.,2026	41775999	
1219	Trichoderma spirale SZMC 28008 v1.0	Trispi1_2	63588	39745706	11765	N	Y	Y	N		Steindorff AS et al.,2026	41775999	
1220	Trichoderma flagellatum SZMC 28003 v1.0	Trifla1	1195188	34607782	10318	N	Y	Y	N		Steindorff AS et al.,2026	41775999	
1221	Trichoderma strigosellum SZMC 28007 v1.0	Tristr1	1202974	35847496	11341	N	Y	Y	N		Steindorff AS et al.,2026	41775999	
1222	Trichoderma sp. aff palidulum SZMC 28014 v1.0	Tri5649_1	2724212	38138098	11796	N	Y	Y	N		Steindorff AS et al.,2026	41775999	
1223	Trichoderma minutisporum DAOM 175931 v1.0	Trimi1	63585	36980482	11228	N	Y	Y	N		Steindorff AS et al.,2026	41775999	
1224	Trichoderma taiwanense SZMC 28005 v1.0	Trikon1	337941	37012296	11805	N	Y	Y	N		Steindorff AS et al.,2026	41775999	
1225	Trichoderma sp. aff pleuroticola CBS 121217 v1.0	Trichpleur1	504485	40720968	12747	N	Y	Y	N		Steindorff AS et al.,2026	41775999	
1226	Trichoderma helicum DAOM 230021 v1.0	Trihel1	202915	37707085	11091	N	Y	Y	N		Steindorff AS et al.,2026	41775999	
1227	Ganoderma boninense G3 v1.0	Ganbon1	34458	79188463	19834	N	Y	Y	N		Utomo C et al.,2018	29700132	
1228	Ganoderma lucidum G.260125-1 v1.0	Ganluc1	1077286	43292593	14076	N	Y	Y	N		Chen S et al.,2012	22735441	
1229	Trichoderma asperelloides T203 v1.0	Triasper1	101201	36270279	11166	N	Y	Y	N		Gortikov M et al.,2022	35175124	
1230	Blastobotrys indianensis NRRL YB-1950	Blain1	241408	14239844	6529	N	Y	Y	N				10.1126/science.adj4503
1231	Debaryomyces singareniensis CBS 10405	Debsi1	526733	10095892	5418	N	Y	Y	N				10.1126/science.adj4503
1232	Blastobotrys raffinosifermentans NRRL Y-27150	Blara1	1548389	12020469	6102	N	Y	Y	N		Shen XX et al.,2018	30415838	
1233	Debaryomyces fabryi NRRL Y-17914	Debfab1	58627	11912606	6116	N	Y	Y	N		Shen XX et al.,2018	30415838	
1234	Dioszegia hungarica PDD-24b-2	Diohu1	4972	20956533	8219	N	Y	Y	N		Jarrige D et al.,2022	36259934	
1235	Mycocalia denudata CBS 494.85 v1.0	Mycden1	404356	72666472	13474	N	Y	Y	N		Kraisitudomsook N et al.,2024	38195011	
1236	Morchella dunalii PhC 240 v1.0	Mordun1	1582327	50708236	10363	N	Y	Y	N		Bonito G et al.,2025	40769152	
1237	Morchella sp. GAL PhC 278 v1.0	Morgal1	1935343	49330577	10239	N	Y	Y	N		Bonito G et al.,2025	40769152	
1238	Morchella vulgaris PhC 158 v1.0	Moresc1	60348	51151225	10777	N	Y	Y	N		Bonito G et al.,2025	40769152	
1239	Schizophyllum fasciatum CBS 267.60 v1.0	Schfas1	160053	30435173	11722	N	Y	Y	N		Marian IM et al.,2024	39004162	
1240	Yarrowia lipolytica NRRL Y-64008 v1.0	YarliY64008_1	4952	20503409	6577	N	Y	Y	N		Jagtap SS et al.,2023	37982613	
1241	Gigaspora margarita BEG34	Gigmar1	4874	773098546	29544	N	Y	Y	N		Venice F et al.,2020	31621176	
1242	Fusarium proliferatum NRRL 62905	Fuspr1	948311	43166078	15254	N	Y	Y	N		Niehaus EM et al.,2016	28040774	
1243	Morchella sp. Mes-17 NRRL 53840 v1.0	MorvulMes17_1	60348	51333659	10854	N	Y	Y	N		Bonito G et al.,2025	40769152	
1244	Zygosaccharomyces rouxii NRRL Y-64007 v1.0	Zygrou1	4956	9952157	5001	N	Y	Y	N		Jagtap SS et al.,2022	35442079	
1245	Antarctomyces sp. UNIPAMPA016 v1.0	Ant016_1	2040680	25781640	7641	N	Y	Y	N		Lucini F et al.,2026	41921590	
1246	Trichocladium griseum var. thermoidea UFV	Humgr1	2567926	28753852	8099	N	Y	Y	N		Steindorff AS et al.,2021	34523973	
1247	Clonostachys rosea IK726	Cloros1	29856	70045661	19941	N	Y	Y	N		Karlsson M et al.,2015~Broberg M et al.,2018~Broberg M et al.,2021	25575496 30524411 33664789	
1248	Morchella eximia NRRL 26621 v1.0	Morexi1	1582338	47787820	10506	N	Y	Y	N		Bonito G et al.,2025	40769152	
1249	Leotiomycetes sp. R113_184 v1.0	ColoR113_1	147548	21085095	7458	N	Y	Y	N		Nelson AR et al.,2022	36008619	
1250	Morchella populiphila NRRL 22315 v1.0	Morpop1	1174669	52967574	10306	N	Y	Y	N		Bonito G et al.,2025	40769152	
1251	Morchella ulmaria NRRL 36825 v1.0	Morulm1	5193	51241326	10731	N	Y	Y	N		Bonito G et al.,2025	40769152	
1252	Morchella septentrionalis NRRL 54509 v1.0	Morsep1	1174675	51476262	10799	N	Y	Y	N		Bonito G et al.,2025	40769152	
1253	Coniochaeta ligniaria R110-5 v1.0	ColoR110_1	177197	32102481	10509	N	Y	Y	N		Nelson AR et al.,2022	36008619	
1254	Ganoderma leucocontextum Dai12418 v1.0	Ganleu1	1566825	60339699	16952	N	Y	Y	N		Sun YF et al.,2022	35330313	
1255	Arthrinium esporlense UNIPAMPA010 v1.0	Artesp1	2421358	43456354	13950	N	Y	Y	N		Lucini F et al.,2026	41921590	
1256	Morchella americana PhC 192 v1.0	Morame1	1582323	63616142	11032	N	Y	Y	N		Bonito G et al.,2025	40769152	
1257	Morchella anatolica PhC 233 v1.0	Morana1	1582322	57520386	10630	N	Y	Y	N		Bonito G et al.,2025	40769152	
1258	Pinnaticoemansia coranantispora CBS 131509 T v1.0	Pincor1_1	417175	26853572	7973	N	Y	Y	N		Reynolds NK et al.,2023	36617272	
1259	Pecoramyces sp. F1	Pecora1	2509902	106834627	17740	N	Y	Y	N		Li Y et al.,2019	30894845	
1260	Cochliobolus heterostrophus Hm540	ChetHm540_1	665073	32575369	10409	N	Y	Y	N		Condon BJ et al.,2013	23357949	
1261	Morchella conifericola NRRL 54605 v1.0	Morcon1	2548439	52567085	10590	N	Y	Y	N		Bonito G et al.,2025	40769152	
1262	Rachicladosporium antarcticum CCFEE 5527	Racan1	1507870	47410550	18781	N	Y	Y	N		Coleine C et al.,2017	28684563	
1263	Rachicladosporium sp. CCFEE 5018	Rac5018_1	1974281	44578567	18892	N	Y	Y	N		Coleine C et al.,2017	28684563	
1264	Friedmanniomyces endolithicus CCFEE 5311	Frien1	329885	46746488	18027	N	Y	Y	N		Coleine C et al.,2020	32389308	
1265	Hortaea thailandica CCFEE 6315	Horth1	706561	23880597	8778	N	Y	Y	N		Coleine C et al.,2020	32389308	
1266	Cryomyces minteri CCFEE 5187	Crymi1	331657	44136976	13960	N	Y	Y	N		Coleine C et al.,2020~Selbmann L et al.,2015	32389308 25381156	
1267	Friedmanniomyces simplex CCFEE 5184	Frisi1	329884	37790643	13766	N	Y	Y	N		Coleine C et al.,2020	32389308	
1268	Oidium neolycopersici UMSG2	Oidneo1	212602	41983253	6851	N	Y	Y	N		Wu Y et al.,2018	30253736	
1269	Golovinomyces cichoracearum UMSG3	GciUMSG3_1	62708	56923012	6761	N	Y	Y	N		Wu Y et al.,2018	30253736	
1270	Golovinomyces cichoracearum UMSG1	GciUMSG1_1	62708	65886882	6532	N	Y	Y	N		Wu Y et al.,2018	30253736	
1271	Morchella deliciosa PhC 191 v1.0	Mordel1	1579548	56658686	11470	N	Y	Y	N		Bonito G et al.,2025	40769152	
1272	Elaphomyces granulatus OSC145934	Elagr1	519963	54153615	7178	N	Y	Y	N		Quandt CA et al.,2015	25753751	
1273	Trichoderma reesei CBS999.97 MAT1-2	TrireMAT12_1	51453	34324311	11087	N	Y	Y	N		Li WC et al.,2021~Li WC et al.,2020	33593897 33575607	
1274	Trichoderma reesei CBS999.97 MAT1-1	TrireMAT11_1	51453	34319199	11090	N	Y	Y	N		Li WC et al.,2021~Li WC et al.,2020	33593897 33575607	
1275	Moesziomyces antarcticus JCM 10317	Moean1	84753	18111965	6766	N	Y	Y	N		Saika A et al.,2014	25291760	
1276	Phakopsora pachyrhizi UFV02 v2.1	PpacPPUFV02	170000	1273655505	22467	N	Y	Y	N		Gupta YK et al.,2023	37005409	
1277	Phakopsora pachyrhizi K8108 v2.0	PhapaK8108	170000	1082905572	18216	N	Y	Y	N		Gupta YK et al.,2023	37005409	
1278	Alternaria sp. UNIPAMPA017 v1.0	Altsp017_1	5598	42692616	13067	N	Y	Y	N		Lucini F et al.,2026	41921590	
1279	Phyllosticta citribraziliensis CPC 17464 v1.0	Pcit17464	989973	31354043	10696	N	Y	Y	N		van Ingen-Buijs VA et al.,2024	39244012	
1280	Lentinula aciculospora JLM2183 v1.0	LacJLM2183_1	153920	110953323	11469	N	Y	Y	N				10.1073/pnas.2214076120
1281	Geosiphon pyriformis	Geopyr1	50956	128319586	11949	N	Y	Y	N		Malar C M et al.,2021	33592192	
1282	Acarospora strigata CBS 132363	Acastr1	1307806	26834860	9130	N	Y	Y	N		McDonald TR et al.,2013	23557360	
1283	Umbilicaria pustulata	Umbpus1	136370	39229750	8268	N	Y	Y	N		Dal Grande F et al.,2017	28359299	
1284	Batrachochytrium salamandrivorans BS	Batsa1	1357716	32636440	12471	N	Y	Y	N		Farrer RA et al.,2017	28322291	
1285	Fusarium mangiferae MRC7560	Fusma1	192010	46292722	15804	N	Y	Y	N		Niehaus EM et al.,2016	28040774	
1286	Fusarium langsethiae Fl201059	Fusla1	179993	37543021	11940	N	Y	Y	N		Lysøe E et al.,2016	26803271	
1287	Sclerotinia borealis F4128	Sclbo1	1432307	39450085	10166	N	Y	Y	N		Mardanov AV et al.,2014	24459262	
1288	Penicillium freii DAOM 242723	Penfr1	48697	33546389	11739	N	Y	Y	N		Wingfield BD et al.,2016	27433447	
1289	Fonsecaea erecta CBS 125763	Foner1	1367422	34747975	12090	N	Y	Y	N		Vicente VA et al.,2017	29062304	
1290	Naumovozyma dairenensis CBS 421	Nauda1	1071378	13527580	5548	N	Y	Y	N		Gordon JL et al.,2011	22123960	
1291	Pneumocystis murina B123	Pnemu1	1069680	7501343	3623	N	Y	Y	N		Ma L et al.,2016	26899007	
1292	Drechslerella stenobrocha 248	Drest1	1043628	21174508	5597	N	Y	Y	N		Liu K et al.,2014	24507587	
1293	Wickerhamiella sorbophila DS02	Wicso1	45607	8129113	4741	N	Y	Y	N		Lee H et al.,2018	30455739	
1294	Cryptococcus amylolentus CBS 6039	Cryam1	1295533	20254996	10306	N	Y	Y	N		Sun S et al.,2017	28800596	
1295	Bifiguratus adelaidae AZ0501	Bifad1	1938954	19478880	5719	N	Y	Y	N		Torres-Cruz TJ et al.,2017	28876195	
1296	Hanseniaspora guilliermondii UTAD222	Hangu1	56406	9037850	4070	N	Y	Y	N		Seixas I et al.,2019	30462193	
1297	Morchella arbutiphila PhC 291 v1.0	Morarb1	1810715	54167150	11179	N	Y	Y	N		Bonito G et al.,2025	40769152	
1298	Pneumocystis jirovecii RU7	Pnejir1	1408657	8396240	3761	N	Y	Y	N		Ma L et al.,2016	26899007	
1299	Vanderwaltozyma polyspora DSM 70294	Vanpo1	436907	14674591	5367	N	Y	Y	N		Scannell DR et al.,2007	17494770	
1300	Morchella vulgaris PhC 271 v2.0	Morvulg1	60348	49957398	10632	N	Y	Y	N		Bonito G et al.,2025	40769152	
1301	Pneumocystis carinii B80	Pneca1	1408658	7661456	3646	N	Y	Y	N		Ma L et al.,2016	26899007	
1302	Rhizophagus clarus HR1	Rhicl1	94130	116418735	27761	N	Y	Y	N		Kobayashi Y et al.,2018	29914365	
1303	Penicillium arizonense CBS 141311	Penar1	1835702	33729052	12253	N	Y	Y	N		Grijseels S et al.,2016	27739446	
1304	Candida orthopsilosis Co 90-125	Canor1	1136231	12659401	5678	N	Y	Y	N		Riccombeni A et al.,2012	22563396	
1305	Mycosphaerella eumusae CBS 114824	Myceu1	321146	47119461	12632	N	Y	Y	N		Chang TC et al.,2016	27513322	
1306	Pestalotiopsis fici W106-1	Pesfi1	1229662	51910726	15413	N	Y	Y	N		Wang X et al.,2015	25623211	
1307	Sporothrix insectorum RCEF 264	Spoin1	1081102	34722120	9496	N	Y	Y	N		Shang Y et al.,2016	27071652	
1308	Beauveria brongniartii RCEF 3172	Corbr1	1081107	32515992	9595	N	Y	Y	N		Shang Y et al.,2016	27071652	
1309	Fusarium poae 2516	Fuspo1	36050	46476831	14740	N	Y	Y	N		Vanheule A et al.,2016	27552804	
1310	Lecanicillium lecanii RCEF 1005	Corco1	1081108	35594087	11030	N	Y	Y	N		Shang Y et al.,2016	27071652	
1311	Thielaviopsis punctulata CR-DP1	Thipu1	72032	28117660	5296	N	Y	Y	N		Wingfield BD et al.,2015	26203426	
1312	Claviceps purpurea 20.1	Clapu1	1111077	32091443	8823	N	Y	Y	N		Schardl CL et al.,2013	23468653	
1313	Rhinocladiella mackenziei CBS 650.93	Rhima1	1442369	32474431	11382	N	Y	Y	N		Moreno LF et al.,2018	29326229	
1314	Diaporthe helianthi str. 7/96	Diahe1	158607	63672038	13139	N	Y	Y	N		Baroncelli R et al.,2016	27872817	
1315	Sporothrix schenckii 1099-18	Sposc1	1397361	32348531	10277	N	Y	Y	N		Teixeira MM et al.,2014	25351875	
1316	Sporothrix brasiliensis 5110	Spobr1	1398154	33170021	9067	N	Y	Y	N		Teixeira MM et al.,2014	25351875	
1317	Fusarium proliferatum ET1	Fuspro1	1227346	45210324	16143	N	Y	Y	N		Niehaus EM et al.,2016	28040774	
1318	Scedosporium apiospermum IHEM 14462	Sceap1	563466	43437139	8376	N	Y	Y	N		Vandeputte P et al.,2014	25278533	
1319	Cordyceps sp. RAO 2017	CorRAO_2017_1	2004951	32302071	11255	N	Y	Y	N		de Bekker C et al.,2017	28970504	
1320	Penicillium occitanis CL100	Penoc1	290292	36251488	11231	N	Y	Y	N		Bravo-Ruiz G et al.,2017	28951729	
1321	Metarhizium anisopliae ARSEF 549	Metani1	3151832	38504274	10891	N	Y	Y	N		Hu X et al.,2014	25368161	
1322	Colletotrichum gloeosporioides Cg-14	Colgl1	1237896	53209944	16538	N	Y	Y	N		Alkan N et al.,2013	23902260	
1323	Valsa mali str. 03-8	Valma1	578113	44725953	11165	N	Y	Y	N		Yin Z et al.,2015	26137988	
1324	Penicillium camemberti FM 013	Pencam1	1429867	35011981	14418	N	Y	Y	N		Cheeseman K et al.,2014	24407037	
1325	Colletotrichum sublineola TX430BB	Colsub1	1173701	46755813	12699	N	Y	Y	N		Baroncelli R et al.,2014	24926053	
1326	Phialocephala subalpina UAMH 11012	Phisu1	576137	69693031	20173	N	Y	Y	N		Schlegel M et al.,2016	27938347	
1327	Pseudocercospora musae CBS 116634	Psemus1	113226	60439160	13129	N	Y	Y	N		Chang TC et al.,2016	27513322	
1328	Isaria fumosorosea ARSEF 2679	Corfu1	1081104	33485962	10061	N	Y	Y	N		Shang Y et al.,2016	27071652	
1329	Fusarium culmorum UK99	Fuscu1	5516	41928875	12472	N	Y	Y	N		Urban M et al.,2016	27634986	
1330	Ascosphaera apis ARSEF 7405	Ascap1	392613	20313079	6442	N	Y	Y	N				10.1093/gbe/evw082
1331	Cercospora berteroae CBS 538.71	Cerbe1	357750	33892839	11903	N	Y	Y	N		de Jonge R et al.,2018	29844193	
1332	Torrubiella hemipterigena BCC1449	Torhe1	1531966	28476206	11471	N	Y	Y	N		Horn F et al.,2015	25614560	
1333	Penicillium roqueforti FM164	Penro1	1365484	29010044	12319	N	Y	Y	N		Cheeseman K et al.,2014	24407037	
1334	Nematocida displodere JUm2807	Nemdi1	1805483	3066400	2278	N	Y	Y	N		Luallen RJ et al.,2016	27362540	
1335	Pseudoloma neurophilia MK1	Pseneu1	146866	5248409	3644	N	Y	Y	N		Ndikumana S et al.,2017	27230544	
1336	Ordospora colligata OC4	Ordco1	1354746	2290528	1820	N	Y	Y	N		Pombert JF et al.,2015	25587016	
1337	Hepatospora eriocheir GB1	Heper1	1081669	4570278	2691	N	Y	Y	N		Wiredu Boakye D et al.,2017	28345194	
1338	Spraguea lophii 42 110	Sprlo1	1358809	4980876	2499	N	Y	Y	N		Campbell SE et al.,2013	23990793	
1339	Enterocytozoon hepatopenaei TH1	Enthe1	646526	3253521	2536	N	Y	Y	N		Wiredu Boakye D et al.,2017	28345194	
1340	Nosema apis BRL 01	Nosap1	1037528	8569501	2764	N	Y	Y	N		Chen Yp et al.,2013	23829473	
1341	Nosema bombycis CQ1	Nosbo1	578461	15689776	4468	N	Y	Y	N		Pan G et al.,2013	23496955	
1342	Tolypocladium capitatum CBS 113982	Tolca1	45235	22985095	7646	N	Y	Y	N		Quandt CA et al.,2018	29863984	
1343	Purpureocillium lilacinum PLFJ-1	Purli1	33203	38534601	11763	N	Y	Y	N		Wang G et al.,2016	27416025	
1344	Lachancea fermentati INRA UMR 1319	Lacfe1	4955	10264457	5233	N	Y	Y	N		Vakirlis N et al.,2016	27247244	
1345	Ganoderma sinense ZZ0214-1	Gansi1	1077348	48955697	15478	N	Y	Y	N		Zhu Y et al.,2015	26046933	
1346	Enterospora canceri GB1	Entca1	1081671	3095385	2169	N	Y	Y	N		Wiredu Boakye D et al.,2017	28345194	
1347	Vavraia culicis subsp. floridensis	Vavcu1	948595	6118689	2773	N	Y	Y	N		Desjardins CA et al.,2015	25968466	
1348	Amphiamblys sp. WSBS2006	AmpWSBS2006_1	1866961	5620147	3642	N	Y	Y	N		Mikhailov KV et al.,2017	27694476	
1349	Cryptococcus gattii WM276	CgaWM276_1	367775	18374760	6565	N	Y	Y	N		"D'Souza CA et al.,2011"	21304167	
1350	Malassezia pachydermatis CBS 1879	Malpa1	77020	8150648	4202	N	Y	Y	N		Triana S et al.,2015	26472839	
1351	Candida dubliniensis CD36	Candu1	573826	14618422	5860	N	Y	Y	N		Jackson AP et al.,2009	19745113	
1352	Lachancea meyersii CBS 8951	Lacme1	1266667	11261819	4998	N	Y	Y	N		Vakirlis N et al.,2016	27247244	
1353	Lachancea mirantina INRA UMR 1319	Lacmi1	1230905	10117267	5056	N	Y	Y	N		Vakirlis N et al.,2016	27247244	
1354	Phellinus noxius FFPRI411160	Pheno1	2282107	31444514	9820	N	Y	Y	N		Chung CL et al.,2017	28926153	
1355	Cyberlindnera fabianii 65	Cybfa1	36022	12188250	5509	N	Y	Y	N		van Rijswijck IM et al.,2017	28385833	
1356	Lachancea lanzarotensis CBS 12615	Lacla1	1245769	11092131	5058	N	Y	Y	N		Sarilar V et al.,2015	25883293	
1357	Cryptococcus gattii VGII 2001/935-1	CgaVGII_1	1859096	17566680	6495	N	Y	Y	N		Farrer RA et al.,2015	26330512	
1358	Debaryomyces fabryi CBS 789	Debfa1	58627	11700921	6027	N	Y	Y	N		Tafer H et al.,2016	26847909	
1359	Trachipleistophora hominis	Traho1	72359	8498182	3212	N	Y	Y	N		Heinz E et al.,2012~Watson AK et al.,2015	23133373 26589282	
1360	Ustilago bromivora UB2112	Ustbr1	307758	20447485	7185	N	Y	Y	N		Rabe F et al.,2016	27835569	
1361	Lachancea nothofagi CBS 11611	Lacno1	1266666	11313798	5154	N	Y	Y	N		Vakirlis N et al.,2016	27247244	
1362	Malassezia vespertilionis NWHC:44797-103	Malve1	2020962	7581597	3791	N	Y	Y	N		Lorch JM et al.,2018	30728599	
1363	Eremothecium gossypii FDAG1	Erego1	1034331	9133657	4766	N	Y	Y	N		Dietrich FS et al.,2013	23749448	
1364	Lachancea quebecensis INRA UMR 1319	Lacqu1	1654605	10229370	5074	N	Y	Y	N		Freel KC et al.,2016	26733577	
1365	Mucor ambiguus NBRC 6742	Mucam1	91626	40737472	11343	N	Y	Y	N		Lebreton A et al.,2020	32039703	
1366	Edhazardia aedis USNM 41457	Edhae1	1003232	51348006	4190	N	Y	Y	N		Desjardins CA et al.,2015	25968466	
1367	Lichtheimia ramosa JMRC FSU 6197	Licra1	688394	30708998	11542	N	Y	Y	N		Linde J et al.,2014	25212617	
1368	Microbotryum intermedium 1389 BM 12 12	Micin1	269621	23461035	8142	N	Y	Y	N		Branco S et al.,2017	28630332	
1369	Cryptococcus gattii VGIV IND107	CgaVGIV_1	1296105	17649378	6696	N	Y	Y	N		Farrer RA et al.,2015	26330512	
1370	Cryptococcus gattii CA1873	CgaCA1873_1	1296111	17438253	6634	N	Y	Y	N		Farrer RA et al.,2015	26330512	
1371	Kalmanozyma brasiliensis GHG001	Kalbr1	1365824	17325407	5765	N	Y	Y	N		Oliveira JVC et al.,2014~Oliveira JV et al.,2013	24682702 24356824	
1372	Kluyveromyces marxianus DMKU3 1042	Kluma1	1003335	10920159	4941	N	Y	Y	N		Lertwattanasakul N et al.,2015	25834639	
1373	Mucor circinelloides f circinelloides 1006PhL	Muccirc1	36080	36348485	12227	N	Y	Y	N		Lee SC et al.,2014	25006230	
1374	Eremothecium cymbalariae DBVPG 7215	Erecy1	931890	9669424	4434	N	Y	Y	N		Wendland J et al.,2011	22384365	
1375	Lachancea dasiensis CBS 10888	Lacda1	1072105	10701617	5096	N	Y	Y	N		Vakirlis N et al.,2016	27247244	
1376	Vittaforma corneae ATCC 50505	Vitco1	993615	3213516	2238	N	Y	Y	N		Cuomo CA et al.,2012	22813931	
1377	Saccharomycetaceae sp Ashbya aceri	SacAshbya_1	566037	8867527	4479	N	Y	Y	N		Dietrich FS et al.,2013	23749448	
1378	Candida parapsilosis CDC317	Canpa1	578454	13030174	5810	N	Y	Y	N		Butler G et al.,2009	19465905	
1379	Lachancea thermotolerans CBS 6340	Lacth1	559295	10392862	5092	N	Y	Y	N		Souciet JL et al.,2009	19525356	
1380	Ceraceosorus bombacis ATCC 22867	Cerbo1	401625	26090089	8022	N	Y	Y	N		Sharma R et al.,2015	26314305	
1381	Metarhizium majus ARSEF 297	Metma1	1650735	41974566	11535	N	Y	Y	N		Hu X et al.,2014	25368161	
1382	Drechmeria coniospora ARSEF 6962	Dreco1	98403	32831003	8236	N	Y	Y	N		Zhang L et al.,2016	26975455	
1383	Tolypocladium paradoxum NRBC 100945	Tolpa1	94208	27610157	8983	N	Y	Y	N		Quandt CA et al.,2018	29863984	
1384	Metarhizium guizhouense ARSEF977	Metgui1	500148	43436776	11787	N	Y	Y	N		Hu X et al.,2014	25368161	
1385	Tolypocladium ophioglossoides CBS100239	Tolop1	71617	31240685	9317	N	Y	Y	N		Quandt CA et al.,2015	26215153	
1386	Metarhizium rileyi RCEF4871	Metri1	1649241	31982430	8764	N	Y	Y	N		Shang Y et al.,2016	27071652	
1387	Metarhizium album ARSEF 1941	Metal1	92629	30361122	8472	N	Y	Y	N		Hu X et al.,2014	25368161	
1388	Moelleriella libera RCEF2490	Moeli1	324773	30816562	8461	N	Y	Y	N		Shang Y et al.,2016	27071652	
1389	Paramicrosporidium saccamoebae KSL3	Parsa1	1246581	7166071	3750	N	Y	Y	N		Quandt CA et al.,2017	29171834	
1390	Tetrapisispora phaffii CBS 4417	Tetpha1	1071381	12115070	5253	N	Y	Y	N		Gordon JL et al.,2011	22123960	
1391	Tilletia controversa DAOM 236426	Tilco1	13291	28841097	9860	N	Y	Y	N		Nguyen HDT et al.,2019	32355611	
1392	Cryptococcus wingfieldii CBS 7118	Tsuwi1	5619	19969799	8098	N	Y	Y	N		Passer AR et al.,2019	31186317	
1393	Tilletia walkeri DAOM 236422	Tilwal1	117179	24286172	7970	N	Y	Y	N		Nguyen HDT et al.,2019	32355611	
1394	Hypsizygus marmoreus 51987-8	Hypma1	39966	41626055	15561	N	Y	Y	N		Min B et al.,2018	30382831	
1395	Termitomyces sp. J132	TerJ132_1	1306850	67296805	11143	N	Y	Y	N		Poulsen M et al.,2014	25246537	
1396	Tetrapisispora blattae CBS 6284	Tetbla1	1071380	14048593	5389	N	Y	Y	N		Gordon JL et al.,2011	22123960	
1397	Tilletia indica DAOM 236416	Tilin1	43049	30320672	9548	N	Y	Y	N		Nguyen HDT et al.,2019	32355611	
1398	Pseudozyma flocculosa PF-1	Psefl1	1277687	23305380	6877	N	Y	Y	N		Lefebvre F et al.,2013	23800965	
1399	Tilletia caries DAOM 238032	Tilcar1	13290	29540861	10204	N	Y	Y	N		Nguyen HDT et al.,2019	32355611	
1400	Pseudogymnoascus sp. VKM F-4246	PseVKM4246_1	1420902	25759859	8540	N	Y	Y	N		Leushkin EV et al.,2015	25994131	
1401	Pseudogymnoascus sp. VKM F-103	PseVKM103_1	1420912	30255792	9802	N	Y	Y	N		Leushkin EV et al.,2015	25994131	
1402	Pseudogymnoascus sp. VKM F-3775	PseVKM3775_1	1420901	28506885	9472	N	Y	Y	N		Leushkin EV et al.,2015	25994131	
1403	Pseudogymnoascus sp. 03VT05	Pse03VT05_1	1622148	33292581	10252	N	Y	Y	N		Palmer JM et al.,2018	29295979	
1404	Verticillium longisporum VL1	Verlo1	100787	99189222	20793	N	Y	Y	N		Fogelqvist J et al.,2018	29298673	
1405	Ophiocordyceps kimflemingae SC16a	Ophun1	268505	23913698	8577	N	Y	Y	N		de Bekker C et al.,2015	26285697	
1406	Ophiocordyceps camponoti-rufipedis Map16	Ophca1	2004952	21899844	7618	N	Y	Y	N		de Bekker C et al.,2017	28970504	
1407	Ophiocordyceps australis Map64	Ophau1	1399860	23324075	8171	N	Y	Y	N		de Bekker C et al.,2017	28970504	
1408	Sordaria macrospora k-hell	Sorma1	771870	38303110	9856	N	Y	Y	N		Nowrousian M et al.,2010	20386741	
1409	Rhizoctonia solani AG-8 WAC10335	Rhisola1	1287689	39822884	13951	N	Y	Y	N		Hane JK et al.,2014	24810276	
1410	Penicillium brasilianum MG11	Penbra1	104259	35888622	11943	N	Y	Y	N		Horn F et al.,2015	26337871	
1411	Rhizoctonia solani AG-3 Rhs1AP	Rhisol1	1086054	51705945	12726	N	Y	Y	N		Cubeta MA et al.,2014	25359908	
1412	Stachybotrys chartarum IBT 40288	Stach1	1283842	36012651	11368	N	Y	Y	N		Semeiks J et al.,2014	25015739	
1413	Talaromyces islandicus WF3812	Talis1	28573	34715840	9927	N	Y	Y	N		Schafhauser T et al.,2015	26197417	
1414	Hirsutella minnesotensis 3608	Hirmi1	1043627	51057407	10463	N	Y	Y	N		Lai Y et al.,2014	25359922	
1415	Madurella mycetomatis mm55	Madmy1	100816	36704944	10707	N	Y	Y	N		Smit S et al.,2016	27231361	
1416	Stachybotrys chlorohalonata IBT 40285	Stachl1	1283841	34390047	10706	N	Y	Y	N		Semeiks J et al.,2014	25015739	
1417	Emergomyces pasteurianus UAMH 9510	Emepa1	1955774	32410993	8950	N	Y	Y	N		Dukik K et al.,2017	28176377	
1418	Coccidioides posadasii Silveira	Cocpos1	199306	27583241	10228	N	Y	Y	N		Neafsey DE et al.,2010	20516208	
1419	Emmonsia crescens UAMH 4076	Emmcr1	73230	33754519	8908	N	Y	Y	N		Muñoz JF et al.,2018	29540755	
1420	Pseudogymnoascus verrucosus UAMH 10579	Psever1	342668	30174856	10685	N	Y	Y	N		Palmer JM et al.,2018	29295979	
1421	Emmonsia parva UAMH 130	Emmpa1	2060905	27837035	8201	N	Y	Y	N		Muñoz JF et al.,2018	29540755	
1422	Trichophyton violaceum CMCC(F)T3l	Trivi1	34388	23367123	7037	N	Y	Y	N		Zhan P et al.,2017	28963202	
1423	Polychytrium aggregatum JEL109 v1.0	Polagg1_1	110093	64917104	10690	N	Y	Y	N		Amses KR et al.,2022	36037379	
1424	Erysiphe pulchra Cflorida	Erypu1	225359	63509586	6859	N	Y	Y	N		Wadl PA et al.,2019	30864941	
1425	Trichophyton mentagrophytes TIMM 2789	Trime1	523103	24069386	7860	N	Y	Y	N		Alshahni MM et al.,2018	30310114	
1426	Blastomyces percursus EI222	Blape1	1658174	32310953	10285	N	Y	Y	N		Dukik K et al.,2017	28176377	
1427	Rhynchosporium secalis 02CH4 6a1	Rhyse1	38038	49342573	13145	N	Y	Y	N		Penselin D et al.,2016	27875982	
1428	Saccharomyces eubayanus FM1318	Saceu1	1080349	11670174	5370	N	Y	Y	N		Baker E et al.,2015	26269586	
1429	Polytolypa hystricis UAMH 7299	Polhy1	1447883	34692036	9934	N	Y	Y	N		Muñoz JF et al.,2018	29540755	
1430	Paracoccidioides lutzii Pb01	Parlu1	502779	32925248	8826	N	Y	Y	N		Desjardins CA et al.,2011	22046142	
1431	Trichophyton interdigitale MR816	Triin1	1215338	22469575	8282	N	Y	Y	N		Persinoti GF et al.,2018	29467168	
1432	Rosellinia necatrix W97	Rosne1	77044	44257831	12444	N	Y	Y	N		Shimizu T et al.,2018	29688132	
1433	Trichophyton tonsurans CBS 112818	Trito1	647933	22988586	8521	N	Y	Y	N		Martinez DA et al.,2012	22951933	
1434	Botrytis cinerea T4	Botcin1	999810	39511426	16353	N	Y	Y	N		Amselem J et al.,2011	21876677	
1435	Trichophyton soudanense CBS 452.61	Triso1	1215331	22854418	10671	N	Y	Y	N		Persinoti GF et al.,2018	29467168	
1436	Pseudogymnoascus sp. VKM F-4520	PseVKM4520_1	1891168	34096352	11551	N	Y	Y	N		Leushkin EV et al.,2015	25994131	
1437	Trichophyton equinum CBS 127.97	Trieq1	559882	24158205	8676	N	Y	Y	N		Martinez DA et al.,2012	22951933	
1438	Helicocarpus griseus UAMH 5409	Helgr1	1447875	32035056	10224	N	Y	Y	N		Muñoz JF et al.,2018	29540755	
1439	Blastomyces dermatitidis ER-3	Blader1	559297	66608683	11539	N	Y	Y	N		Muñoz JF et al.,2015	26439490	
1440	Nannizzia gypsea CBS 118893	Nangy1	535722	23249403	8907	N	Y	Y	N		Martinez DA et al.,2012	22951933	
1441	Pseudogymnoascus sp. VKM F-4514	PseVKM4514_1	1891168	27026992	8865	N	Y	Y	N		Leushkin EV et al.,2015	25994131	
1442	Hanseniaspora opuntiae AWRI3578	Hanop1	211096	8831957	4167	N	Y	Y	N		Sternes PR et al.,2016	27856586	
1443	Hanseniaspora osmophila AWRI3579	Hanos1	56408	11458415	4657	N	Y	Y	N		Sternes PR et al.,2016	27856586	
1444	Hanseniaspora uvarum AWRI3580	Hanuv1	29833	8807786	4061	N	Y	Y	N		Sternes PR et al.,2016	27856586	
1445	Rhynchosporium commune UK7	Rhyco1	2792576	55569529	12211	N	Y	Y	N		Penselin D et al.,2016	27875982	
1446	Rhodotorula taiwanensis MD1149	Rhota1	741276	19568495	7014	N	Y	Y	N		Tkavc R et al.,2017	29375494	
1447	Rhynchosporium agropyri 04CH RACA61	Rhyag1	914238	52477121	13673	N	Y	Y	N		Penselin D et al.,2016	27875982	
1448	Talaromyces atroroseus IBT 11181	Talat1	1441469	30858562	9523	N	Y	Y	N		Thrane U et al.,2017	28254987	
1449	Naumovozyma castellii CBS 4309	Nauca1	27288	11219539	5592	N	Y	Y	N		Gordon JL et al.,2011	22123960	
1450	Lomentospora prolificans JHH-5317	Lompr1	41688	37603105	8557	N	Y	Y	N		Luo R et al.,2017	28963165	
1451	Alternaria sp. UNIPAMPA012 v1.0	Altsp012_1	1715220	41732561	12834	N	Y	Y	N		Lucini F et al.,2026	41921590	
1452	Scleroderma citrinum hr. v1.0	Sclcihr1	68788	77472219	10323	N	Y	Y	N		Zhang H et al.,2025	39781500	
1453	Morchella steppicola PhC 149 v1.0	Morpal1	743781	53912323	11272	N	Y	Y	N		Bonito G et al.,2025	40769152	
1454	Thelebolus globosus UNIPAMPA015 v1.0	Theglo1	319062	28152601	8952	N	Y	Y	N		Lucini F et al.,2026	41921590	
1455	Laccaria bicolor S238N-H82 v1.0	LacbiH82_1	29883	52023709	18706	N	Y	Y	N		Martin FM et al.,2026	41726154	
1456	Laccaria bicolor 81306 v1.0	Lacbi81306_1	983318	50950722	17791	N	Y	Y	N		Martin FM et al.,2026	41726154	
1457	Laccaria bicolor CBS 559.96 v1.0	Lacbi55996_1	29883	43460209	16977	N	Y	Y	N		Martin FM et al.,2026	41726154	
1458	Laccaria bicolor S238N-H53 v1.0	LacbiH53_1	1035139	51780559	18468	N	Y	Y	N		Martin FM et al.,2026	41726154	
1459	Laccaria bicolor N203 v1.0	LacbiN203_1	29883	69628581	21909	N	Y	Y	N		Martin FM et al.,2026	41726154	
1460	Laccaria bicolor S238N v1.0	LacbiS238N_1	29883	67655267	21724	N	Y	Y	N		Martin FM et al.,2026	41726154	
1461	Laccaria bicolor S238O v1.0	LacbiS238O_1	29883	57057526	17767	N	Y	Y	N		Martin FM et al.,2026	41726154	
1462	Laccaria bicolor Cham3 v1.0	LacbiCham3_1	29883	44650607	16084	N	Y	Y	N		Martin FM et al.,2026	41726154	
1463	Laccaria bicolor S238N-H70 v1.0	LacbiH70_1	29883	57049857	19903	N	Y	Y	N		Martin FM et al.,2026	41726154	
1464	Laccaria bicolor CBS 594.89 v1.0	Lacbi59489_1	29883	69983628	26800	N	Y	Y	N		Martin FM et al.,2026	41726154	
1465	Laccaria bicolor S238N-H82xH70 v1.0	LacbiH82xH70_1	1031715	42115601	17045	N	Y	Y	N		Martin FM et al.,2026	41726154	
1466	Laccaria bicolor S238N 93.12 v1.1	Lacbi9312_2	29883	96432810	25412	N	Y	Y	N		Martin FM et al.,2026	41726154	
1467	Laccaria bicolor DR170 v1.0	LacbiDR170_1	29883	79066865	24004	N	Y	Y	N		Martin FM et al.,2026	41726154	
1468	Fusarium oxysporum f.sp. cubense II5 v2.0	FoxII5	660034	49425076	16048	N	Y	Y	N		Zhang Y et al.,2024	39152292	
1469	Fusarium oxysporum Fo5176 v1.0	FoxFo5176	660025	67983296	19130	N	Y	Y	N		Fokkens L et al.,2020	32843521	
1470	Fusarium oxysporum Fo47 v2.0	FusoxFo47_2	660027	50358849	16207	N	Y	Y	N		Wang B et al.,2020	32552518	
1471	Phyllosticta paracitricarpa CBS 141358 v1.0	Phypa1	2016321	30827934	10064	N	Y	Y	N		van Ingen-Buijs VA et al.,2024	39244012	
1472	Olpidium bornovanus UBC F19785	Olpbor1	278681	28245108	8477	N	Y	Y	N		Chang Y et al.,2021	33547391	
1473	Aspergillus flavus NRRL3357 v1.0	Aspfl2_3	332952	37749288	13715	N	Y	Y	N		Skerker JM et al.,2021	34849826	
1474	Moniliophthora roreri MCA 2997	MroMCA2997_1	1381753	52057512	15415	N	Y	Y	N		Meinhardt LW et al.,2014	24571091	
1475	Lentinula edodes B17 v1.3	LedB17_3	5353	46097005	13943	N	Y	Y	N		Park SG et al.,2017~Shim D et al.,2016	29845094 26924240	
1476	Lentinula edodes NBRC 111202	Lened1	5353	39922873	12051	N	Y	Y	N		Sakamoto Y et al.,2017	28314725	
1477	Lentinula novae-zelandiae ICMP 18003 v1.0	LnoICMP18003A_1	42442	48944544	11421	N	Y	Y	N		Smith CA et al.,2021	33972587	
1478	Cryomyces antarcticus CBS 116301 v3.0	Cryan3	329879	51659106	9404	N	Y	Y	N				10.3389/ffunb.2024.1418145
1479	Phyllosticta citrichinaensis CBS 129764 v1.0	Pcit129764	1130410	29528840	10228	N	Y	Y	N		Buijs VA et al.,2022	35311955	
1480	Fusarium oxysporum f. sp. albedinis isolate 9 v1.0	Fusoxalb1	5507	65559131	19411	N	Y	Y	N		Khoulassa S et al.,2022	35536698	
1481	Candida tropicalis MYA3404	Cantro1	294747	14609527	6134	N	Y	Y	N		Guin K et al.,2020	32469306	
1482	Bretziella fagacearum C519 v1.0	Brefa1	1836592	27072536	7554	N	Y	Y	N				10.1094/PHYTOFR-07-24-0080-A
1483	Morchella steppicola PhC 289 v1.0	Morste1	743781	81030815	11718	N	Y	Y	N		Bonito G et al.,2025	40769152	
1484	Lentinula lateritia RV95-379 v1.0	LlaRV95_379_1	40482	39474067	13702	N	Y	Y	N				10.1073/pnas.2214076120
1485	Lentinula aff. detonsa TFB10292 v1.0	LboTFB10292_1	40481	33330104	12154	N	Y	Y	N				10.1073/pnas.2214076120
1486	Naganishia vishniacii ANT03-052 v1.1	Nagvi1	89929	19679091	6711	N	Y	Y	N		Nizovoy P et al.,2021	33232451	
1487	Tuber indicum v1.0	Tubin1_1	55307	110494569	11872	N	Y	Y	N		Morin E et al.,2021	33509981	
1488	Tuber brumale v1.0	Tubbr1_1	60458	171435277	12382	N	Y	Y	N		Morin E et al.,2021	33509981	
1489	Phyllosticta citricarpa CBS 141352 v1.0	Pcit141352	55181	30431666	10176	N	Y	Y	N		van Ingen-Buijs VA et al.,2024	39244012	
1490	Phyllosticta citriasiana CBS 120426 v2.0	Pcitr2	595635	33767235	10291	N	Y	Y	N		van Ingen-Buijs VA et al.,2024	39244012	
1491	Phyllosticta citricarpa CBS 122482 v1.0	Pcit122482	55181	30007393	10085	N	Y	Y	N		van Ingen-Buijs VA et al.,2024	39244012	
1492	Phyllosticta capitalensis CBS 173.77 v2.0	Phycapi2	121624	32875859	10989	N	Y	Y	N		van Ingen-Buijs VA et al.,2024	39244012	
1493	Phyllosticta citriasiana CBS 123371 v2.0	Pcitri2	595635	33270502	10048	N	Y	Y	N		van Ingen-Buijs VA et al.,2024	39244012	
1494	Phyllosticta citricarpa CBS 131864 v1.0	Pcit131864	55181	30494376	10219	N	Y	Y	N		van Ingen-Buijs VA et al.,2024	39244012	
1495	Phyllosticta capitalensis CBS 111638 v2.0	Phcapit2	121624	32080394	10957	N	Y	Y	N		van Ingen-Buijs VA et al.,2024	39244012	
1496	Phyllosticta citricarpa CPC 16586 v1.0	Pcit16586	55181	30755040	10231	N	Y	Y	N		van Ingen-Buijs VA et al.,2024	39244012	
1497	Phyllosticta citricarpa CBS 122670 v1.0	Pcit122670	55181	30430812	10297	N	Y	Y	N		van Ingen-Buijs VA et al.,2024	39244012	
1498	Phyllosticta citricarpa CBS 111.20 v1.0	Pcit11120	55181	29845321	10148	N	Y	Y	N		van Ingen-Buijs VA et al.,2024	39244012	
1499	Phyllosticta citricarpa CBS 102373 v1.0	Pcit120373	55181	30928160	10074	N	Y	Y	N		van Ingen-Buijs VA et al.,2024	39244012	
1500	Fusarium oxysporum f. sp. matthiolae PHW726	FoxPHW726_1	96317	57218285	17996	N	Y	Y	N				10.1094/MPMI-11-19-0324-A
1501	Armillaria novae-zelandiae 2840 v1.0	Armnov1	153914	79334843	18551	N	Y	Y	N		Sahu N et al.,2023	37550506	
1502	Armillaria fumosa CBS 122221 v1.0	Armfum1	153910	55824865	16095	N	Y	Y	N		Sahu N et al.,2023	37550506	
1503	Neocallimastix lanati v1.0	Neolan1	2767002	200974851	27677	N	Y	Y	N		Wilken SE et al.,2021	33594000	
1504	Pisolithus microcarpus 441 v2.0	Pismi2	178872	77250852	16766	N	Y	Y	N		Kohler A et al.,2015~Plett JM et al.,2023	25706625 36811946	
1505	Pisolithus tinctorius Marx 270 v2.0	Pisti2	37468	92528219	16924	N	Y	Y	N		Kohler A et al.,2015~Plett JM et al.,2023	25706625 36811946	
1506	Mycena olivaceomarginata CBHHK47/15 v1.0	Mycoli1	230810	501225342	97030	N	Y	Y	N		Harder CB et al.,2024	38942024	
1507	Mycena pura 9144 v1.0	Mycpur1	153505	96680276	28619	N	Y	Y	N		Harder CB et al.,2024	38942024	
1508	Morchella kakiicolor PhC 280 v3.0	Morkaki1	2715921	68805960	10759	N	Y	Y	N		Bonito G et al.,2025	40769152	
1509	Mycena vulgaris CBHHK164 v1.0	Mycvul1	1033282	193677039	45257	N	Y	Y	N		Harder CB et al.,2024	38942024	
1510	Morchella pulchella NRRL 53822 v1.0	Morpul1	1579549	57270374	11459	N	Y	Y	N		Bonito G et al.,2025	40769152	
1511	Mycena leptocephala CBHHK5/15 v1.0	Myclep1	230808	377319499	75907	N	Y	Y	N		Harder CB et al.,2024	38942024	
1512	Morchella fluvialis PhC 265 v3.0	Morfluv1	1611433	55013795	11113	N	Y	Y	N		Bonito G et al.,2025	40769152	
1513	Mycena polygramma CBHHK137 v1.0	Mycpol1	230801	132253541	39088	N	Y	Y	N		Harder CB et al.,2024	38942024	
1514	Mycena galericulata CBHHK162m v1.0	Mycgale1	71905	197139282	46875	N	Y	Y	N		Harder CB et al.,2024	38942024	
1515	Mycena metata CBHHK182m v1.0	Mycmet1	1033252	164113792	41473	N	Y	Y	N		Harder CB et al.,2024	38942024	
1516	Morchella quercus-ilicis var. kakiicolor PhC 218 v1.0	Morsem1	1582342	55517616	10773	N	Y	Y	N		Bonito G et al.,2025	40769152	
1517	Mycena maculata CBHHK188m v1.0	Mycmac1	230809	104056733	25815	N	Y	Y	N		Harder CB et al.,2024	38942024	
1518	Morchella diminutiva NRRL 26603 v1.0	Mordim1	1174667	53423193	10998	N	Y	Y	N		Bonito G et al.,2025	40769152	
1519	Laccaria bicolor D101 v1.0	LacbiD101_1	983311	70029479	22538	N	Y	Y	N		Martin FM et al.,2026	41726154	
1520	Morchella prava NRRL 20872 v1.0	Morpra1	1174674	52914359	11010	N	Y	Y	N		Bonito G et al.,2025	40769152	
1521	Gyromitra infula GyrinfSpk-SM18 v1.0	Gyrinf1	273506	45877806	11121	N	Y	Y	N		Dirks AC et al.,2025	39788220	
1522	Morchella disparilis PhC 293 v1.0	Mordis1	1810716	50421455	10570	N	Y	Y	N		Bonito G et al.,2025	40769152	
1523	Morchella brunnea NRRL 20869 v1.0	Morbru1	1174671	56688582	10595	N	Y	Y	N		Bonito G et al.,2025	40769152	
1524	Clavariopsis aquatica WDA-00-1	Claaq1	253306	34185686	11608	N	Y	Y	N		Heeger F et al.,2021	34682274	
1525	Venturia effusa	Veneff1	50376	45212240	10820	N	Y	Y	N		Winter DJ et al.,2020	31631770	
1526	Blumeria graminis f. sp. tritici 96224 v3.16	Blugra3_16	62690	140802721	6425	N	Y	Y	N		Müller MC et al.,2019	30388298	
1527	Lactarius indigo 2018DUKE089 v1.0	Lacind1	222702	90316074	16554	N	Y	Y	N		Looney B et al.,2022	34861049	
1528	Cladochytrium replicatum JEL 714 v1.0	Clarep1_1	109936	50665862	16307	N	Y	Y	N		Amses KR et al.,2022	36037379	
1529	Phycomyces blakesleeanus L51 v1.0	Phybl_L51_1	4837	62087297	12627	N	Y	Y	N		Lax C et al.,2024	39025853	
1530	Morchella peruviana NRRL 66754 v1.0	Morper1	2382058	63365966	10593	N	Y	Y	N		Bonito G et al.,2025	40769152	
1531	Morchella punctipes GB769 v1.0	Morpun1	743780	54992451	10647	N	Y	Y	N		Bonito G et al.,2025	40769152	
1532	Morchella angusticeps NRRL 20909 v1.0	Morang1	60347	56785355	11637	N	Y	Y	N		Bonito G et al.,2025	40769152	
1533	Morchella norvegiensis NRRL 20850 v1.0	Moreoh1	1582341	52040391	10683	N	Y	Y	N		Bonito G et al.,2025	40769152	
1534	Morchella hispaniolensis NRRL 26637 v1.0	Morhis1	2382056	62728251	12099	N	Y	Y	N		Bonito G et al.,2025	40769152	
1535	Disciotis venosa NRRL 24433 v1.0	Disven1	44606	45269384	11264	N	Y	Y	N		Bonito G et al.,2025	40769152	
1536	Verpa conica TJ0815 v1.0	Vercon1	44608	45508997	11342	N	Y	Y	N		Bonito G et al.,2025	40769152	
1537	Fusarium oxysporum MRL8996 v1.0	FoxMRL8996	5507	50071586	16631	N	Y	Y	N		Ayhan DH et al.,2025	40569077	
1538	Schizophyllum commune ZB1 v1.0	SchcoZB1	5334	36907064	13419	N	Y	Y	N		Marian IM et al.,2024	39004162	
1539	Schizophyllum commune ZB2 v1.0	SchcoZB2	5334	37386993	13467	N	Y	Y	N		Marian IM et al.,2024	39004162	
1540	Phyllosticta capitalensis CBS 356.52 v1.0	Phcapi1	121624	32767725	10910	N	Y	Y	N		van Ingen-Buijs VA et al.,2024	39244012	
1541	Phyllosticta capitalensis CBS 123374 v1.0	Pcapi1	121624	32816367	11105	N	Y	Y	N		van Ingen-Buijs VA et al.,2024	39244012	
1542	Phyllosticta capitalensis CBS 117118 v1.0	Phcap1	121624	33036347	10926	N	Y	Y	N		van Ingen-Buijs VA et al.,2024	39244012	
1543	Suillus plorans S12 v1.0	Suiplo1	116603	51861001	16402	N	Y	Y	N		Lofgren LA et al.,2021	33355923	
1544	Phycomyces blakesleeanus UBC21 v2.0	PhyblU21_2	4837	56670412	12840	N	Y	Y	N		Lax C et al.,2024	39025853	
1545	Filobasidium floriforme CBS 6241 v1.0	Filflo1	5210	27469088	8319	N	Y	Y	N		Guerreiro MA et al.,2022	34791213	
1546	Aspergillus californicus CBS 123895 v1.0	Aspcalif1	1810905	36744266	13881	N	Y	Y	N		Nybo JL et al.,2025	40371420	
1547	Aspergillus germanicus CBS 123887 v1.0	Aspger1	1506149	39479152	14761	N	Y	Y	N		Nybo JL et al.,2025	40371420	
1548	Aspergillus neoindicus CBS 444.75 v1.0	Aspneoi1	1641034	30897550	11849	N	Y	Y	N		Theobald S et al.,2024	39057392	
1549	Aspergillus floccosus CBS 116.37 v1.0	Aspflo1	658358	30552350	11810	N	Y	Y	N		Theobald S et al.,2024	39057392	
1550	Aspergillus heterothallicus CBS 489.65 v1.0	Asphethal1	41742	37429956	13761	N	Y	Y	N		Nybo JL et al.,2025	40371420	
1551	Aspergillus keveii CBS 209.92 v1.0	Aspkev1	714993	41415647	15687	N	Y	Y	N		Nybo JL et al.,2025	40371420	
1552	Aspergillus insuetus CBS 107.25 v1.0	Aspins1	469274	40452873	15211	N	Y	Y	N		Nybo JL et al.,2025	40371420	
1553	Aspergillus quadrilineatus (floriformis) CBS 937.73 v1.0	Aspquaf1	41735	32523387	11243	N	Y	Y	N		Nybo JL et al.,2025	40371420	
1554	Aspergillus quadrilineatus (gemmatus) CBS 853.96 v1.0	Aspquag1	41735	32622438	11247	N	Y	Y	N		Nybo JL et al.,2025	40371420	
1555	Aspergillus tetrazonus CBS 591.65A v1.0	Asptetr1	1883080	32143916	11156	N	Y	Y	N		Theobald S et al.,2025	39897699	
1556	Aspergillus similis v1.0	Aspsim1_1	1810925	33170230	11407	N	Y	Y	N		Theobald S et al.,2025	39897699	
1557	Aspergillus fructiculosus v1.0	Aspfru1	1250369	34337063	11612	N	Y	Y	N		Theobald S et al.,2025	39897699	
1558	Aspergillus alliaceus CBS 536.65 v1.0	Aspalli1	209559	40168528	13099	N	Y	Y	N		Kjærbølling I et al.,2020	32107379	
1559	Aspergillus lucknowensis CBS 449.75 v1.0	Aspluc1	176173	30792796	11541	N	Y	Y	N		Nybo JL et al.,2025	40371420	
1560	Aspergillus parvisclerotigenus CBS 121.62 v1.0	Asppari1	5059	37617783	13595	N	Y	Y	N		Kjærbølling I et al.,2020	32107379	
1561	Aspergillus foveolata CBS 279.81 v1.0	Aspfove1	210207	31779079	11115	N	Y	Y	N		Theobald S et al.,2025	39897699	
1562	Daldinia loculata AZ0526 v2.0	DallocAZ0526_2	103429	35622534	10820	N	Y	Y	N		Franco MEE et al.,2022	34797921	
1563	Aspergillus navahoensis v1.0	Aspnav1_1	91484	32760877	11625	N	Y	Y	N		Theobald S et al.,2025	39897699	
1564	Aspergillus granulosus CBS 588.65 v1.0	Aspgra1	176169	35311868	12860	N	Y	Y	N		Nybo JL et al.,2025	40371420	
1565	Aspergillus pseudoustus CBS 123904 v1.0	Asppust1	1810923	41220403	15536	N	Y	Y	N		Nybo JL et al.,2025	40371420	
1566	Aspergillus ambiguus v1.0	Aspamb1	176160	29374911	11088	N	Y	Y	N		Theobald S et al.,2024~Theobald S et al.,2025	39057392 39897699	
1567	Aspergillus pseudodeflectus v1.0	Asppdef1	176178	39072803	14450	N	Y	Y	N		Nybo JL et al.,2025	40371420	
1568	Aspergillus alabamensis v1.0	Aspala1	657433	31994729	11841	N	Y	Y	N		Theobald S et al.,2024	39057392	
1569	Aspergillus allahabadii v1.0	Aspall1	1612426	29783189	11228	N	Y	Y	N		Theobald S et al.,2024	39057392	
1570	Aspergillus crustosus CBS 478.65 v1.0	Aspcru1	41757	37360539	12063	N	Y	Y	N		Theobald S et al.,2025	39897699	
1571	Durotheca rogersii YMJ 92031201 v1.0	Durrog2	419775	48181149	10535	N	Y	Y	N		Franco MEE et al.,2022	34797921	
1572	Aspergillus falconensis CBS 271.91 v1.0	Aspfalc1	1810910	34128579	11645	N	Y	Y	N		Theobald S et al.,2025	39897699	
1573	Aspergillus karnatakaensis CBS 102800 v1.0	Aspkar1	1810916	36255367	13540	N	Y	Y	N		Theobald S et al.,2025	39897699	
1574	Aspergillus varians CBS 505.65 v1.0	Aspvar1	176181	29824925	10839	N	Y	Y	N		Theobald S et al.,2025	39897699	
1575	Aspergillus aureoterreus v1.0	Aspaur1	41288	29516179	11269	N	Y	Y	N		Theobald S et al.,2024	39057392	
1576	Aspergillus leporis CBS 151.66 v1.0	Asplep1	41062	39425861	12745	N	Y	Y	N		Kjærbølling I et al.,2020	32107379	
1577	Aspergillus microcysticus v1.0	Aspmic1	176174	25913919	10236	N	Y	Y	N		Theobald S et al.,2024	39057392	
1578	Aspergillus aurantiobrunneus CBS 465.65 v1.0	Aspaura1	41725	31381522	11287	N	Y	Y	N		Theobald S et al.,2025	39897699	
1579	Hypoxylon sp. FL1284 v2.0	HyFL1284_2	2663365	37089996	10896	N	Y	Y	N		Franco MEE et al.,2022	34797921	
1580	Xylariaceae sp. AK1471 v1.0	XyAK1471_1	2723393	52737140	14675	N	Y	Y	N		Franco MEE et al.,2022	34797921	
1581	Xylariaceae sp. FL0804 v2.0	XyFL0804_2	2663375	45698974	11806	N	Y	Y	N		Franco MEE et al.,2022	34797921	
1582	Xylaria sp. FL0064 v1.0	XyFL0064_1	2663374	42828802	12075	N	Y	Y	N		Franco MEE et al.,2022	34797921	
1583	Hypoxylon submonticulosum NC0708 v2.0	Hypsub2	152308	40046532	11421	N	Y	Y	N		Franco MEE et al.,2022	34797921	
1584	Xylaria cf. heliscus FL0509 v2.0	Xylhel2	1803070	44915837	12156	N	Y	Y	N		Franco MEE et al.,2022	34797921	
1585	Pisolithus orientalis OTSU v2.0	Pisori2	936130	57997239	12203	N	Y	Y	N		Plett JM et al.,2023	36811946	
1586	Phlebopus sp. FC_14 v2.0	PhlFC14_2	2060792	36096188	9409	N	Y	Y	N		Wu G et al.,2022	34767630	
1587	Puccinia graminis f. sp. tritici Ug99 haplotype A	Pgt_Ug99_A1	56615	91841532	19772	N	Y	Y	N		Li F et al.,2019	31699975	
1588	Puccinia graminis f. sp. tritici Ug99 haplotype C	Pgt_Ug99_C1	56615	86818685	18536	N	Y	Y	N		Li F et al.,2019	31699975	
1589	Puccinia graminis f. sp. tritici 21-0 haplotype A	Pgt_201_A1	626357	88783524	19164	N	Y	Y	N		Li F et al.,2019	31699975	
1590	Puccinia graminis f. sp. tritici 21-0 haplotype B	Pgt_201_B1	626357	89387476	18843	N	Y	Y	N		Li F et al.,2019	31699975	
1591	Alternaria fragaria BMP3062	Altfr1	291290	33135386	12272	N	Y	Y	N		Dang HX et al.,2015	25887485	
1592	Alternaria capsici BMP0180	Altca1	283357	31350549	11487	N	Y	Y	N		Dang HX et al.,2015	25887485	
1593	Alternaria citriarbusti BMP2343	Altci1	232505	33865016	12606	N	Y	Y	N		Dang HX et al.,2015	25887485	
1594	Hypoxylon fragiforme CBS 206.31 v2.0	Hypfra2	63214	36400909	10263	N	Y	Y	N		Franco MEE et al.,2022	34797921	
1595	Xylariaceae sp. FL1272 v2.0	XyFL1272_2	2663376	50248018	13459	N	Y	Y	N		Franco MEE et al.,2022	34797921	
1596	Lentinula detonsa TFB7810 v1.0	LboTFB7810_1	40481	40333654	12301	N	Y	Y	N				10.1073/pnas.2214076120
1597	Nemania sp. FL0031 v2.0	NeFL0031_2	2663370	54661084	13572	N	Y	Y	N		Franco MEE et al.,2022	34797921	
1598	Hypoxylon sp. NC1633 v2.0	HyNC1633_2	2663366	40120527	11290	N	Y	Y	N		Franco MEE et al.,2022	34797921	
1599	Alternaria gaisen BMP2338	Altga1	167740	33998619	13902	N	Y	Y	N		Dang HX et al.,2015	25887485	
1600	Alternaria alternata ATCC66891	Alalte1	5599	33155677	11635	N	Y	Y	N		Dang HX et al.,2015	25887485	
1601	Alternaria tangelonis BMP2327	Altta1	232506	33765687	12639	N	Y	Y	N		Dang HX et al.,2015	25887485	
1602	Alternaria tenuissima BMP0304	Altte1	119927	33361765	12276	N	Y	Y	N		Dang HX et al.,2015	25887485	
1603	Alternaria crassa BMP0172	Altcr1	119918	32620762	11663	N	Y	Y	N		Dang HX et al.,2015	25887485	
1604	Alternaria alternata ATCC11680	Alalt1	5599	33569022	12323	N	Y	Y	N		Dang HX et al.,2015	25887485	
1605	Alternaria mali BMP3064	Amal3064	167741	34331800	12715	N	Y	Y	N		Dang HX et al.,2015	25887485	
1606	Alternaria mali BMP3063	Amal3063	167741	33613493	12727	N	Y	Y	N		Dang HX et al.,2015	25887485	
1607	Alternaria solani BMP0185	Altso1	48100	31129923	12258	N	Y	Y	N		Dang HX et al.,2015	25887485	
1608	Alternaria brassicicola ATCC96836	Albra1	622360	31753387	10514	N	Y	Y	N		Dang HX et al.,2015	25887485	
1609	Alternaria dauci BMP0167	Altda1	48095	30427686	11981	N	Y	Y	N		Dang HX et al.,2015	25887485	
1610	Alternaria carthami BMP1963	Altcar1	157258	32682385	12071	N	Y	Y	N		Dang HX et al.,2015	25887485	
1611	Alternaria porri BMP0178	Altpo1	48098	29243729	12232	N	Y	Y	N		Dang HX et al.,2015	25887485	
1612	Alternaria arborescens BMP0308	Altar1	156630	33039250	12114	N	Y	Y	N		Dang HX et al.,2015	25887485	
1613	Alternaria alternata BMP0270	Aalte1	5599	33405558	12290	N	Y	Y	N		Dang HX et al.,2015	25887485	
1614	Alternaria limoniasperae BMP2335	Altli1	232503	34784411	12966	N	Y	Y	N		Dang HX et al.,2015	25887485	
1615	Alternaria longipes BMP0313	Altlo1	160389	35738013	13219	N	Y	Y	N		Dang HX et al.,2015	25887485	
1616	Alternaria macrospora BMP1949	Altma1	119921	31350355	11961	N	Y	Y	N		Dang HX et al.,2015	25887485	
1617	Leucangium carthusianum GMNB180 v1.0	Leuca1	44614	114191169	12369	N	Y	Y	N		Bonito G et al.,2025	40769152	
1618	Fusarium oxysporum f. sp. melonis (FoMelon) NRRL 26406	Fusoxmel1	1089452	54034280	26719	N	Y	Y	N		Ma LJ et al.,2014	25081257	
1619	Fusarium oxysporum f. sp. conglutinans race 2 54008 (PHW808)	Fusoxcon1	1089457	53575352	26246	N	Y	Y	N		DeIulio GA et al.,2018	29898984	
1620	Fusarium oxysporum f. sp. lycopersici MN25 (FoMN25) NRRL 54003	Fusoxlyc1	1080343	48637398	24733	N	Y	Y	N		DeIulio GA et al.,2018	29898984	
1621	Fusarium oxysporum Fo47	FusoxFo47	660027	49664628	24818	N	Y	Y	N		DeIulio GA et al.,2018	29898984	
1622	Fusarium oxysporum f. sp. vasinfectum 25433 (Cotton)	Fusoxvas1	1089449	52914414	25216	N	Y	Y	N		DeIulio GA et al.,2018	29898984	
1623	Fusarium oxysporum NRRL 32931	Fusox32931	660029	47906303	23735	N	Y	Y	N		DeIulio GA et al.,2018	29898984	
1624	Lentinula edodes TMI1633 v1.0	LedTMI1633_1	5353	37485281	12992	N	Y	Y	N				10.1073/pnas.2214076120
1625	Fusarium oxysporum f. sp. pisi HDV247	Fusoxpis1	1080344	55188216	26378	N	Y	Y	N		Williams AH et al.,2016	26945779	
1626	Fusarium oxysporum f. sp. cubense tropical race 4 54006 (II5)	Fusoxcub1	1089451	46553780	22487	N	Y	Y	N		DeIulio GA et al.,2018	29898984	
1627	Fusarium oxysporum f. sp. radicis-lycopersici 26381 (CL57)	Fusoxrad1	1089448	49359289	24739	N	Y	Y	N		DeIulio GA et al.,2018	29898984	
1628	Fusarium oxysporum f. sp. raphani 54005	Fusoxrap1	1089458	53499362	25666	N	Y	Y	N		DeIulio GA et al.,2018	29898984	
1629	Sphaerosporella brunnea Sb_GMNB300 v2.0	Sphbr2	1250544	51598955	12597	N	Y	Y	N		Benucci GMN et al.,2019	31831604	
1630	Pyricularia oryzae 70-15 v3.0	Magor1	242507	40491973	12836	N	Y	Y	N		Dean RA et al.,2005	15846337	
1631	Hypoxylon sp. FL1150 v1.0	HyFL1150_1	2663364	41563746	11226	N	Y	Y	N		Franco MEE et al.,2022	34797921	
1632	Xylaria nigripes YMJ 653 v1.0	Xylni1	490159	34599847	8815	N	Y	Y	N		Franco MEE et al.,2022	34797921	
1633	Xylaria sp. CBS 124048 v1.0	Xy124048_1	2663373	33734976	8901	N	Y	Y	N		Franco MEE et al.,2022	34797921	
1634	Hypoxylon argillaceum CBS 527.63 v1.0	Hyparg1	1799007	54444476	12590	N	Y	Y	N		Franco MEE et al.,2022	34797921	
1635	Xylaria digitata CBS 161.22 v1.0	Xyldig1	323540	58420577	12640	N	Y	Y	N		Franco MEE et al.,2022	34797921	
1636	Phakopsora pachyrhizi MT2006 v1.0	Phapa1	170000	1057430280	19618	N	Y	Y	N		Gupta YK et al.,2023	37005409	
1637	Lentinula aff. lateritia TMI1499 v1.0	LlaTMI1499_1	40482	39933087	12629	N	Y	Y	N				10.1073/pnas.2214076120
1638	Lentinula edodes TMI1148 v1.0	LedTMI1148_1	5353	37815065	13370	N	Y	Y	N				10.1073/pnas.2214076120
1639	Lentinula detonsa TFB7829 v1.0	LboTFB7829_1	2614576	33642804	12379	N	Y	Y	N				10.1073/pnas.2214076120
1640	Lentinula edodes VB361 v1.0	LedVB361_1	5353	37713178	13818	N	Y	Y	N				10.1073/pnas.2214076120
1641	Poronia punctata CBS 180.79 v1.0	Porpun1	101475	47990914	9862	N	Y	Y	N		Franco MEE et al.,2022	34797921	
1642	Annulohypoxylon maeteangense CBS 123835 v1.0	Annmae1	1927788	38245008	11000	N	Y	Y	N		Franco MEE et al.,2022	34797921	
1643	Yarrowia lipolytica PO1f v1.0	YarliW29	4952	20213331	6798	N	Y	Y	N		Walker C et al.,2020	32107299	
1644	Yarrowia lipolytica YlCW001 v1.0	YarliYlCW001	4952	20223585	6800	N	Y	Y	N		Walker C et al.,2020	32107299	
1645	Daldinia decipiens CBS 113046 v1.0	Daldec1	326647	35255283	10742	N	Y	Y	N		Franco MEE et al.,2022	34797921	
1646	Daldinia caldariorum CBS 122874 v1.0	Dalcal1	326644	35556611	10402	N	Y	Y	N		Franco MEE et al.,2022	34797921	
1647	Biscogniauxia marginata CBS 124505 v1.0	Bisma1	110534	45592449	11381	N	Y	Y	N		Franco MEE et al.,2022	34797921	
1648	Biscogniauxia mediterranea AZ0048 v1.0	Bisme1	97377	44776836	11079	N	Y	Y	N		Franco MEE et al.,2022	34797921	
1649	Biscogniauxia mediterranea CBS 129072 v1.0	Bismed1	97377	44039921	11018	N	Y	Y	N		Franco MEE et al.,2022	34797921	
1650	Daldinia eschscholtzii FL0578 v1.0	Dales1	292717	36821210	11046	N	Y	Y	N		Franco MEE et al.,2022	34797921	
1651	Daldinia loculata CBS 113971 v1.0	Dalloc1	103429	37819304	10825	N	Y	Y	N		Franco MEE et al.,2022	34797921	
1652	Daldinia bambusicola CBS 122872 v1.0	Dalba1	326643	38030351	10508	N	Y	Y	N		Franco MEE et al.,2022	34797921	
1653	Rostrohypoxylon terebratum CBS 119137 v1.0	Roster1	392036	37279361	11168	N	Y	Y	N		Franco MEE et al.,2022	34797921	
1654	Whalleya microplaca YMJ1829 v1.0	Whamic1	110547	48317886	12553	N	Y	Y	N		Franco MEE et al.,2022	34797921	
1655	Pisolithus sp. B1 v1.0	Pismi_AB1_1	2614595	64705422	12451	N	Y	Y	N		Plett JM et al.,2023	36811946	
1656	Suillus discolor FC423 v1.0	Suidis1	1912936	60609832	16510	N	Y	Y	N		Lofgren LA et al.,2021	33355923	
1657	Suillus cf. subluteus FC464 v1.0	Suisubl1	48588	114207342	22673	N	Y	Y	N		Lofgren LA et al.,2021	33355923	
1658	Chaetomium thermophilum var thermophilum DSM 1495	Chathe1	759272	28322806	7165	N	Y	Y	N		Amlacher S et al.,2011~Bock T et al.,2014	21784248 25398899	
1659	Rhodosporidium glutinis ATCC 204091 v1.0	Rhoglu91_1	5535	20478880	7374	N	Y	Y	N		Paul D et al.,2014	24526636	
1660	Lentinula aff. detonsa TFB10291 v1.0	Lbo_TFB10291_1	40481	33347755	11878	N	Y	Y	N				10.1073/pnas.2214076120
1661	Lentinula guzmanii ET3784 v1.0	LboET3784_1	40481	41453719	12281	N	Y	Y	N				10.1073/pnas.2214076120
1662	Camillea tinctor CBS 203.56 v1.0	CtCBS203_1	110548	45006662	11860	N	Y	Y	N		Franco MEE et al.,2022	34797921	
1663	Armillaria mellea ELDO17 v1.0	Armmel1	47429	70856304	15646	N	Y	Y	N		Sahu N et al.,2023	37550506	
1664	Annulohypoxylon moriforme CBS 123579 v1.0	Annmor1	326622	42658955	11683	N	Y	Y	N		Franco MEE et al.,2022	34797921	
1665	Annulohypoxylon bovei var. microspora CBS 124037 v1.0	Annbov1	326617	41758719	11202	N	Y	Y	N		Franco MEE et al.,2022	34797921	
1666	Annulohypoxylon truncatum CBS 140777 v1.0	Anntru1	327061	38067699	11151	N	Y	Y	N		Franco MEE et al.,2022	34797921	
1667	Annulohypoxylon nitens CBS 120705 v1.0	Annnit1	326626	38537808	11873	N	Y	Y	N		Franco MEE et al.,2022	34797921	
1668	Annulohypoxylon minutellum CBS 135445 v1.0	Annmin1	1955266	35660783	10913	N	Y	Y	N		Franco MEE et al.,2022	34797921	
1669	Annulohypoxylon stygium FL0470 v1.0	Annsty1	326628	38544935	11880	N	Y	Y	N		Franco MEE et al.,2022	34797921	
1670	Lentinula edodes CS-584 v1.0	Led_CS584_1	5353	37472073	13619	N	Y	Y	N				10.1073/pnas.2214076120
1671	Lentinula boryana TFB10827 v1.0	Lbo_TFB10827_1	40481	32414438	11931	N	Y	Y	N				10.1073/pnas.2214076120
1672	Nemania diffusa NC0034 v1.0	Nemdif1	389665	51522393	12570	N	Y	Y	N		Franco MEE et al.,2022	34797921	
1673	Nemania sp. FL0916 v1.0	NeFL0916_1	2614608	45465408	11921	N	Y	Y	N		Franco MEE et al.,2022	34797921	
1674	Nemania serpens CBS 679.86 v1.0	NsCB679_1	109381	48887256	12184	N	Y	Y	N		Franco MEE et al.,2022	34797921	
1675	Kretzschmaria deusta CBS 826.72 v1.0	KdCBS826_1	110526	49727278	12520	N	Y	Y	N		Franco MEE et al.,2022	34797921	
1676	Nemania serpens AK0226 v1.0	NsAK0226_1	109381	43199662	10924	N	Y	Y	N		Franco MEE et al.,2022	34797921	
1677	Nemania serpens AZ0576 v1.0	NsAZ0576_1	109381	49475055	11778	N	Y	Y	N		Franco MEE et al.,2022	34797921	
1678	Xylariomycetidae sp. FL0641 v1.0	XyFL0641_1	2614611	38113609	11789	N	Y	Y	N		Franco MEE et al.,2022	34797921	
1679	Hypoxylon sp. FL1857 v1.0	HyFL1857_1	2614582	43394199	11993	N	Y	Y	N		Franco MEE et al.,2022	34797921	
1680	Thermoascus aurantiacus ATCC26904 v2.0	Theau2	1133049	28490209	8761	N	Y	Y	N		Steindorff AS et al.,2024	39266695	
1681	Xylaria sp. FL1777 v1.0	XyFL1777_1	2614573	60307143	11673	N	Y	Y	N		Franco MEE et al.,2022	34797921	
1682	Nemania sp. NC0429 v1.0	Nemani1	2614580	47847351	11703	N	Y	Y	N		Franco MEE et al.,2022	34797921	
1683	Daldinia sp. FL1419 v1.0	DaFL1419_1	2614575	42564396	10476	N	Y	Y	N		Franco MEE et al.,2022	34797921	
1684	Xylaria acuta CBS 122032 v1.0	Xylacu1	114808	47204184	12486	N	Y	Y	N		Franco MEE et al.,2022	34797921	
1685	Xylaria palmicola CBS 124036 v1.0	Xylpal124036_1	665665	43873532	11559	N	Y	Y	N		Franco MEE et al.,2022	34797921	
1686	Xylaria curta CBS 114988 v1.0	Xylcur114988_1	42375	43923592	13038	N	Y	Y	N		Franco MEE et al.,2022	34797921	
1687	Xylaria cubensis CBS 116.85 v1.0	Xylcube1	114814	44845599	12717	N	Y	Y	N		Franco MEE et al.,2022	34797921	
1688	Xylaria telfairii CBS 121673 v1.0	Xyltel121673_1	477509	46917078	12758	N	Y	Y	N		Franco MEE et al.,2022	34797921	
1689	Xylaria cf. castorea CBS 124033 v1.0	Xylcas124033_1	114812	45886771	12064	N	Y	Y	N		Franco MEE et al.,2022	34797921	
1690	Sordaria humana MPI-SDFR-AT-0083 v1.0	Sorhu1	79806	39449547	11075	N	Y	Y	N		Mesny F et al.,2021	34893598	
1691	Chaetomium tenue MPI-SDFR-AT-0079 v1.0	Chagl1	38033	34154134	11569	N	Y	Y	N		Mesny F et al.,2021	34893598	
1692	Russula earlei BPL698 v1.0	Rusear1	71964	70012961	12153	N	Y	Y	N		Looney B et al.,2022	34861049	
1693	Hypoxylon rubiginosum CBS 119005 v1.0	Hyprub1	110542	42157771	12728	N	Y	Y	N		Franco MEE et al.,2022	34797921	
1694	Hypoxylon rubiginosum ER1909 v1.0	HyprubER1909_1	110542	44157955	13953	N	Y	Y	N		Franco MEE et al.,2022	34797921	
1695	Hypoxylon fuscum CBS 119018 v1.0	Hypfus1	109372	39045003	12268	N	Y	Y	N		Franco MEE et al.,2022	34797921	
1696	Hypoxylon crocopeplum CBS 119004 v1.0	Hypcro1	326657	40730267	12441	N	Y	Y	N		Franco MEE et al.,2022	34797921	
1697	Hypoxylon cercidicola CBS 119009 v1.0	Hypcer1	326656	36615672	11824	N	Y	Y	N		Franco MEE et al.,2022	34797921	
1698	Hypoxylon trugodes CBS 135444 v1.0	Hyptru1	326681	39350407	11996	N	Y	Y	N		Franco MEE et al.,2022	34797921	
1699	Xylaria bambusicola CBS 139988 v1.0	Xylbam139988_1	326684	45705225	12121	N	Y	Y	N		Franco MEE et al.,2022	34797921	
1700	Xylaria intraflava YMJ 725 v1.0	Xylint1	492091	35932021	9861	N	Y	Y	N		Franco MEE et al.,2022	34797921	
1701	Xylaria arbuscula CBS 124340 v1.0	Xylarb124340_1	114810	51163159	12946	N	Y	Y	N		Franco MEE et al.,2022	34797921	
1702	Xylaria longipes CBS 148.73 v1.0	Xyllon1	114818	50750822	12544	N	Y	Y	N		Franco MEE et al.,2022	34797921	
1703	Xylaria scruposa CBS 123580 v1.0	Xylscr1	743287	46642166	13082	N	Y	Y	N		Franco MEE et al.,2022	34797921	
1704	Mitosporidium daphniae UGP3	Mitdap1	1485682	5636959	3330	N	Y	Y	N		Haag KL et al.,2014	25313038	
1705	Lentinula raphanica JLM1587 v1.0	LraJLM1587_1	153919	38596630	14701	N	Y	Y	N				10.1073/pnas.2214076120
1706	Lentinula raphanica TFB9207 v1.0	LraTFB9207_1	153919	38628906	14798	N	Y	Y	N				10.1073/pnas.2214076120
1707	Mortierella elongata NVP64 v1.0	MoeNVP64_1	310910	51153770	13739	N	Y	Y	N		Mathieu D et al.,2024	38265362	
1708	Emericellopsis sp. TS7 v1.0	AcreTS7_1	2614577	27300990	9964	N	Y	Y	N		Hagestad OC et al.,2021	34372938	
1709	Calycina marina TRa3180A v1.0	Calmar1	1763456	34209217	9558	N	Y	Y	N		Hagestad OC et al.,2021	34372938	
1710	Amylocarpus encephaloides TRa018bII v1.0	Amyenc1	45428	46286790	11869	N	Y	Y	N		Hagestad OC et al.,2021	34372938	
1711	Scheffersomyces coipomoensis NRRL Y-17651T v1.0	Schcoi1	1788519	14757374	6180	N	Y	Y	N				10.1186/s13068-024-02467-8
1712	Xylariomycetidae sp. FL2044 v1.0	XylFL2044	2614609	47513992	14033	N	Y	Y	N		Franco MEE et al.,2022	34797921	
1713	Biscogniauxia sp. FL1348 v1.0	Biscog1	2614606	41733781	10869	N	Y	Y	N		Franco MEE et al.,2022	34797921	
1714	Kretzschmaria deusta IL1129 v1.0	Kredeu1	110526	56079074	13003	N	Y	Y	N		Franco MEE et al.,2022	34797921	
1715	Astrocystis sublimbata CBS 130006 v1.0	Astsub1	743114	42778081	12484	N	Y	Y	N		Franco MEE et al.,2022	34797921	
1716	Aureobasidium pullulans NBB 7.2.1 v1.0	AurpulNBB1	5580	28411403	10925	N	Y	Y	N		Rueda-Mejia MP et al.,2021	34395586	
1717	Suillus fuscotomentosus FC203 v1.0	Suifus1	1912939	79655913	18512	N	Y	Y	N		Lofgren LA et al.,2021	33355923	
1718	Russula emetica P?ilba v1.0	Ruseme1	152958	55121418	13215	N	Y	Y	N		Miyauchi S et al.,2020	33046698	
1719	Amanita rubescens P?ilba v1.0	Amarub1	71933	76593165	16076	N	Y	Y	N		Miyauchi S et al.,2020	33046698	
1720	Xylaria sp. FL0043 v1.0	XylFL0043	2614587	44511936	11819	N	Y	Y	N		Franco MEE et al.,2022	34797921	
1721	Xylariaceae sp. FL0016 v1.0	XylFL0016	2614588	39364044	11844	N	Y	Y	N		Franco MEE et al.,2022	34797921	
1722	Xylariaceae sp. FL0662B v1.0	XylFL0662B	2614610	45910749	11917	N	Y	Y	N		Franco MEE et al.,2022	34797921	
1723	Xylaria sp. FL1042 v1.0	XylFL1042	2614583	56980401	12101	N	Y	Y	N		Franco MEE et al.,2022	34797921	
1724	Xylariaceae sp. FL1019 v1.0	XylFL1019	2614591	51346424	12419	N	Y	Y	N		Franco MEE et al.,2022	34797921	
1725	Xylaria venustula FL0490 v1.0	Xylven1	743302	50831203	12428	N	Y	Y	N		Franco MEE et al.,2022	34797921	
1726	Xylaria sp. FL0933 v1.0	XylFL0933	2614584	46492703	11854	N	Y	Y	N		Franco MEE et al.,2022	34797921	
1727	Hypoxylon monticulosum FL0542 v1.0	Hypmon1	2487000	42439719	12167	N	Y	Y	N		Franco MEE et al.,2022	34797921	
1728	Xylariaceae sp. FL0594 v1.0	XylFL0594	2614590	35617381	10461	N	Y	Y	N		Franco MEE et al.,2022	34797921	
1729	Xylaria grammica CBS 120713 v1.0	Xylgra1	363999	50758160	13181	N	Y	Y	N		Franco MEE et al.,2022	34797921	
1730	Xylariaceae sp. FL1651 v1.0	XylFL1651	2614592	52587668	12860	N	Y	Y	N		Franco MEE et al.,2022	34797921	
1731	Xylariaceae sp. FL0255 v1.0	XylFL0255	2614589	50386733	13390	N	Y	Y	N		Franco MEE et al.,2022	34797921	
1732	Xylaria arbuscula FL1030 v1.0	XylarbFL1030	114810	52119269	12936	N	Y	Y	N		Franco MEE et al.,2022	34797921	
1733	Nemania abortiva FL1152 v1.0	Nemabo1	561989	49607496	14125	N	Y	Y	N		Franco MEE et al.,2022	34797921	
1734	Daldinia vernicosa CBS 139.73 v1.0	Dalver1	114800	35841789	10674	N	Y	Y	N		Franco MEE et al.,2022	34797921	
1735	Hypoxylon sp. NC0597 v1.0	HyNC0597_1	2614607	35918646	11188	N	Y	Y	N		Franco MEE et al.,2022	34797921	
1736	Hypoxylon sp. FL0890 v1.0	HyFL0890_1	2614585	40410933	11210	N	Y	Y	N		Franco MEE et al.,2022	34797921	
1737	Hypoxylon sp. FL0543 v1.0	HyFL0543_1	2614586	38122018	10873	N	Y	Y	N		Franco MEE et al.,2022	34797921	
1738	Daldinia grandis CBS 114736 v1.0	Dalgra1	103428	37510053	10546	N	Y	Y	N		Franco MEE et al.,2022	34797921	
1739	Trichoderma reesei QM6a	Trire_Chr	431241	34922528	10052	N	Y	Y	N		Li WC et al.,2017~Martinez D et al.,2008	28690679 18454138	
1740	Trichoderma brevicompactum IBT40841	Tribre1	247546	37043576	10406	N	Y	Y	N		Proctor RH et al.,2018	29649280	
1741	Aspergillus bertholletius IBT 29228 v1.0	Aspber1	1226010	37014000	12948	N	Y	Y	N		Kjærbølling I et al.,2020	32107379	
1742	Aspergillus pseudonomius CBS 119388 v1.0	Asppsen1	1506151	37780514	13384	N	Y	Y	N		Kjærbølling I et al.,2020	32107379	
1743	Aspergillus pseudotamarii CBS 117625 v1.0	Asppset1	132259	38243929	13428	N	Y	Y	N		Kjærbølling I et al.,2020	32107379	
1744	Aspergillus sergii CBS 130017 v1.0	Aspser1	1034303	38325693	13713	N	Y	Y	N		Kjærbølling I et al.,2020	32107379	
1745	Aspergillus arachidicola v1.0	Aspara19utr	656916	39764385	13895	N	Y	Y	N		Kjærbølling I et al.,2020	32107379	
1746	Aspergillus caelatus CBS 763.97 v1.0	Aspcae1	61420	40016351	13916	N	Y	Y	N		Kjærbølling I et al.,2020	32107379	
1747	Aspergillus coremiiformis CBS 553.77 v1.0	Aspcor1	138285	30132285	9078	N	Y	Y	N		Kjærbølling I et al.,2020	32107379	
1748	Aspergillus albertensis v1.0	Aspalbe1	209559	40140031	12816	N	Y	Y	N		Kjærbølling I et al.,2020	32107379	
1749	Aspergillus tamarii CBS 117626 v1.0	Asptam1	41984	38511287	13331	N	Y	Y	N		Kjærbølling I et al.,2020	32107379	
1750	Aspergillus transmontanensis CBS 130015 v1.0	Asptra1	1034304	39338775	14216	N	Y	Y	N		Kjærbølling I et al.,2020	32107379	
1751	Aspergillus pseudocaelatus CBS 117616 v1.0	Asppsec1	1825620	39651556	13895	N	Y	Y	N		Kjærbølling I et al.,2020	32107379	
1752	Aspergillus avenaceus IBT 18842 v1.0	Aspave1	36643	33765472	11293	N	Y	Y	N		Kjærbølling I et al.,2020	32107379	
1753	Lentinula raphanica INPA1820 v1.0	LraINPA1820_1	153919	39941092	14931	N	Y	Y	N				10.1073/pnas.2214076120
1754	Coprinopsis sp. MPI-PUGE-AT-0042 v1.0	Copph3	2107740	121013029	27373	N	Y	Y	N		Mesny F et al.,2021	34893598	
1755	Paraphoma chrysanthemicola MPI-SDFR-AT-0120 v1.0	Parchr1	798071	40162222	15009	N	Y	Y	N		Mesny F et al.,2021	34893598	
1756	Chaetomium funicola MPI-SDFR-AT-0129 v1.0	Chafu1	1769349	33300809	10414	N	Y	Y	N		Mesny F et al.,2021	34893598	
1757	Yarrowia lipolytica CLIB89(W29)	YarliW29_1	755266	20500066	7919	N	Y	Y	N		Magnan C et al.,2016	27603307	
1758	Geranomyces variabilis JEL559 v1.0	Gervar1	109894	23695997	9411	N	Y	Y	N		Amses KR et al.,2022	36037379	
1759	Lentinula edodes W1-26 v1.0	Lentinedodes1	5353	41825817	12538	N	Y	Y	N		Chen L et al.,2016	27500531	
1760	Roridomyces roridus 9284 v1.0	Rorror1	1738132	91122911	26381	N	Y	Y	N		Harder CB et al.,2024	38942024	
1761	Mycena latifolia 10383 v1.0	Myclat1	1033247	148767387	37452	N	Y	Y	N		Harder CB et al.,2024	38942024	
1762	Pyronema omphalodes CBS 144459 v1.0	Pyrom1	337075	61002793	10940	N	Y	Y	N		Steindorff AS et al.,2022	35898177	
1763	Zalerion varium MPI-CAGE-AT-0135 v1.0	Zalva1	394676	55609683	17759	N	Y	Y	N		Mesny F et al.,2021	34893598	
1764	Chaetomium sp. MPI-CAGE-AT-0009 v1.0	Chame1	1769349	33768356	11326	N	Y	Y	N		Mesny F et al.,2021	34893598	
1765	Schizophyllum commune 223.1 v1.0	Schco2231_1	5334	37738624	13373	N	Y	Y	N		Marian IM et al.,2024	39004162	
1766	Schizophyllum commune 227.2 v1.0	Schco2272_1	5334	38027603	13398	N	Y	Y	N		Marian IM et al.,2024	39004162	
1767	Schizophyllum commune 227.1 v1.0	Schco2271_1	5334	38321158	13547	N	Y	Y	N		Marian IM et al.,2024	39004162	
1768	Schizophyllum commune 225.1 v1.0	Schco2251_1	5334	38250539	13533	N	Y	Y	N		Marian IM et al.,2024	39004162	
1769	Schizophyllum commune 207.1 v1.0	Schco2071_1	5334	36640288	13032	N	Y	Y	N		Marian IM et al.,2024	39004162	
1770	Lyophyllum atratum CBS 144462 v1.0	Lyoat1	117065	64896558	15046	N	Y	Y	N		Steindorff AS et al.,2021	33034064	
1771	Mucor lusitanicus (circinelloides) MU402 v1.0	Muccir1_3	29924	36817399	11843	N	Y	Y	N		Navarro-Mendoza MI et al.,2019	31679929	
1772	Trichoderma pleuroti TPhu1	Triple1	500994	38137656	10610	N	Y	Y	N		Marik T et al.,2017	28261948	
1773	Trichoderma arundinaceum IBT 40837	Triaru1	490622	36872412	10473	N	Y	Y	N		Proctor RH et al.,2018	29649280	
1774	Verticillium dahliae MPI-CAGE-AT-0001 v1.0	Verdah1	27337	40173071	12343	N	Y	Y	N		Mesny F et al.,2021	34893598	
1775	Aspergillus carlsbadensis CBS 123894 v1.0	Aspcar1	1810906	39460077	14289	N	Y	Y	N		Nybo JL et al.,2025	40371420	
1776	Aspergillus egyptiacus CBS 656.73 v1.0	Aspegy1	41743	28335649	9890	N	Y	Y	N		Nybo JL et al.,2025	40371420	
1777	Aspergillus nomius IBT 12657 v1.0	Aspnom1	41061	36713177	12897	N	Y	Y	N		Kjærbølling I et al.,2020	32107379	
1778	Aspergillus novoparasiticus CBS 126849 v1.0	Aspnovo1	986946	40857493	14182	N	Y	Y	N		Kjærbølling I et al.,2020	32107379	
1779	Aspergillus parasiticus CBS 117618 v1.0	Asppar1	5067	38390758	13752	N	Y	Y	N		Kjærbølling I et al.,2020	32107379	
1780	Aspergillus minisclerotigenes CBS 117635 v1.0	Aspmin1	656917	37064162	13415	N	Y	Y	N		Kjærbølling I et al.,2020	32107379	
1781	Mucor mucedo NRRL 3635 v1.0	Mucmuc1	29922	46091836	14052	N	Y	Y	N		Wang Y et al.,2023	36930540	
1782	Fimicolochytrium jonesii JEL569 v1.0	Fimjon1	1396493	30619153	10067	N	Y	Y	N		Amses KR et al.,2022	36037379	
1783	Boletus edulis P?ilba v1.0	Boledp1	36056	69185680	18123	N	Y	Y	N		Miyauchi S et al.,2020	33046698	
1784	Boletus edulis BED1 v4.0	Boled5	1328754	66525535	18722	N	Y	Y	N		Miyauchi S et al.,2020	33046698	
1785	Suillus placidus DOB743 v1.0	Suipla1	48579	55323552	15123	N	Y	Y	N		Lofgren LA et al.,2021	33355923	
1786	Armillaria borealis FPL87.14 v1.0	Armbor1	47425	71689880	19984	N	Y	Y	N		Sahu N et al.,2023	37550506	
1787	Tirmania nivea G3 v1.0	Tirniv1	160517	63133441	10591	N	Y	Y	N		Miyauchi S et al.,2020~Marqués-Gálvez JE et al.,2021	33046698 33118170	
1788	Xylaria flabelliformis NC1011 v1.0	Xylcub1	2512241	41613484	12391	N	Y	Y	N		Franco MEE et al.,2022	34797921	
1789	Lentinula raphanica TFB8682 v1.0	Lenra_T_1	153919	38978753	14961	N	Y	Y	N				10.1073/pnas.2214076120
1790	Trichoderma harzianum T22 v1.0	TriharT22_1	5544	40378754	12762	N	Y	Y	N		Steindorff AS et al.,2026	41775999	
1791	Ambrosiozyma philentoma NRRL Y-7523	Ambph1	43984	17710905	6975	N	Y	Y	N		Krassowski T et al.,2018	29760453	
1792	Peterozyma xylosa NRRL Y-12939	Petxy1	1337056	12957929	5982	N	Y	Y	N		Krassowski T et al.,2018	29760453	
1793	Citeromyces matritensis NRRL Y-2407	Citma1	36909	20321446	7868	N	Y	Y	N		Krassowski T et al.,2018	29760453	
1794	Nakazawaea wickerhamii NRRL Y-2563	Nakwi1	1538186	10857285	5490	N	Y	Y	N		Krassowski T et al.,2018	29760453	
1795	Candida boidinii NRRL Y-2332	Canbo1	5477	19278657	6230	N	Y	Y	N		Krassowski T et al.,2018	29760453	
1796	Saccharomycopsis capsularis NRRL Y-17639	Sacca1	36036	17823225	6736	N	Y	Y	N		Krassowski T et al.,2018	29760453	
1797	Saturnispora dispora NRRL Y-1447	Satdi1	29835	10120266	4881	N	Y	Y	N		Krassowski T et al.,2018	29760453	
1798	Amylomyces rouxii NRRL 5866 v1.0	Amyrou1	29923	45703929	14619	N	Y	Y	N		Wang Y et al.,2023	36930540	
1799	Thelephora terrestris UH-Tt-Lm1  v1.0	Theter1	56493	40733037	13338	N	Y	Y	N		Miyauchi S et al.,2020	33046698	
1800	Pisolithus croceorrhizus ssp. 2 72 v1.0	Pisthe227_1	2060934	76507182	15058	N	Y	Y	N		Plett JM et al.,2023	36811946	
1801	Jimgerdemannia lactiflua OSC166217	Jimlac1	324621	179670541	12651	N	Y	Y	N		Chang Y et al.,2019	30485448	
1802	Endogone sp FLAS 59071	Endsp1	2012134	95552741	9569	N	Y	Y	N		Chang Y et al.,2019	30485448	
1803	Jimgerdemannia flammicorona AD002	Jimfl_AD_1	994334	231316372	13838	N	Y	Y	N		Chang Y et al.,2019	30485448	
1804	Jimgerdemannia flammicorona GMNB39	Jimfl_GMNB39_1	994334	239574967	13653	N	Y	Y	N		Chang Y et al.,2019	30485448	
1805	Pichia kudriavzevii CBS573	Pickud1	4909	10812555	5140	N	Y	Y	N		Douglass AP et al.,2018	30024981	
1806	Pyronema domesticum CBS 144463 v1.0	Pyrdom1	47205	58392066	11812	N	Y	Y	N		Steindorff AS et al.,2022	35898177	
1807	Hysterangium stoloniferum HS.BST v1.0	Hyssto1	150792	111842964	15017	N	Y	Y	N		Miyauchi S et al.,2020	33046698	
1808	Melanogaster broomeianus MBLB.BST v1.0	Melbro1	2655010	49614189	14167	N	Y	Y	N		Miyauchi S et al.,2020	33046698	
1809	Xylariales sp. AK1849 v1.0	Plecto1	1907220	39995810	12024	N	Y	Y	N		Franco MEE et al.,2022	34797921	
1810	Pestalotiopsis sp. NC0098 v1.0	Pestal1	1907218	46406735	15180	N	Y	Y	N		Franco MEE et al.,2022	34797921	
1811	Trichoderma guizhouense NJAU 4742	Trigui1	1491466	38329450	11255	N	Y	Y	N		Druzhinina IS et al.,2018	29630596	
1812	Trichoderma parareesei CBS 125925	Tripar1	858221	32070663	9062	N	Y	Y	N		Yang D et al.,2015	26272569	
1813	Suillus variegatus UH-Sva-Z1 v1.0	Suivar1	48592	64862609	17072	N	Y	Y	N		Lofgren LA et al.,2021	33355923	
1814	Phlebia radiata Fr. (isolate 79, FBCC0043)	Phlrad1	5308	40407200	14629	N	Y	Y	N		Kuuskeri J et al.,2016	27602055	
1815	Benjaminiella poitrasii RSA 903 v1.0	Benpoi1	64631	32504669	11659	N	Y	Y	N		Wang Y et al.,2023	36930540	
1816	Papiliotrema laurentii 5307AH v1.0	Papla1	5418	19510785	7537	N	Y	Y	N		Roman VA et al.,2024	38967461	
1817	Penicillium nordicum DAOMC 185683	Pennord1	229535	30844022	12959	N	Y	Y	N		Wingfield BD et al.,2015	26734552	
1818	Armillaria tabescens CCBAS 213 v1.0	Armtab1	1929756	74875987	19032	N	Y	Y	N		Sahu N et al.,2023	37550506	
1819	Trichoderma atrobrunneum ITEM 908	Triatrob1	1491457	39149368	8637	N	Y	Y	N		Fanelli F et al.,2018	30200883	
1820	Lentinula afn. lateritia sp 3 TMI1502 v1.0	Lenafn_TMI1502_1	40482	38884662	12462	N	Y	Y	N				10.1073/pnas.2214076120
1821	Lentinula raphanica TFB9929 ss4 v1.0	Lenrap1_155	153919	40086852	14352	N	Y	Y	N				10.1073/pnas.2214076120
1822	Melampsora americana R15-033-03 v1.0	Melame1	2182807	112350849	15984	N	Y	Y	N		Crowell CR et al.,2022	34579556	
1823	Lentinula novae-zelandiae TMI-1172 v1.0	Lennov1	42442	35621183	12286	N	Y	Y	N				10.1073/pnas.2214076120
1824	Suillus paluster FC165 v1.0	Suipal1	48578	61993750	16585	N	Y	Y	N		Lofgren LA et al.,2021	33355923	
1825	Suillus lakei FC43 v1.0	Suilak1	48574	79746074	19384	N	Y	Y	N		Lofgren LA et al.,2021	33355923	
1826	Suillus bovinus UH-Sbo-P2 v1.0	Suibov1	48563	47496138	13537	N	Y	Y	N		Lofgren LA et al.,2021	33355923	
1827	Suillus occidentalis FC124 v1.0	Suiocc1	756607	57963537	16030	N	Y	Y	N		Lofgren LA et al.,2021	33355923	
1828	Exophiala viscosa JF 03-4F Slimy CBS 148802 v1.0	EurotioJF034F_1	2486360	28227525	11358	N	Y	Y	N				10.1093/g3journal/jkad110
1829	Exophiala viscosa JF 03-3F Goopy  CBS 148801 v1.0	EurotioJF033F_1	2486360	28289675	11344	N	Y	Y	N				10.1093/g3journal/jkad110
1830	Pisolithus albus SI12 v1.0	Pisalb1	178870	87748750	17029	N	Y	Y	N		Plett JM et al.,2023	36811946	
1831	Pisolithus croceorrhizus subspA 74A v1.0	Piscro1	2060934	80714400	15799	N	Y	Y	N		Plett JM et al.,2023	36811946	
1832	Pisolithus marmoratus ssp. 2 16A v1.0	Pismar1	178871	122384764	21754	N	Y	Y	N		Plett JM et al.,2023	36811946	
1833	Pisolithus thermaeus 11 v1.0	Pisthe1	2136032	81921463	15712	N	Y	Y	N		Plett JM et al.,2023	36811946	
1834	Tuber melanosporum Mel28 v1.2	Tubme1v2	656061	124945702	10058	N	Y	Y	N		Martin F et al.,2010~Murat C et al.,2018	20348908 30420746	
1835	Yarrowia lipolytica YB419 v1.0	YarliYB419	4952	20144947	6751	N	Y	Y	N		Walker C et al.,2018	30533660	
1836	Yarrowia lipolytica YB420 v1.0	YarliYB420	4952	20196166	6772	N	Y	Y	N		Walker C et al.,2018	30533660	
1837	Yarrowia lipolytica YB392 v1.0	YarliYB392	4952	20178742	6750	N	Y	Y	N		Walker C et al.,2018	30533660	
1838	Yarrowia lipolytica YB567 v1.0	YarliYB567	4952	20268095	6776	N	Y	Y	N		Walker C et al.,2018	30533660	
1839	Yarrowia lipolytica YB566 v1.0	YarliYB566	4952	20271681	6764	N	Y	Y	N		Walker C et al.,2018	30533660	
1840	Cylindrocarpon olidum MPI-CAGE-CH-0241 v1.0	Cylol1	1576542	52862545	16645	N	Y	Y	N		Mesny F et al.,2021	34893598	
1841	Ilyonectria sp. MPI-CAGE-AT-0134 v1.0	Neora1	1755430	71715727	22025	N	Y	Y	N		Mesny F et al.,2021	34893598	
1842	Lactarius hengduanensis 84 v1.0	Lachen1	1932122	61963203	15957	N	Y	Y	N		Lebreton A et al.,2022	35383395	
1843	Lactarius hatsudake 109 v1.0	Lachat1	416442	95486030	16831	N	Y	Y	N		Lebreton A et al.,2022	35383395	
1844	Lactarius sanguifluus B21 v1.0	Lacsan1	111137	86240450	17481	N	Y	Y	N		Lebreton A et al.,2022	35383395	
1845	Lactarius deliciosus 48 v1.0	Lacdel1	55514	96043985	18193	N	Y	Y	N		Lebreton A et al.,2022	35383395	
1846	Lactarius vividus 141 v1.0	Lacviv1	1740625	69041955	11612	N	Y	Y	N		Lebreton A et al.,2022	35383395	
1847	Lactarius akahatsu QP v1.0	Lacaka1	416441	80299772	12853	N	Y	Y	N		Lebreton A et al.,2022	35383395	
1848	Lactarius pseudohatsudake 88 v1.0	Lacpse1	1932123	99708583	20824	N	Y	Y	N		Lebreton A et al.,2022	35383395	
1849	Dissophora ornata CBS 347.77 v1.0	Disorn1	979620	38942631	12584	N	Y	Y	N		Chang Y et al.,2022	35996588	
1850	Epithele typhae CBS 203.58 v1.0	Epityp1	378194	56143418	13759	N	Y	Y	N		Hage H et al.,2021	33538380	
1851	Colletotrichum filicis CBS 101611	Colsp1	34409	62965231	17391	N	Y	Y	N		Goulin E et al.,2023	36537835	
1852	Colletotrichum tamarilloi CBS 129955	Colta1	1209934	52077224	17399	N	Y	Y	N		Baroncelli R et al.,2024	38940768	
1853	Colletotrichum costaricense IMI 309622	Colco1	1209916	51625248	17126	N	Y	Y	N		Baroncelli R et al.,2024	38940768	
1854	Colletotrichum chlorophyti NTL11	Colch1	708187	52387045	10310	N	Y	Y	N		Gan P et al.,2017	28280027	
1855	Colletotrichum cuscutae IMI 304802	Colcu1	1209917	80453496	17289	N	Y	Y	N		Baroncelli R et al.,2024	38940768	
1856	Colletotrichum abscissum IMI 504890	Colab1	1671311	53936108	17280	N	Y	Y	N		Baroncelli R et al.,2024	38940768	
1857	Colletotrichum paranaense IMI 384185	Colpa1	1914294	49177916	16775	N	Y	Y	N		Baroncelli R et al.,2024	38940768	
1858	Colletotrichum melonis CBS 134730	Colme1	1209925	50135825	16823	N	Y	Y	N		Baroncelli R et al.,2024	38940768	
1859	Colletotrichum tofieldiae CBS 168.49	Coltof1	708197	52962735	16451	N	Y	Y	N		Hacquard S et al.,2016	27150427	
1860	Colletotrichum orbiculare 104-T	Colorb1	5465	90086138	13348	N	Y	Y	N		Gan P et al.,2013	23252678	
1861	Colletotrichum incanum MAFF 238712	Colin1	1573173	53254579	11852	N	Y	Y	N		Gan P et al.,2016	27189990	
1862	Colletotrichum lupini IMI 504893	Collup1	145971	63407421	18324	N	Y	Y	N		Baroncelli R et al.,2021	34402629	
1863	Geopyxis carbonaria CBS 144460 v1.0	Geocar1	49969	49454325	11663	N	Y	Y	N		Steindorff AS et al.,2022	35898177	
1864	Piptocephalis tieghemiana RSA 1565 v1.0	Piptie1	1286916	18550337	5811	N	Y	Y	N		Wang Y et al.,2023	36930540	
1865	Myceliophthora similis CBS 632.67 v1.0	Corsim1	1403191	31812524	9392	N	Y	Y	N		Steindorff AS et al.,2024	39266695	
1866	Chytriomyces hyalinus JEL632 v1.0	Chyhya1	4814	38103441	15516	N	Y	Y	N		Amses KR et al.,2022	36037379	
1867	Gorgonomyces haynaldii MP57 v1.0	Gorhay1	382530	13983420	7898	N	Y	Y	N		Amses KR et al.,2022	36037379	
1868	Paecilomyces variotii CBS144490 HYG1 v1.0	Paevar_HGY_1	264951	32365222	9230	N	Y	Y	N		Urquhart AS et al.,2018	30619145	
1869	Rhizophagus cerebriforme DAOM 227022 v1.0	Rhice1_1	658196	136890557	21549	N	Y	Y	N		Morin E et al.,2019	30636349	
1870	Gigaspora rosea v1.0	Gigro1	44941	567950182	31291	N	Y	Y	N		Morin E et al.,2019	30636349	
1871	Rhizophagus diaphanus v1.0	Rhidi1	1348878	125876003	23252	N	Y	Y	N		Morin E et al.,2019	30636349	
1872	Psilocybe serbica v1.0	Psiser1	797126	61285081	15481	N	Y	Y	N		Fricke J et al.,2017	28763571	
1873	Helicostylum pulchrum RSA 2064 v1.0	Helpul1	562976	32727348	12794	N	Y	Y	N		Chang Y et al.,2022	35996588	
1874	Choanephora cucurbitarum NRRL2744 (50) v1.0	Chocucu1	101091	35108735	11534	N	Y	Y	N		Chang Y et al.,2022	35996588	
1875	Lactarius psammicola BPL869 v1.0	Lacpsa1	1907521	69824043	13442	N	Y	Y	N		Looney B et al.,2022	34861049	
1876	Myxozyma melibiosi Phaff 52-87 v1.0	Myxme1	54550	15330035	6299	N	Y	Y	N		Czajka JJ et al.,2024	38638323	
1877	Fusarium venenatum MPI-CAGE-CH-0201 v1.0	Fusven1	56646	37452605	12845	N	Y	Y	N		Mesny F et al.,2021	34893598	
1878	Dactylonectria macrodidyma MPI-CAGE-AT-0147 v1.0	Dacma1	307937	77328613	21304	N	Y	Y	N		Mesny F et al.,2021	34893598	
1879	Fusarium oxysporum MPI-CAGE-CH-0212 v1.0	Fusoxys1	5507	55719217	17726	N	Y	Y	N		Mesny F et al.,2021	34893598	
1880	Fusarium avenaceum MPI-SDFR-AT-0044 v1.0	Fustri1	40199	42232206	14043	N	Y	Y	N		Mesny F et al.,2021	34893598	
1881	Fusarium tricinctum MPI-SDFR-AT-0068 v1.0	Fustr1	61284	43693088	14106	N	Y	Y	N		Mesny F et al.,2021	34893598	
1882	Armillaria luteobubalina HWK02 v1.0	Armlut1	153913	97106278	20318	N	Y	Y	N		Sahu N et al.,2023	37550506	
1883	Armillaria nabsnona CMW6904 v1.0	Armnab1	64368	62718798	19015	N	Y	Y	N		Sahu N et al.,2023	37550506	
1884	Fusarium commune MPI-SDFR-AT-0072 v1.0	Fusco1	5506	48370669	15731	N	Y	Y	N		Mesny F et al.,2021	34893598	
1885	Lasiosphaeris hispida CBS 955.72 v1.0	Lashi1	260671	48441159	14680	N	Y	Y	N		Hensen N et al.,2023	37820761	
1886	Podospora appendiculata CBS 314.62 v1.0	Podap1	314037	39954210	11955	N	Y	Y	N		Hensen N et al.,2023	37820761	
1887	Morchella snyderi CBS 144464 v1.0	Morsny1	1174678	54771879	11100	N	Y	Y	N		Steindorff AS et al.,2022~Bonito G et al.,2025	35898177 40769152	
1888	Coprinellus angulatus CBS 144469 v1.0	Copang1	980116	93565539	25937	N	Y	Y	N		Steindorff AS et al.,2021	33034064	
1889	Hygrophoropsis aurantiaca ATCC 28755 v1.0	Hygaur1	72124	36975565	14285	N	Y	Y	N		Wu G et al.,2022	34767630	
1890	Coniochaeta sp. 2T2.1 v1.0	Conioc1	1571157	74351065	24735	N	Y	Y	N		Mondo SJ et al.,2019	31572496	
1891	Suillus clintonianus FC179 v1.0	Suicli1	1904413	46838326	15530	N	Y	Y	N		Lofgren LA et al.,2021	33355923	
1892	Suillus ampliporus FC55 v1.0	Suiamp1	1912932	58334580	16527	N	Y	Y	N		Lofgren LA et al.,2021	33355923	
1893	Zoophthora radicans ATCC 208865 v1.0	Zoorad1	42210	655199646	14479	N	Y	Y	N		Amses KR et al.,2022	36037379	
1894	Triparticalcar arcticum BR59 v1.0	Triarc1	1117335	31548172	10963	N	Y	Y	N		Amses KR et al.,2022	36037379	
1895	Fusarium sp. FIESC 12 MPI-CAGE-AA-0113 v1.0	Fuseq1	5506	40328194	13580	N	Y	Y	N		Mesny F et al.,2021	34893598	
1896	Fusarium solani FSSC 5 v1.0	Fusso1	169388	52932111	17656	N	Y	Y	N		Mesny F et al.,2021	34893598	
1897	Hyaloraphidium curvatum SAG235-1 v1.0	Hyacur1	82268	31926619	15197	N	Y	Y	N		Amses KR et al.,2022	36037379	
1898	Powellomyces hirtus BR81 v1.0	Powhir1	109895	29428253	9359	N	Y	Y	N		Amses KR et al.,2022	36037379	
1899	Halteromyces radiatus CBS 162.75 v1.0	Halrad1	101107	26215609	10175	N	Y	Y	N		Chang Y et al.,2022	35996588	
1900	Dactylonectria estremocensis MPI-CAGE-AT-0021 v1.0	Daces1	1079267	64663708	19198	N	Y	Y	N		Mesny F et al.,2021	34893598	
1901	Neurospora crassa clade B FGSC 4830 v1.0	Neucr4830_1	5141	37056930	10586	N	Y	Y	N		Hensen N et al.,2023	37820761	
1902	Blumeria graminis f. sp. hordei Race1	BlugrR1_1	2867405	116475897	7239	N	Y	Y	N		Frantzeskakis L et al.,2018	29788921	
1903	Blumeria graminis f. sp. hordei DH14	Blugr2	546991	124489486	7118	N	Y	Y	N		Frantzeskakis L et al.,2018	29788921	
1904	Suillus subalutaceus FC151 v1.0	Suisu1	48586	64971567	17080	N	Y	Y	N		Lofgren LA et al.,2021	33355923	
1905	Mycena albidolilacea CBHHK002 v1.0	Mycalb1	1033008	126717228	36941	N	Y	Y	N		Harder CB et al.,2024	38942024	
1906	Russula ochroleuca P?ilba v1.0	Rusoch1	152965	44738512	12048	N	Y	Y	N		Miyauchi S et al.,2020	33046698	
1907	Phellopilus nigrolimitatus SigPhenig9 v1.0	Pheni1	127956	56764883	14792	N	Y	Y	N		Sønstebø JH et al.,2022	35076968	
1908	Dendryphion nanum MPI-CAGE-CH-0243 v1.0	Denna1	256645	41131413	13889	N	Y	Y	N		Mesny F et al.,2021	34893598	
1909	Phaeosphaeria poagena MPI-PUGE-AT-0046c v1.0	Phapo1	1715242	34077024	12804	N	Y	Y	N		Mesny F et al.,2021	34893598	
1910	Chaetomidium fimeti CBS 168.71 v1.0	Chafi1	1854472	35321551	11448	N	Y	Y	N		Hensen N et al.,2023	37820761	
1911	Alternaria rosae MPI-PUGE-AT-0040 v1.0	Altro1	1187941	33831682	12640	N	Y	Y	N		Mesny F et al.,2021	34893598	
1912	Macrophomina phaseolina MPI-SDFR-AT-0080 v1.0	Macpha1	35725	53641247	14845	N	Y	Y	N		Mesny F et al.,2021	34893598	
1913	Tricharina praecox CBS 144465 v1.0	Tripra1	43433	38357564	10413	N	Y	Y	N		Steindorff AS et al.,2022	35898177	
1914	Mortierella elongata MPI-CAGE-AA-0104 v1.0	Morel_U14_1	310910	50910406	14234	N	Y	Y	N		Mesny F et al.,2021	34893598	
1915	Peziza echinospora CBS 144458 v1.0	Pezech1	61495	63768826	10991	N	Y	Y	N		Steindorff AS et al.,2022	35898177	
1916	Pholiota molesta CBS 144467 v1.0	Phohig1	2066989	66044324	17825	N	Y	Y	N		Steindorff AS et al.,2021	33034064	
1917	Cladochytrium polystomum WB228 v1.0	Clapol1_1	2211651	81192468	16599	N	Y	Y	N		Amses KR et al.,2022	36037379	
1918	Coemansia mojavensis RSA 71 v1.0	Coemoj1	4864	14291446	6859	N	Y	Y	N		Chang Y et al.,2022	35996588	
1919	Psilocybe cubensis v1.0	Psicub1_1	181762	41302601	13361	N	Y	Y	N		Fricke J et al.,2017	28763571	
1920	Leptodontidium sp. MPI-SDFR-AT-0119 v2.0	Lepor2	75374	77016911	21254	N	Y	Y	N		Mesny F et al.,2021	34893598	
1921	Leotiomycetes sp. MPI-SDFR-AT-0126 v1.0	Phimu1	1709938	54044039	17024	N	Y	Y	N		Mesny F et al.,2021	34893598	
1922	Boeremia exigua MPI-SDFR-AT-0100 v1.0	Boeex1	749465	35322113	12871	N	Y	Y	N		Mesny F et al.,2021	34893598	
1923	Caecomyces churrovis A v1.0	Caecom1	2019372	165495782	15009	N	Y	Y	N		Brown JL et al.,2021	34893091	
1924	Rhexocercosporidium sp. MPI-PUGE-AT-0058 v1.0	Rhesp1	2042821	62745254	16722	N	Y	Y	N		Mesny F et al.,2021	34893598	
1925	Paecilomyces niveus CO7 v1.0	Bysni1	5093	36022454	10584	N	Y	Y	N		Biango-Daniels MN et al.,2018	29930063	
1926	Talaromyces borbonicus CBS 141340 	Talabor1	5094	27050413	9744	N	Y	Y	N		Varriale S et al.,2018	29843575	
1927	Mycena rebaudengoi CBHHK068 v1.0	Mycreb1	1045383	218590756	52308	N	Y	Y	N		Harder CB et al.,2024	38942024	
1928	Mycena floridula CBHHK072 v1.0	Mycflo1	1033242	118533562	29475	N	Y	Y	N		Harder CB et al.,2024	38942024	
1929	Mycena amicta BAPX v1.0	Mycami1	380012	81431410	25102	N	Y	Y	N		Harder CB et al.,2024	38942024	
1930	Mycena filopes CBHHK001 v1.0	Mycfil1	858877	112004863	29152	N	Y	Y	N		Harder CB et al.,2024	38942024	
1931	Suillus cothurnatus VC 1858 v1.0	Suicot1	48568	94611779	19836	N	Y	Y	N		Lofgren LA et al.,2021	33355923	
1932	Lentinula raphanica INPA1701G ss19 v1.0	Lenrap1	153919	49067377	16189	N	Y	Y	N				10.1073/pnas.2214076120
1933	Lentinula lateritia RHP3577 ss4 v1.0	Lenlat1	40482	45430989	13354	N	Y	Y	N				10.1073/pnas.2214076120
1934	Lentinula edodes sp2 HRB7682 ss15 v1.0	Lenafn1	40482	44793336	13891	N	Y	Y	N				10.1073/pnas.2214076120
1935	Lentinula edodes Le(Bin) 0899 ss11 v1.0	Lenedo1	5353	45594472	14079	N	Y	Y	N		Zhang J et al.,2022	35572413	10.1073/pnas.2214076120
1936	Plectosphaerella cucumerina RP01 v1.0	Plecuc1	40658	36520717	12956	N	Y	Y	N		Mesny F et al.,2021	34893598	
1937	Neurospora tetraspora CBS 560.94 v1.0	Gelte1	94610	43856413	11251	N	Y	Y	N		Hensen N et al.,2023	37820761	
1938	Sordaria brevicollis FGSC1904 v1.0	Sorbr1	83679	53085477	10927	N	Y	Y	N		Hensen N et al.,2023	37820761	
1939	Cercophora scortea SMH4131-1 v1.0	Cersc1	314031	40165273	11779	N	Y	Y	N		Hensen N et al.,2023	37820761	
1940	Aspergillus unguis CBS132.55 v1.0	Aspung1	40381	26060700	10397	N	Y	Y	N		Theobald S et al.,2025	39897699	
1941	Aspergillus neoechinulatus CBS120.55 v1.0	Aspne1	2184044	30669358	10504	N	Y	Y	N		Theobald S et al.,2025	39897699	
1942	Aspergillus amylovorus CBS 600.67 v1.0	Aspamy1	176166	34894441	12857	N	Y	Y	N		Nybo JL et al.,2025	40371420	
1943	Aspergillus venezuelensis CBS 868.97 v1.0	Aspven1	1810929	34837464	12450	N	Y	Y	N		Theobald S et al.,2025	39897699	
1944	Aspergillus welwitschiae CBS139.54b v1.0	Aspwel1	1341132	37511876	13687	N	Y	Y	N		Vesth TC et al.,2018	30349117	
1945	Aspergillus acristatulus CBS 119.55 v1.0	Aspacri1	286159	32593788	11221	N	Y	Y	N		Theobald S et al.,2025	39897699	
1946	Aspergillus undulatus CBS 261.88 v1.0	Aspund1_1	1810928	32112944	11802	N	Y	Y	N		Theobald S et al.,2025	39897699	
1947	Aspergillus indicus v2.0	Aspind2_1	138288	32492420	11361	N	Y	Y	N		Theobald S et al.,2025	39897699	
1948	Aspergillus stercoraria CBS 428.93 v1.0	Aspstec1_1	1810892	29263932	10324	N	Y	Y	N		Theobald S et al.,2025	39897699	
1949	Aspergillus filifera CBS 114510 v1.0	Aspfili1	447248	31484740	11686	N	Y	Y	N		Theobald S et al.,2025	39897699	
1950	Aspergillus multicolor v1.0	Aspmul1_1	41759	35254497	12821	N	Y	Y	N		Theobald S et al.,2025	39897699	
1951	Aspergillus olivicola v1.0	Aspoli1_1	1250372	33173879	12183	N	Y	Y	N		Theobald S et al.,2025	39897699	
1952	Aspergillus desertorum CBS 653.73 v1.0	Aspdese1	1810909	29041708	10111	N	Y	Y	N		Theobald S et al.,2025	39897699	
1953	Aspergillus recurvatus v1.0	Asprec1_1	41761	30717846	11007	N	Y	Y	N		Theobald S et al.,2025	39897699	
1954	Aspergillus stella-maris CBS 113639 v1.0	Aspstel1_1	1810926	33998249	12537	N	Y	Y	N		Theobald S et al.,2025	39897699	
1955	Amylocystis lapponica SKaAmylap13 v1.0	Amylap1_1	202700	35500685	11559	N	Y	Y	N		Hage H et al.,2021	33538380	
1956	Crassisporium funariophilum CBS 144457 v1.0	Crafun1	1954473	37117181	13637	N	Y	Y	N		Steindorff AS et al.,2021	33034064	
1957	Fomitopsis betulina CIRM-BRFM 1772 v1.1	Pipbet1_1	40450	42863829	12070	N	Y	Y	N		Hage H et al.,2021	33538380	
1958	Rozella allomycis CSF55 single-cell v1.0	Rozal_SC1	281847	13461086	6694	N	Y	Y	N		Ahrendt SR et al.,2018	30297742	
1959	Caulochytrium protostelioides ATCC 52028 v1.0	Caupr1	1555241	21796879	6168	N	Y	Y	N		Ahrendt SR et al.,2018	30297742	
1960	Dimargaris cristalligena RSA 468 single-cell v1.0	DimcrSC1	215637	30776575	7456	N	Y	Y	N		Ahrendt SR et al.,2018	30297742	
1961	Piptocephalis cylindrospora RSA 2659 single-cell v3.0	Pipcy3_1	1907219	10748607	4301	N	Y	Y	N		Ahrendt SR et al.,2018	30297742	
1962	Syncephalis pseudoplumigaleata Benny S71-1 single-cell v1.0	Synps1	1712513	16269185	6123	N	Y	Y	N		Ahrendt SR et al.,2018	30297742	
1963	Blyttiomyces helicus single-cell v1.0	Blyhe1	388810	46472760	12167	N	Y	Y	N		Ahrendt SR et al.,2018	30297742	
1964	Thamnocephalis sphaerospora RSA 1356 single-cell v1.0	Thasp1	78915	18203817	6857	N	Y	Y	N		Ahrendt SR et al.,2018	30297742	
1965	Metschnikowia bicuspidata single-cell v1.0	Metbi_SCcomb	27322	10953298	4778	N	Y	Y	N		Ahrendt SR et al.,2018	30297742	
1966	Caulochytrium protostelioides ATCC 52028 single-cell v1.0	Caupr_SCcomb	1555241	10621701	3328	N	Y	Y	N		Ahrendt SR et al.,2018	30297742	
1967	Rhodofomes roseus CIRM-BRFM 1785 v1.0	Fomros1	34475	38369625	12986	N	Y	Y	N		Hage H et al.,2021	33538380	
1968	Earliella scabrosa CIRM-BRFM 1817 v1.0	Earsca1	2478900	51673276	17744	N	Y	Y	N		Hage H et al.,2021	33538380	
1969	Obelidium mucronatum JEL802 v1.0	Obemuc1	110081	49458483	15468	N	Y	Y	N		Amses KR et al.,2022	36037379	
1970	Aspergillus candidus CBS 102.13 v1.0	Aspcand1	41067	27317772	9641	N	Y	Y	N		Kjærbølling I et al.,2018	29317534	
1971	Aspergillus taichungensis IBT 19404 v1.0	Asptaic1	482145	27121736	9692	N	Y	Y	N		Kjærbølling I et al.,2018	29317534	
1972	Mycena belliae CBHHK173m v1.0	Mycbel1	1033014	56444626	18074	N	Y	Y	N		Harder CB et al.,2024	38942024	
1973	Mycena sanguinolenta CBHHK176m v1.0	Mycsan1	230812	115408990	34875	N	Y	Y	N		Harder CB et al.,2024	38942024	
1974	Mycena vitilis CBHHK169m v1.0	Mycvit1	1033281	83665095	27952	N	Y	Y	N		Harder CB et al.,2024	38942024	
1975	Mycena alexandri CBHHK200 v1.0	Mycale1	1745969	132306732	32245	N	Y	Y	N		Harder CB et al.,2024	38942024	
1976	Mycena crocata CBHHK184 v1.0	Myccro1	220801	93990387	30221	N	Y	Y	N		Harder CB et al.,2024	38942024	
1977	Ustilago maydis 521 v2.0	Ustma2_2	5270	19664388	6785	N	Y	Y	N		Kämper J et al.,2006	17080091	
1978	Paecilomyces variotii CBS 101075 v1.0	Paevar1	264951	30105809	9270	N	Y	Y	N		Urquhart AS et al.,2018	30619145	
1979	Oliveonia pauxilla MPI-PUGE-AT-0066 v1.0	Olipa1	1026881	47727729	14601	N	Y	Y	N		Mesny F et al.,2021	34893598	
1980	Fusarium oxysporum MPI-SDFR-AT-0094 v1.0	Fusoxy1	5507	52242347	17445	N	Y	Y	N		Mesny F et al.,2021	34893598	
1981	Paraphoma chrysanthemicola MPI-GEGE-AT-0034 v1.0	Parch1	798071	40663325	15089	N	Y	Y	N		Mesny F et al.,2021	34893598	
1982	Achaetomium strumarium CBS333.67 v1.0	Achstr1	1170767	32422668	10185	N	Y	Y	N		Hensen N et al.,2023	37820761	
1983	Podospora didyma CBS 232.78 v1.0	Poddi1	330526	48328886	14870	N	Y	Y	N		Hensen N et al.,2023	37820761	
1984	Apodospora peruviana CBS 118394 v1.0	Apope1	516989	42017045	13445	N	Y	Y	N		Hensen N et al.,2023	37820761	
1985	Lasiosphaeria ovina CBS 958.72 v1.0	Lasov1	92902	51771160	14921	N	Y	Y	N		Hensen N et al.,2023	37820761	
1986	Trametes polyzona CIRM-BRFM 1798 v1.0	Trapol1	239206	34431392	12346	N	Y	Y	N		Hage H et al.,2021	33538380	
1987	Trametes betulina CIRM-BRFM 1801 v1.0	Trabet1	5632	37474905	13239	N	Y	Y	N		Hage H et al.,2021	33538380	
1988	Leiotrametes menziesii CIRM-BRFM 1781 v1.0	Tramen1	2136021	35218293	12529	N	Y	Y	N		Hage H et al.,2021	33538380	
1989	Neurospora hispaniola FGSC 10403 v1.0	Neuhi1	588809	40807401	10446	N	Y	Y	N		Hensen N et al.,2023	37820761	
1990	Mycena epipterygia CBHHK145m v1.0	Mycepi1	230806	118648059	37563	N	Y	Y	N		Harder CB et al.,2024	38942024	
1991	Paraphysoderma sedebokerense JEL821 v1.0	Parsed1	1500003	27876074	10859	N	Y	Y	N		Amses KR et al.,2022	36037379	
1992	Polyporus squamosus CCBS 676 v1.0	Polsqu1	2829415	55468683	15283	N	Y	Y	N		Hage H et al.,2021	33538380	
1993	Podospora anserina S mat+	Podan3	515849	35010595	10588	N	Y	Y	N		Espagne E et al.,2008	18460219	
1994	Trametes maxima CIRM-BRFM 1813 v1.0	Tramax1	259368	36566397	12468	N	Y	Y	N		Hage H et al.,2021	33538380	
1995	Setosphaeria turcica Et28A v2.0	Settu3	93612	43014577	12028	N	Y	Y	N		Ohm RA et al.,2012~Condon BJ et al.,2013	23236275 23357949	
1996	Suillus subaureus MN1 v1.0	Suisub1	48587	57660940	15740	N	Y	Y	N		Lofgren LA et al.,2021	33355923	
1997	Apiosordaria backusii CBS 540.89 v1.0	Apibac1	314023	40188346	12368	N	Y	Y	N		Hensen N et al.,2023	37820761	
1998	Cercophora caudata CBS 606.72 v1.0	Cercau1	314043	41294634	14552	N	Y	Y	N		Hensen N et al.,2023	37820761	
1999	Cercophora newfieldiana SMH2532-1 v1.0	Cernew1	92897	39838444	14520	N	Y	Y	N		Hensen N et al.,2023	37820761	
2000	Lasiosphaeris hirsuta SMH4607-1 v1.0	Lashir1	260670	44448086	14131	N	Y	Y	N		Hensen N et al.,2023	37820761	
2001	Puccinia striiformis f. sp. tritici 104 E137 A-	Pucstr1	1238467	156834097	30249	N	Y	Y	N		Schwessinger B et al.,2018	29463659	
2002	Rhizophagus irregularis A5 v1.0	RhiirA5	588596	131461109	26585	N	Y	Y	N		Chen ECH et al.,2018	29355972	
2003	Rhizophagus irregularis A4 v1.0	RhiirA4	588596	138301208	25760	N	Y	Y	N		Chen ECH et al.,2018	29355972	
2004	Pseudogymnoascus destructans 20631-21	Pseudest1	658429	35818201	9335	N	Y	Y	N		Drees KP et al.,2016	27365344	
2005	Penicillium italicum PHI-1	Penita1	40296	30164421	9996	N	Y	Y	N		Ballester AR et al.,2015	25338147	
2006	Pochonia chlamydosporia 170	Pocchl1	1380566	44215803	14204	N	Y	Y	N		Wang G et al.,2016	27416025	
2007	Trichoderma gamsii T6085	Trigam1	398673	37970415	10944	N	Y	Y	N		Baroncelli R et al.,2016	26893428	
2008	Ilyonectria sp. MPI-CAGE-AT-0026 v1.0	Ilyeu1	1079114	62828295	20870	N	Y	Y	N		Mesny F et al.,2021	34893598	
2009	Alternaria alternata MPI-PUGE-AT-0064 v1.0	Altalt1	5599	33441249	13086	N	Y	Y	N		Mesny F et al.,2021	34893598	
2010	Erysiphe necator c	Erynec1	52586	52505057	6484	N	Y	Y	N		Jones L et al.,2014	25487071	
2011	Phialophora attae CBS 131958	Phiatt1	1664694	30363635	11848	N	Y	Y	N		Moreno LF et al.,2015	26586868	
2012	Suillus tomentosus FC115 v1.0	Suitom1	48589	53063458	17198	N	Y	Y	N		Lofgren LA et al.,2021	33355923	
2013	Leiotrametes lactinea CIRM-BRFM 1664 v1.0	Tralac1	1391043	36341856	12284	N	Y	Y	N		Hage H et al.,2021	33538380	
2014	Trametes meyenii CIRM-BRFM 1810 v1.0	Tramey1	526243	35370798	12440	N	Y	Y	N		Hage H et al.,2021	33538380	
2015	Fomes fomentarius CIRM-BRFM 1821 v1.0	Fomfom1	40442	40950972	14757	N	Y	Y	N		Hage H et al.,2021	33538380	
2016	Abortiporus biennis ?CIRM-BRFM 1778 v1.0	Abobie1	137743	33118568	11767	N	Y	Y	N		Hage H et al.,2021	33538380	
2017	Amylostereum chailletii DWAch2 v1.0	Amycha1	55340	38204724	14750	N	Y	Y	N		Looney B et al.,2022	34861049	
2018	Hexagonia nitida CIRM-BRFM 1802 v1.0	Hexnit1	1140402	41833432	14981	N	Y	Y	N		Hage H et al.,2021	33538380	
2019	Penicillium antarcticum IBT 31811	Penant1	416450	31454985	11514	N	Y	Y	N		Nielsen JC et al.,2017	28368369	
2020	Penicillium steckii IBT 24891	Penste1	303698	32109558	10362	N	Y	Y	N		Nielsen JC et al.,2017	28368369	
2021	Homolaphlyctis polyrhiza JEL142 v1.0	Hompol1	1142505	21324754	7123	N	Y	Y	N		Joneson S et al.,2011	22072962	
2022	Puccinia coronata avenae 12SD80	PuccoSD80_1	860303	150467806	26323	N	Y	Y	N		Nazareno ES et al.,2018	28846186	
2023	Puccinia coronata avenae 12NC29	PuccoNC29_1	860303	166280221	28270	N	Y	Y	N		Nazareno ES et al.,2018	28846186	
2024	Bombardia bombarda SMH3391-2 v1.0	Bombom1	252184	38597794	12102	N	Y	Y	N		Hensen N et al.,2023	37820761	
2025	Schizothecium vesticola SMH3187-1 v1.0	Schves1	314040	35941384	12641	N	Y	Y	N		Hensen N et al.,2023	37820761	
2026	Lasiosphaeria miniovina SMH2392-1A v1.0	Lasmin1	1954250	49418628	14970	N	Y	Y	N		Hensen N et al.,2023	37820761	
2027	Thermomyces lanuginosus SSBP	Thelan1	5541	19155516	6241	N	Y	Y	N		McHunu NP et al.,2013	23788551	
2028	Saksenaea vasiformis B4078	Sakvas1	90258	42502389	9387	N	Y	Y	N		Chibucos MC et al.,2016	27447865	
2029	Penicillium flavigenum IBT 14082	Penfla1	254877	32903267	10994	N	Y	Y	N		Nielsen JC et al.,2017	28368369	
2030	Nakaseomyces bacillisporus CBS 7720	Nakbac1	51660	10993726	5086	N	Y	Y	N		Gabaldón T et al.,2013	24034898	
2031	Nakaseomyces delphensis CBS 2170	Nakdel1	51657	10932331	5103	N	Y	Y	N		Gabaldón T et al.,2013	24034898	
2032	Cladosporium sphaerospermum UM 843	Clasph1	92950	26690478	8807	N	Y	Y	N		Ng KP et al.,2012	22544899	
2033	Tolypocladium inflatum NRRL 8044	Tolinf1	29910	30348711	9998	N	Y	Y	N		Bushley KE et al.,2013	23818858	
2034	Armillaria ostoyae C18/9	Armosto1	47428	60106801	22705	N	Y	Y	N		Sipos G et al.,2017	29085064	
2035	Armillaria cepistipes B5	Armcep1	47426	75828441	23460	N	Y	Y	N		Sipos G et al.,2017	29085064	
2036	Zancudomyces culisetae COL-18-3	Zancul2	1213189	28637897	8067	N	Y	Y	N		Wang Y et al.,2016	27343289	
2037	Smittium mucronatum ALG-7-W6	Smimuc2	133383	102350667	8247	N	Y	Y	N		Wang Y et al.,2016	27343289	
2038	Smittium culicis GSMNP	SmicuMNP_2	133412	77124806	12166	N	Y	Y	N		Wang Y et al.,2016	27343289	
2039	Smittium culicis ID-206-W2	SmiculW2_1	133412	71049901	11260	N	Y	Y	N		Wang Y et al.,2016	27343289	
2040	Mortierella humilis PMI_1414 v1.0	Morhum1	64523	36204870	12012	N	Y	Y	N		Chang Y et al.,2022	35996588	
2041	Mycena sp. CBHHK59/15 v1.0	Myc59_1	1940295	177780440	38334	N	Y	Y	N		Harder CB et al.,2024	38942024	
2042	Fusarium redolens MPI-CAGE-AT-0023 v1.0	Fusre1	48865	52563400	17051	N	Y	Y	N		Mesny F et al.,2021	34893598	
2043	Pyrenochaeta lycopersici MPI-SDFR-AT-0127 v1.0	Pyrly1	285811	40265766	14311	N	Y	Y	N		Mesny F et al.,2021	34893598	
2044	Truncatella angustata MPI-SDFR-AT-0073 v1.0	Truan1	152316	47102642	14777	N	Y	Y	N		Mesny F et al.,2021	34893598	
2045	Sporodiniella umbellata MES 1446 v1.0	Spoumb1	101117	26235891	10781	N	Y	Y	N		Chang Y et al.,2022	35996588	
2046	Moesziomyces aphidis DSM 70725	Moeaph1	84754	17921702	6011	N	Y	Y	N		Lorenz S et al.,2014	24526638	
2047	Penicillium decumbens IBT 11843	Pendec1	69771	23940802	7149	N	Y	Y	N		Nielsen JC et al.,2017	28368369	
2048	Penicillium solitum IBT 29525	Pensol1	60172	33184895	11889	N	Y	Y	N		Nielsen JC et al.,2017	28368369	
2049	Ustilaginoidea virens	Ustvir1	1159556	33567624	6451	N	Y	Y	N		Kumagai T et al.,2016	27151791	
2050	Penicillium vulpinum IBT 29486	Penvul1	29845	31032801	10278	N	Y	Y	N		Nielsen JC et al.,2017	28368369	
2051	Penicillium coprophilum IBT 31321	Pencop1	36646	28360408	8999	N	Y	Y	N		Nielsen JC et al.,2017	28368369	
2052	Penicillium nalgiovense FM193	Pennal1	1439352	32980092	11853	N	Y	Y	N		Nielsen JC et al.,2017	28368369	
2053	Suillus luteus UH-Slu-Lm8-n1 v3.0	Suilu4	5384	44486502	16588	N	Y	Y	N		Kohler A et al.,2015	25706625	
2054	Trichosporon asahii var. asahii CBS 2479	Trias2479	1186058	24271268	8300	N	Y	Y	N		Yang R et al.,2003	14641628	
2055	Trichosporon asahii var. asahii CBS 8904	Trias8904	1220162	25267041	8507	N	Y	Y	N		Yang RY et al.,2012	23193141	
2056	Penicillium polonicum IBT 4502	Penpol1	60169	32376562	10694	N	Y	Y	N		Nielsen JC et al.,2017	28368369	
2057	Zymoseptoria brevis Zb18110	Zymbr1	1047168	31914300	10566	N	Y	Y	N		Grandaubert J et al.,2015	25917918	
2058	Neonectria ditissima R09/05	Neodi1	78410	45719213	12685	N	Y	Y	N		Gómez-Cortecero A et al.,2015	26586869	
2059	Stemphylium lycopersici CIDEFI-216	Stely1	183478	35173254	8997	N	Y	Y	N		Franco ME et al.,2015	26404600	
2060	Penicillium griseofulvum PG3	Pengri1	5078	29140916	9630	N	Y	Y	N		Banani H et al.,2016	26729047	
2061	Colletotrichum tofieldiae 0861	Colto1	708197	52836184	12501	N	Y	Y	N		Hacquard S et al.,2016	27150427	
2062	Byssochlamys spectabilis No. 5	Byssp1	1356009	29762401	8877	N	Y	Y	N		Oka T et al.,2014	24407650	
2063	Fonsecaea nubica CBS 269.64	Fonnu1	856822	33787447	11681	N	Y	Y	N		Costa FF et al.,2016	27491988	
2064	Fonsecaea monophora CBS 269.37	Fonmo1	254056	35229797	11984	N	Y	Y	N		Bombassaro A et al.,2016	27469960	
2065	Aspergillus bombycis NRRL 26010	Aspbom1	109264	37474605	12265	N	Y	Y	N		Moore GG et al.,2016	27664179	
2066	Mortierella sp. GBAus27b v1.0	MorGBAus27b_1	1954212	44971843	13953	N	Y	Y	N		Chang Y et al.,2022	35996588	
2067	Stachybotrys elegans MPI-CAGE-CH-0235 v1.0	Stael1	80388	43467584	14925	N	Y	Y	N		Mesny F et al.,2021	34893598	
2068	Neolecta irregularis DAH-1 v1.0	Neoirr1	48691	14591686	6674	N	Y	Y	N		Nguyen TA et al.,2017	28176784	
2069	Hortaea werneckii EXF-2000 M0 v1.0	Horwer1	91943	49942992	15748	N	Y	Y	N		Lenassi M et al.,2013	23977017	
2070	Penicillium digitatum Pd1	Pendig1	1170230	24884312	8946	N	Y	Y	N		Marcet-Houben M et al.,2012	23171342	
2071	Aspergillus cristatus GZAAS20.1005	Aspcri1	573508	28454192	10344	N	Y	Y	N		Ge Y et al.,2016	27267057	
2072	Antrodia serialis Sig1Antser10 v1.0	Antser1	139415	66694225	17406	N	Y	Y	N		Hage H et al.,2021	33538380	
2073	Myceliophthora heterothallica CBS 202.75 v1.0	Mychet1	1149848	35441645	9222	N	Y	Y	N		Steindorff AS et al.,2024	39266695	
2074	Thanatephorus cucumeris MPI-SDFR-AT-0096 v1.0	Thacu1	107832	45795111	12955	N	Y	Y	N		Mesny F et al.,2021	34893598	
2075	Phyllosticta sp. CPC 27913 v1.0	Phycpc1	1882840	32267666	11259	N	Y	Y	N		Guarnaccia V et al.,2019	31512371	
2076	Microdochium trichocladiopsis MPI-CAGE-CH-0230 v1.0	Mictri1	1682393	49282715	16025	N	Y	Y	N		Mesny F et al.,2021	34893598	
2077	Phyllosticta paracitricarpa CBS 141357 v1.0	Phy27169	1907483	29529839	11081	N	Y	Y	N		Guarnaccia V et al.,2019	31512371	
2078	Phycomyces nitens S608 v1.0	PnitS608_1	269771	37678874	11985	N	Y	Y	N		Chang Y et al.,2022	35996588	
2079	Rhodosporidium toruloides IFO0880 v4.0	Rhoto_IFO0880_4	5286	20683845	8490	N	Y	Y	N		Coradetti ST et al.,2018	29521624	
2080	Dichotomocladium elegans RSA 919- v1.0	Dicele1	101130	39778020	12396	N	Y	Y	N		Chang Y et al.,2022	35996588	
2081	Mycena rosella CBHHK067 v1.0	Mycros1	1033263	129492142	34060	N	Y	Y	N		Harder CB et al.,2024	38942024	
2082	Russula vinacea BPL710 v1.0	Rusvin1	517384	43280073	12673	N	Y	Y	N		Looney B et al.,2022	34861049	
2083	Colletotrichum acutatum CBS 112980 v2.0	Colac2	27357	49057477	15036	N	Y	Y	N		Baroncelli R et al.,2024	38940768	
2084	Aspergillus nomius NRRL 13137	Aspnom13137_1	1509407	36138823	11914	N	Y	Y	N		Moore GG et al.,2015	26216546	
2085	Aspergillus calidoustus	Aspcal1	454130	41102685	15139	N	Y	Y	N		Horn F et al.,2016	26966204	
2086	Aspergillus udagawae IFM 46973	Aspuda1	91492	32185562	9999	N	Y	Y	N		Kusuya Y et al.,2015	26251487	
2087	Phyllosticta citricarpa CBS 127454 v1.0	Phycitr1	55181	28952665	11088	N	Y	Y	N		Guarnaccia V et al.,2019	31512371	
2088	Colletotrichum navitas CBS125086 v1.0	Colna1	681940	52436969	14682	N	Y	Y	N		Baroncelli R et al.,2024	38940768	
2089	Pilobolus umbonatus NRRL 6349 v1.0	Pilumb1	101123	34772712	10983	N	Y	Y	N		Chang Y et al.,2022	35996588	
2090	Coemansia spiralis RSA 1278 v1.0	Coespi1	417178	18931979	7247	N	Y	Y	N		Chang Y et al.,2022	35996588	
2091	Kickxella alabastrina RSA 675 v1.0	Kicala1	61397	22263034	7475	N	Y	Y	N		Chang Y et al.,2022	35996588	
2092	Mycena haematopus CBHHK189 v1.0	Mychae1	230807	62806267	20804	N	Y	Y	N		Harder CB et al.,2024	38942024	
2093	Rigidoporus microporus ED310 v1.0	Rigmic1	219653	42090139	10917	N	Y	Y	N		Oghenekaro AO et al.,2020	32251355	
2094	Ophiostoma novo-ulmi subsp. novo-ulmi H327	Ophnu1	1224258	31784886	8640	N	Y	Y	N		Forgetta V et al.,2013~Comeau AM et al.,2014	23542132 25539722	
2095	Rhizopogon vesiculosus Smith	Rhives1	180088	43809644	14218	N	Y	Y	N		Mujic AB et al.,2017	28450370	
2096	Ustilago hordei Uh4857_4	Usthor1	1128400	21150702	7110	N	Y	Y	N		Laurie JD et al.,2012	22623492	
2097	Phyllosticta capitalensis CBS 128856 v1.0	Phycap1	121624	32461131	12063	N	Y	Y	N		Guarnaccia V et al.,2019	31512371	
2098	Yarrowia lipolytica FKP355 v1.0	Yarlip1	4952	20076540	6858	N	Y	Y	N		Pomraning KR et al.,2018	30518677	
2099	Multifurca ochricompacta BPL690 v1.0	Muloch1	376703	54697930	10514	N	Y	Y	N		Looney B et al.,2022	34861049	
2100	Russula compacta BPL669 v1.0	Ruscom1	40490	45678814	10834	N	Y	Y	N		Looney B et al.,2022	34861049	
2101	Terfezia claveryi T7 v1.0	Tercla1	139407	74471381	12765	N	Y	Y	N		Miyauchi S et al.,2020~Marqués-Gálvez JE et al.,2021	33046698 33118170	
2102	Lactifluus cf. subvellereus BPL653 v1.0	Lacsub1	1837270	44824221	12802	N	Y	Y	N		Looney B et al.,2022	34861049	
2103	Mycena capillaripes Frankland 9286 v1.0	Mycrub1	230804	119906144	37256	N	Y	Y	N		Harder CB et al.,2024	38942024	
2104	Pycnoporus cinnabarinus CIRM-BRFM 50 v1.0	Pyccin1	5643	35142616	12533	N	Y	Y	N		Drula E et al.,2026	41655716	
2105	Panaeolus papilionaceus CIRM-BRFM 715 v1.0	Panpap1	330517	50889730	17466	N	Y	Y	N		Ruiz-Dueñas FJ et al.,2021	33211093	
2106	Phyllosticta citrichinaensis CBS 130529 v1.0	Phcitr1	1130410	29162704	11092	N	Y	Y	N		Guarnaccia V et al.,2019	31512371	
2107	Cytidiella melzeri FP 102339 v1.0	Cytmel1	1883072	50894641	13046	N	Y	Y	N		Hage H et al.,2021	33538380	
2108	Cokeromyces recurvatus NRRL 2243 v1.0	Cokrec1	90255	28120762	10916	N	Y	Y	N		Chang Y et al.,2022	35996588	
2109	Pilaira anomala RSA1997 v1.0	Pilano1	64641	34898111	12817	N	Y	Y	N		Chang Y et al.,2022	35996588	
2110	Rhodosporidium toruloides ATCC26217 v1.0	Rhoto_ATCC26217_1	5286	20209575	8226	N	Y	Y	N		Mondo SJ et al.,2025	40491964	
2111	Fennellomyces sp. T-0311 v1.0	Fenlin1	1329386	45897337	14128	N	Y	Y	N		Wang Y et al.,2023	36930540	
2112	Cunninghamella echinulata NRRL 1382 v1.0	Cunech1	76405	29002410	10443	N	Y	Y	N		Chang Y et al.,2022	35996588	
2113	Circinella umbellata NRRL1351 v1.0	Cirumb1	101103	51270100	14693	N	Y	Y	N		Chang Y et al.,2022	35996588	
2114	Chytridium lagenaria Arg66 v1.0	Chylag1	64509	42380874	14275	N	Y	Y	N		Amses KR et al.,2022	36037379	
2115	Irpex lacteus CCBAS Fr. 238 617/93 v1.0	Irplac1	5319	47742868	15319	N	Y	Y	N		Hage H et al.,2021	33538380	
2116	Phyllosticta citribraziliensis CBS 100098 v1.0	Phcit1	989973	31670975	11101	N	Y	Y	N		Guarnaccia V et al.,2019	31512371	
2117	Colletotrichum higginsianum IMI 349063	Colhig2	759273	50716103	14651	N	Y	Y	N		"Zampounis A et al.,2016~O'Connell RJ et al.,2012"	27540062 22885923	
2118	Colletotrichum cereale CBS 129662 v1.0	Colce1	343994	52150039	16412	N	Y	Y	N		Baroncelli R et al.,2024	38940768	
2119	Trichophaea hybrida UTF0779 v1.0	Trihyb1	47213	144183925	13308	N	Y	Y	N		Miyauchi S et al.,2020	33046698	
2120	Syncephalis fuscata S228 v1.0	Synfus1	1851187	29358178	8846	N	Y	Y	N		Amses KR et al.,2022	36037379	
2121	Gilbertella persicaria var. persicaria CBS 190.32-T v1.0	Gilper1	101096	25732466	10992	N	Y	Y	N		Chang Y et al.,2022	35996588	
2122	Clitocybe gibba IJFM A808 v1.0	Cligib1	378275	65973163	19049	N	Y	Y	N		Ruiz-Dueñas FJ et al.,2021	33211093	
2123	Entophlyctis helioformis JEL805 v1.0	Enthel1	281842	30915201	10118	N	Y	Y	N		Amses KR et al.,2022	36037379	
2124	Radiomyces spectabilis NRRL 2753 v1.0	Radspe1	64574	30409402	10905	N	Y	Y	N		Wang Y et al.,2023	36930540	
2125	Spinellus fusiger NRRL 22323 v1.0	Spifus1	101115	38198483	10164	N	Y	Y	N		Wang Y et al.,2023	36930540	
2126	Penicillium subrubescens FBCC1632 / CBS132785	Pensub1	1316194	39803164	14188	N	Y	Y	N		Peng M et al.,2017	28216099	
2127	Endocarpon pusillum Z07020	EndpusZ1	1263415	37130611	9238	N	Y	Y	N		Wang YY et al.,2014	24438332	
2128	Lactifluus cf. volemus BPL652 v1.0	Lacvol1	71967	62975844	14970	N	Y	Y	N		Looney B et al.,2022	34861049	
2129	Trametes gibbosa CIRM-BRFM 1770 v1.0	Tragib1	160864	33109328	12038	N	Y	Y	N		Hage H et al.,2021	33538380	
2130	Sparassis latifolia CCMJ1100 v1.0	Spalat1	1202976	35658227	12815	N	Y	Y	N		"Error fetching details information for id = 'NCBIPM:', status: E,~Mondo SJ et al.,2025"	 40491964	
2131	Russula rugulosa BPL654 v1.0	Rusrug1	1897646	43452339	13281	N	Y	Y	N		Looney B et al.,2022	34861049	
2132	Aspergillus fijiensis CBS 313.89 v1.0	Aspfij1	1191702	36513906	12019	N	Y	Y	N		Vesth TC et al.,2018	30349117	
2133	Aspergillus violaceofuscus CBS 115571 v1.0	Aspvio1	657443	36012865	12082	N	Y	Y	N		Vesth TC et al.,2018	30349117	
2134	Russula brevipes BPL707 v1.0	Rusbre1	98861	48529157	14000	N	Y	Y	N		Looney B et al.,2022	34861049	
2135	Aspergillus aculeatinus CBS 121060 v1.0	Aspacu1	487661	36471649	12027	N	Y	Y	N		Vesth TC et al.,2018	30349117	
2136	Aspergillus vadensis CBS 113365 v1.0	Aspvad1	288669	35663374	12132	N	Y	Y	N		Vesth TC et al.,2018	30349117	
2137	Aspergillus heteromorphus CBS 117.55 v1.0	Asphet1	51019	35607567	11133	N	Y	Y	N		Vesth TC et al.,2018	30349117	
2138	Aspergillus niger (lacticoffeatus) CBS 101883 v1.0	Asplac1	1450533	35855892	13083	N	Y	Y	N		Vesth TC et al.,2018	30349117	
2139	Aspergillus sclerotiicarbonarius CBS 121057 v1.0	Aspscle1	487660	37621264	12571	N	Y	Y	N		Vesth TC et al.,2018	30349117	
2140	Aspergillus brunneoviolaceus CBS 621.78 v1.0	Aspbru1	1191711	37477200	12075	N	Y	Y	N		Vesth TC et al.,2018	30349117	
2141	Aspergillus sclerotioniger CBS115572 v1.0	Aspscl1	319627	36720365	12338	N	Y	Y	N		Vesth TC et al.,2018	30349117	
2142	Aspergillus neoniger CBS 115656 v1.0	Aspneo1	1196635	35416444	11939	N	Y	Y	N		Vesth TC et al.,2018	30349117	
2143	Aspergillus ellipticus CBS 707.79 v1.0	Aspell1	41066	42866077	12884	N	Y	Y	N		Vesth TC et al.,2018	30349117	
2144	Aspergillus saccharolyticus JOP 1030-1 v1.0	Aspsac1	979771	31096189	10066	N	Y	Y	N		Vesth TC et al.,2018	30349117	
2145	Aspergillus piperis CBS 112811 v1.0	Asppip1	319630	35280331	12069	N	Y	Y	N		Vesth TC et al.,2018	30349117	
2146	Aspergillus uvarum CBS 121591 v1.0	Aspuva1	446911	35850703	12017	N	Y	Y	N		Vesth TC et al.,2018	30349117	
2147	Aspergillus homomorphus CBS 101889 v1.0	Asphom1	319626	34054866	11361	N	Y	Y	N		Vesth TC et al.,2018	30349117	
2148	Aspergillus ibericus CBS 121593 v1.0	Aspibe1	301854	33437983	11680	N	Y	Y	N		Vesth TC et al.,2018	30349117	
2149	Aspergillus eucalypticola CBS 122712 v1.0	Aspeuc1	1340029	34792412	11934	N	Y	Y	N		Vesth TC et al.,2018	30349117	
2150	Aspergillus costaricaensis CBS 115574 v1.0	Aspcos1	319631	36947918	11966	N	Y	Y	N		Vesth TC et al.,2018	30349117	
2151	Aspergillus japonicus CBS 114.51 v1.0	Aspjap1	34381	36099954	12024	N	Y	Y	N		Vesth TC et al.,2018	30349117	
2152	Aspergillus indologenus CBS 114.80 v1.0	Aspind1	1232676	38592838	12163	N	Y	Y	N		Vesth TC et al.,2018	30349117	
2153	Gaertneriomyces semiglobifer Barr 43 v1.0	Gaesem1	109897	20918219	8714	N	Y	Y	N		Amses KR et al.,2022	36037379	
2154	Chytriomyces sp. MP 71 v1.0	Chytri1	1882861	36383760	16054	N	Y	Y	N		Amses KR et al.,2022	36037379	
2155	Umbelopsis sp. nov. AD052 v1.0	Umbsp_AD052_1	1883073	22504321	9369	N	Y	Y	N		Chang Y et al.,2022	35996588	
2156	Blastocladiella britannica v1.0	Blabri1	64508	19075314	9431	N	Y	Y	N		Amses KR et al.,2022	36037379	
2157	Syncephalis plumigaleata NRRL S24 v1.0	Synplu1	1851185	32907727	8130	N	Y	Y	N		Chang Y et al.,2022	35996588	
2158	Gloeopeniophorella convolvens OM19405 v1.0	Glocon1	205761	37988413	12904	N	Y	Y	N		Looney B et al.,2022	34861049	
2159	Russula dissimulans BPL704 v1.0	Rusdis1	258981	44689478	11865	N	Y	Y	N		Looney B et al.,2022	34861049	
2160	Massariosphaeria phaeospora CBS 611.86 v1.0	Masph1	100035	42105601	14021	N	Y	Y	N				10.1016/j.simyco.2020.01.003
2161	Delphinella strobiligena CBS 735.71 v1.0	Delst1	147560	29209081	10337	N	Y	Y	N		Haridas S et al.,2020	32206138	
2162	Lodderomyces elongisporus NRRL YB-4239	Lodelo1	379508	15350449	5746	N	Y	Y	N		Butler G et al.,2009	19465905	
2163	Metarhizium robertsii ARSEF 23	Metro1	655844	41656800	11688	N	Y	Y	N		Hu X et al.,2014~Gao Q et al.,2011	25368161 21253567	
2164	Microbotryum lychnidis-dioicae p1A1 Lamole	Micld1	683840	26138885	7819	N	Y	Y	N		Perlin MH et al.,2015	26076695	
2165	Candida albicans SC5314	Canalb1	237561	14282666	6040	N	Y	Y	N		Jones T et al.,2004~van het Hoog M et al.,2007~Muzzey D et al.,2013	15123810 17419877 24025428	
2166	Colletotrichum orchidophilum IMI 309357	Color1	1209926	48556462	14496	N	Y	Y	N		Baroncelli R et al.,2018	29649963	
2167	Ogataea parapolymorpha DL-1	Ogapa1	871575	8874589	5325	N	Y	Y	N		Ravin NV et al.,2013	24279325	
2168	Paracoccidioides brasiliensis Pb18	Parbra1	502780	29952540	8390	N	Y	Y	N		Desjardins CA et al.,2011	22046142	
2169	Mortierella multidivaricata RSA 2152 T v1.0	Mormul1	101098	37665308	12248	N	Y	Y	N		Chang Y et al.,2022	35996588	
2170	Phascolomyces articulosus v1.0	Phaart1	60185	47605836	14495	N	Y	Y	N		Chang Y et al.,2022	35996588	
2171	Pholiota alnicola AH 47727 v1.0	Phoaln1	109635	75008219	18795	N	Y	Y	N		Ruiz-Dueñas FJ et al.,2021	33211093	
2172	Kockovaella imperatae NRRL Y-17943 v1.0	Kocim1	4999	17465713	7393	N	Y	Y	N		Mondo SJ et al.,2017	28481340	
2173	Auriculariopsis ampla NL-1724 v1.0	Auramp1	97359	49873921	15576	N	Y	Y	N		Almási É et al.,2019	31257601	
2174	Lophiotrema nucula CBS 627.86 v1.0	Lopnu1	690887	48642237	18117	N	Y	Y	N		Haridas S et al.,2020	32206138	
2175	Mycena galopus ATCC-62051 v1.0	Mycgal1	1314675	211361780	49694	N	Y	Y	N		Miyauchi S et al.,2020	33046698	
2176	Globomyces pollinis-pini Arg68 v1.0	Glopol1	382532	21646612	11537	N	Y	Y	N		Amses KR et al.,2022	36037379	
2177	Absidia padenii NRRL 2977 v1.0	Chlpad1	90267	34328230	13495	N	Y	Y	N		Chang Y et al.,2022	35996588	
2178	Gongronella butleri v1.0	Gonbut1	101105	33012461	11004	N	Y	Y	N		Chang Y et al.,2022	35996588	
2179	Meyerozyma guilliermondii ATCC 6260	Meygui1	294746	10609954	5920	N	Y	Y	N		Butler G et al.,2009	19465905	
2180	Capronia semiimmersa CBS27337	Capse1	5601	31616172	11909	N	Y	Y	N		Teixeira MM et al.,2017	28348446	
2181	Coniosporium apollinis CBS 100218	Conap1	1168221	28645321	9308	N	Y	Y	N		Teixeira MM et al.,2017	28348446	
2182	Cladophialophora immunda CBS83496	Claim1	569365	43029152	14033	N	Y	Y	N		Teixeira MM et al.,2017	28348446	
2183	Capronia coronata CBS 617.96	Capcor1	1182541	25807613	9231	N	Y	Y	N		Teixeira MM et al.,2017	28348446	
2184	Cladophialophora carrionii CBS 160.54	Claca1	1279043	28991111	10373	N	Y	Y	N		Teixeira MM et al.,2017	28348446	
2185	Cladophialophora bantiana CBS 173.52	Claba1	1442370	36722552	12762	N	Y	Y	N		Teixeira MM et al.,2017	28348446	
2186	Cladophialophora psammophila CBS 110553	Claps1	1182543	39420127	13421	N	Y	Y	N		Teixeira MM et al.,2017	28348446	
2187	Fonsecaea pedrosoi CBS 271.37	Fonpe1	1442368	34688880	12527	N	Y	Y	N		Teixeira MM et al.,2017	28348446	
2188	Fonsecaea multimorphosa CBS 102226	Fonmu1	1442371	33447075	12369	N	Y	Y	N		Teixeira MM et al.,2017	28348446	
2189	Verruconis gallopava	Verga1	253628	31780469	11357	N	Y	Y	N		Teixeira MM et al.,2017	28348446	
2190	Cyphellophora europaea CBS 101466	Cypeu1	1220924	28781303	11094	N	Y	Y	N		Teixeira MM et al.,2017	28348446	
2191	Capronia epimyces CBS 606.96	Capep1	1182542	28889638	10469	N	Y	Y	N		Teixeira MM et al.,2017	28348446	
2192	Cladophialophora yegresii CBS 114405	Claye1	1182544	27898422	10118	N	Y	Y	N		Teixeira MM et al.,2017	28348446	
2193	Exophiala xenobiotica CBS118157	Exoxe1	348802	31405760	13187	N	Y	Y	N		Teixeira MM et al.,2017	28348446	
2194	Exophiala spinifera CBS89968	Exosp1	91928	32912349	12049	N	Y	Y	N		Teixeira MM et al.,2017	28348446	
2195	Exophiala sideris CBS121828	Exosi1	1016849	29505589	11120	N	Y	Y	N		Teixeira MM et al.,2017	28348446	
2196	Exophiala oligosperma CBS72588	Exool1	215243	38224514	13234	N	Y	Y	N		Teixeira MM et al.,2017	28348446	
2197	Exophiala mesophila CBS40295	Exome1	212818	29273723	10347	N	Y	Y	N		Teixeira MM et al.,2017	28348446	
2198	Colletotrichum phormii CBS102054 v1.0	Colph1	359342	51666170	15209	N	Y	Y	N		Baroncelli R et al.,2024	38940768	
2199	Exophiala dermatitidis UT8656	Exode1	858893	26350763	9562	N	Y	Y	N		Chen Z et al.,2014~Teixeira MM et al.,2017	24496724 28348446	
2200	Exophiala aquamarina CBS 119918	Exoaq1	1182545	41566958	13118	N	Y	Y	N		Teixeira MM et al.,2017	28348446	
2201	Kuraishia capsulata CBS 1993	Kurca1	1382522	11371246	6029	N	Y	Y	N		Morales L et al.,2013	24317973	
2202	Gymnopilus junonius AH 44721 v1.0	Gymjun1	109634	59461163	16444	N	Y	Y	N		Ruiz-Dueñas FJ et al.,2021	33211093	
2203	Zychaea mexicana RSA 1403 v1.0	Zycmex1	64656	50638590	14004	N	Y	Y	N		Chang Y et al.,2022	35996588	
2204	Catenaria anguillulae PL171 v2.0	Catan2	109876	41337528	12804	N	Y	Y	N		Mondo SJ et al.,2017	28481340	
2205	Anaeromyces robustus v1.0	Anasp1	1754192	71685009	12832	N	Y	Y	N		Haitjema CH et al.,2017~Mondo SJ et al.,2017	28555641 28481340	
2206	Neocallimastix californiae G1 v1.0	Neosp1	1754190	193032486	20219	N	Y	Y	N		Haitjema CH et al.,2017	28555641	
2207	Piromyces finnis v3.0	Pirfi3	1754191	56455805	10992	N	Y	Y	N		Haitjema CH et al.,2017~Mondo SJ et al.,2017	28555641 28481340	
2208	Hypoxylon sp. EC38 v3.0	HypEC38_3	1001937	47717833	12534	N	Y	Y	N		Wu W et al.,2017	28078400	
2209	Cyathus striatus AH 40144 v1.0	Cyastr2	68777	91180015	23513	N	Y	Y	N		Ruiz-Dueñas FJ et al.,2021	33211093	
2210	Lichtheimia corymbifera JMRC:FSU:9682	Liccor1	1263082	33525905	13404	N	Y	Y	N		Schwartze VU et al.,2014	25121733	
2211	Tuber borchii Tbo3840 v1.0	Tubbor1	42251	97184993	12346	N	Y	Y	N		Murat C et al.,2018	29930051	
2212	Oudemansiella mucida CBS 558.79 v1.0	Oudmuc1	139077	61732987	18562	N	Y	Y	N		Ruiz-Dueñas FJ et al.,2021	33211093	
2213	Mycotypha africana NRRL 2978 v1.0	Mycafr1	64632	29202882	10917	N	Y	Y	N		Chang Y et al.,2022	35996588	
2214	Lactarius quietus S23C v1.0	Lacqui1	111141	115901997	18943	N	Y	Y	N		Miyauchi S et al.,2020	33046698	
2215	Hydnopolyporus fimbriatus CBS384.51 v1.0	Hydfim1	378272	34571335	12424	N	Y	Y	N		Hage H et al.,2021	33538380	
2216	Gautieria morchelliformis GMNE.BST v1.0	Gaumor1_1	112417	122807766	20331	N	Y	Y	N		Miyauchi S et al.,2020	33046698	
2217	Rickenella fibula HBK330-10 v1.0	Ricfib1	264144	59345457	18897	N	Y	Y	N		Korotkin HB et al.,2018	30368779	
2218	Mrakia frigida ATCC 22029 v1.0	Mrafri1	29902	28159101	9516	N	Y	Y	N		Mondo SJ et al.,2025	40491964	
2219	Allomyces macrogynus ATCC 38327	Allma1	578462	57060573	19446	N	Y	Y	N		Amses KR et al.,2022	36037379	
2220	Spizellomyces punctatus DAOM BR117	Spipu1	645134	24131112	9424	N	Y	Y	N		Russ C et al.,2016	27540072	
2221	Puccinia triticina 1-1 BBBD Race 1	Puctr1	630390	135344771	15685	N	Y	Y	N		Cuomo CA et al.,2017	27913634	
2222	Blastomyces dermatitidis SLH14081	Blade1	559298	75353942	11343	N	Y	Y	N		Muñoz JF et al.,2015	26439490	
2223	Colletotrichum lupini CBS 109225 v1.0	Collu1	145971	58756634	15365	N	Y	Y	N		Baroncelli R et al.,2024	38940768	
2224	Melampsora larici-populina v2.0	Mellp2_3	203908	109877997	19550	N	Y	Y	N		Persoons A et al.,2022	34919678	
2225	Usnea florida ATCC18376 v1.0	Usnflo1	111620	44323432	12649	N	Y	Y	N		Mondo SJ et al.,2025	40491964	
2226	Clavispora lusitaniae ATCC 42720	Clalu1_2	306902	12114892	5936	N	Y	Y	N		Butler G et al.,2009	19465905	
2227	Rhodocollybia butyracea AH 40177 v1.0	Rhobut1_1	206335	96282412	22870	N	Y	Y	N		Ruiz-Dueñas FJ et al.,2021	33211093	
2228	Colletotrichum godetiae CBS 193.32 v1.0	Colgo1	1209918	51652851	16071	N	Y	Y	N		Baroncelli R et al.,2024	38940768	
2229	Gyromitra esculenta CBS101906 v1.0	Gyresc1	33161	45046303	11202	N	Y	Y	N		Dirks AC et al.,2025	39788220	
2230	Hortaea acidophila CBS 113389 v1.0	Horac1	245834	20432448	9831	N	Y	Y	N		Haridas S et al.,2020	32206138	
2231	Lineolata rhizophorae ATCC 16933 v1.0	Linrh1	578093	31143728	10230	N	Y	Y	N		Haridas S et al.,2020	32206138	
2232	Lobosporangium transversale NRRL 3116 v1.0	Lobtra1	64571	42768949	11822	N	Y	Y	N		Mondo SJ et al.,2017	28481340	
2233	Blakeslea trispora NRRL 2456 v1.0	Blatri1	4850	37513922	11687	N	Y	Y	N		Chang Y et al.,2022	35996588	
2234	Pseudomassariella vexata CBS 129021 v1.0	Pseve2	1141098	44711451	12565	N	Y	Y	N		Mondo SJ et al.,2017	28481340	
2235	Cantharellus anzutake C23 v1.0	Cananz1	36065	120173979	16968	N	Y	Y	N		Miyauchi S et al.,2020	33046698	
2236	Pycnoporus puniceus CIRM-BRFM 1868 v1.0	Pycpun1	571087	30261980	10050	N	Y	Y	N		Miyauchi S et al.,2020	32531032	
2237	Trichoderma asperelloides BRM 29576 v1.0	Triasp1	702382	35388325	12320	N	Y	Y	N		Kubicek CP et al.,2019	31189469	
2238	Trichoderma harzianum TR274 v1.0	Trihar1	5544	40870399	13932	N	Y	Y	N		Kubicek CP et al.,2019~Steindorff AS et al.,2014	31189469 24635846	
2239	Artolenzites elegans CIRM-BRFM 1122 v1.0	Artele1122_1	526244	33812861	11945	N	Y	Y	N		Hage H et al.,2021	33538380	
2240	Syncephalastrum racemosum NRRL 2496 v1.0	Synrac1	13706	30745403	11124	N	Y	Y	N		Mondo SJ et al.,2017	28481340	
2241	Vararia minispora EC-137 v1.0	Varmin1	1314806	36812209	10962	N	Y	Y	N		Looney B et al.,2022	34861049	
2242	Hymenopellis radicata IJFM A160 v1.0	Hymrad1	937743	78586887	27481	N	Y	Y	N		Ruiz-Dueñas FJ et al.,2021	33211093	
2243	Clohesyomyces aquaticus v1.0	Cloaq1	1231657	49677730	15810	N	Y	Y	N		Mondo SJ et al.,2017	28481340	
2244	Cryptococcus terricola JCM 24523 v1.0	Cryte1	104414	23185503	8560	N	Y	Y	N		Close D et al.,2016	27811113	
2245	Thamnidium elegans v1.0	Thaele1	101142	34252226	13104	N	Y	Y	N		Chang Y et al.,2022	35996588	
2246	Parasitella parasitica v1.0	Parpar1	35722	32767132	12306	N	Y	Y	N		Wang Y et al.,2023	36930540	
2247	Absidia repens NRRL 1336 v1.0	Absrep1	90262	47422896	14919	N	Y	Y	N		Mondo SJ et al.,2017	28481340	
2248	Colletotrichum salicis CBS607.94	Colsa1	1209931	48373413	13783	N	Y	Y	N		Baroncelli R et al.,2016	27496087	
2249	Colletotrichum simmondsii CBS122122	Colsi1	703756	50474234	13884	N	Y	Y	N		Baroncelli R et al.,2016	27496087	
2250	Colletotrichum nymphaeae SA-01	Colny1	1460502	49956273	14404	N	Y	Y	N		Baroncelli R et al.,2016	27496087	
2251	Suillus spraguei EM44 v1.0	Suipic1	5383	87086403	19349	N	Y	Y	N		Lofgren LA et al.,2021	33355923	
2252	Leucosporidiella creatinivora UCDFST 62-1032 v1.0	Leucr1	5278	26329764	9854	N	Y	Y	N		Mondo SJ et al.,2017	28481340	
2253	Naematelia encephela UCDFST 68-887.2 v1.0	Treen1	71784	19786307	7964	N	Y	Y	N		Mondo SJ et al.,2017	28481340	
2254	Protomyces lactucaedebilis 12-1054 v1.0	Prola1	2754530	12928838	6726	N	Y	Y	N		Mondo SJ et al.,2017	28481340	
2255	Ampelomyces quisqualis HMLAC05119 v1.0	Ampqui1	50730	36811257	11144	N	Y	Y	N		Haridas S et al.,2020	32206138	
2256	Cryptococcus curvatus ATCC 20509 v1.0	Crycu1	57679	19908169	8661	N	Y	Y	N		Close D et al.,2016	27811111	
2257	Colletotrichum fioriniae PJ7	Colfi1	1445577	49002765	13759	N	Y	Y	N		Baroncelli R et al.,2014	24723700	
2258	Pholiota conissans CIRM-BRFM 674 v1.0	Phocon1	109636	43955553	16589	N	Y	Y	N		Ruiz-Dueñas FJ et al.,2021	33211093	
2259	Agrocybe pediades AH 40210 v1.0	Agrped1	84607	45056484	17281	N	Y	Y	N		Ruiz-Dueñas FJ et al.,2021	33211093	
2260	Rhizoclosmatium globosum JEL800 v1.0	Rhihy1	329046	57018351	16990	N	Y	Y	N		Mondo SJ et al.,2017	28481340	
2261	Dichomitus squalens CBS463.89 v1.0	Dicsqu463_1	114155	36868345	14946	N	Y	Y	N		Casado López S et al.,2019	31048399	
2262	Dichomitus squalens CBS464.89 v1.0	Dicsqu464_1	114155	39597219	15295	N	Y	Y	N		Casado López S et al.,2019	31048399	
2263	Dichomitus squalens OM18370.1 v1.0	Dicsqu18370_1	114155	39319619	14950	N	Y	Y	N		Casado López S et al.,2019	31048399	
2264	Coniophora olivacea MUCL 20566 v1.0	Conol1	85977	39071688	14928	N	Y	Y	N		Castanera R et al.,2017	29145801	
2265	Elsinoe ampelina CECT 20119 v1.0	Elsamp1	302913	28270677	10209	N	Y	Y	N		Haridas S et al.,2020	32206138	
2266	Rickenella mellea v1.0 (SZMC22713)	Ricmel1	50990	45069463	17139	N	Y	Y	N		Krizsán K et al.,2019	30902897	
2267	Mortierella elongata AG-77 v2.0	Morel2	310910	49863165	14969	N	Y	Y	N		Uehling J et al.,2017	28076891	
2268	Didymella zeae-maydis 3018	Didma1	259522	32598614	11614	N	Y	Y	N		Condon BJ et al.,2018	29792566	
2269	Crucibulum laeve CBS 166.37 v1.0	Crula1	68775	44728771	14218	N	Y	Y	N		Varga T et al.,2019	30886374	
2270	Paxillus adelphus Ve08.2h10 v2.0	Paxru2	463315	64458135	18999	N	Y	Y	N		Kohler A et al.,2015	25706625	
2271	Pterula gracilis CBS309.79 v1.0	Ptegra1	1884261	34769099	12873	N	Y	Y	N		Varga T et al.,2019	30886374	
2272	Penicillium thymicola DAOMC 180753 v1.0	Penth1	293382	33877935	12467	N	Y	Y	N		Nguyen HDT et al.,2016	27521635	
2273	Kalaharituber pfeilii F3 v1.0	Kalpfe1	139406	78991937	15190	N	Y	Y	N		Miyauchi S et al.,2020	33046698	
2274	Suillus americanus EM31 v1.0	Suiame1	48561	50809076	17163	N	Y	Y	N		Lofgren LA et al.,2021	33355923	
2275	Crepidotus variabilis CBS 506.95 v1.0	Crevar1	179855	38577924	14573	N	Y	Y	N		Ruiz-Dueñas FJ et al.,2021	33211093	
2276	Lepista nuda CBS 247.69 v1.0	Lepnud1	64659	43493018	14880	N	Y	Y	N		Ruiz-Dueñas FJ et al.,2021	33211093	
2277	Coprinopsis marcescibilis CBS121175 v1.0	Copmar1	230819	38912666	14632	N	Y	Y	N		Varga T et al.,2019	30886374	
2278	Pluteus cervinus NL-1719 v1.0	Plucer1	181527	52193021	19818	N	Y	Y	N		Varga T et al.,2019	30886374	
2279	Microdochium bolleyi J235TASD1 v1.0	Micbo1	196109	38835037	13177	N	Y	Y	N		David AS et al.,2016	27125481	
2280	Dentipellis sp. KUC8613 v1.0	Densp1	1883078	36706823	14320	N	Y	Y	N		Park H et al.,2019	31482283	
2281	Suillus brevipes Sb2 v2.0	Suibr2	1400700	52027859	21458	N	Y	Y	N		Branco S et al.,2015	25728665	
2282	Coprinellus micaceus FP101781 v2.0	Copmic2	71717	77386123	23559	N	Y	Y	N		Varga T et al.,2019	30886374	
2283	Rhodosporidium toruloides IFO0559_1	Rhoto_IFO0559_1	5286	21148033	8165	N	Y	Y	N		Zhang S et al.,2016	26479039	
2284	Linderina pennispora ATCC 12442 v1.0	Linpe1	61395	26202545	9351	N	Y	Y	N		Mondo SJ et al.,2017	28481340	
2285	Armillaria solidipes 28-4 v1.0	Armost1	1076256	58009494	20811	N	Y	Y	N		Sipos G et al.,2017	29085064	
2286	Basidiobolus meristosporus CBS 931.73 v1.0	Basme2finSC	423460	89489060	16111	N	Y	Y	N		Mondo SJ et al.,2017	28481340	
2287	Suillus decipiens EM49 v1.0	Suidec1	48569	62784544	16894	N	Y	Y	N		Lofgren LA et al.,2021	33355923	
2288	Laccaria amethystina LaAM-08-1 v2.0	Lacam2	89243	52581404	17553	N	Y	Y	N		Kohler A et al.,2015	25706625	
2289	Serendipita vermifera ssp. bescii NFPB0129 v1.0	Sebvebe1	109899	36850610	14208	N	Y	Y	N				10.1094/PBIOMES-04-17-0017-A
2290	Phaeomoniella chlamydospora UCRPC4	Phach1	158046	27513354	6907	N	Y	Y	N		Morales-Cruz A et al.,2015	26084502	
2291	Diplodia seriata DS831	Dipse1	420778	37120944	9343	N	Y	Y	N		Morales-Cruz A et al.,2015	26084502	
2292	Diaporthe ampelina UCDDA912	Diaam1	1214573	47325858	10704	N	Y	Y	N		Morales-Cruz A et al.,2015	26084502	
2293	Morchella importuna SCYDJ1-A1 v1.0	Morimp1	1174673	48802685	11971	N	Y	Y	N		Tan H et al.,2019	31314937	
2294	Heliocybe sulcata OMC1185 v1.0	Helsul1	5364	31948515	12570	N	Y	Y	N		Varga T et al.,2019	30886374	
2295	Meredithblackwellia eburnea MCA 4105 v1.0	Mereb1	1323573	30684950	11135	N	Y	Y	N		Mondo SJ et al.,2025	40491964	
2296	Pleurotus eryngii ATCC 90797 v1.0	Pleery1	5323	44606964	15960	N	Y	Y	N		Ruiz-Dueñas FJ et al.,2021	33211093	
2297	Microthyrium microscopicum CBS 115976 v1.0	Micmi1	703497	37120801	12494	N	Y	Y	N		Haridas S et al.,2020	32206138	
2298	Puccinia graminis f. sp. tritici v2.0	Pucgr2	56615	88644628	15979	N	Y	Y	N		Duplessis S et al.,2011~Cuomo CA et al.,2017	21536894 27913634	
2299	Lizonia empirigonia CBS 542.76 v1.0	Lizem1	1496277	51521545	12467	N	Y	Y	N		Haridas S et al.,2020	32206138	
2300	Fusarium oxysporum f. sp. lycopersici 4287 v2	Fusox2	426428	61357934	27347	N	Y	Y	N		Ma LJ et al.,2010	20237561	
2301	Magnaporthiopsis poae ATCC 64411	Magpo1	644358	39503331	12335	N	Y	Y	N		Okagaki LH et al.,2015	26416668	
2302	Fusarium verticillioides 7600 v2	Fusve2	334819	41776161	20553	N	Y	Y	N		Ma LJ et al.,2010~Cuomo CA et al.,2007	20237561 17823352	
2303	Suillus weaverae EM37 v1.0	Suigr1	48593	42341223	15802	N	Y	Y	N		Lofgren LA et al.,2021	33355923	
2304	Ceratobasidium sp. anastomosis group I; DN8442 v1.0	CerAGI	305860	58444101	18060	N	Y	Y	N		Miyauchi S et al.,2020	33046698	
2305	Trametopsis cervina CIRM-BRFM 1824 v1.0	Trace1	1111950	29819895	11836	N	Y	Y	N		Hage H et al.,2021	33538380	
2306	Colletotrichum caudatum CBS131602 v1.0	Colca1	5460	44202764	15294	N	Y	Y	N		Baroncelli R et al.,2024	38940768	
2307	Setomelanomma holmii CBS 110217 v1.0	Setho1	210430	39179649	14389	N	Y	Y	N		Haridas S et al.,2020	32206138	
2308	Myceliophthora heterothallica CBS 203.75 v1.0	Myche1	1149786	35358904	10061	N	Y	Y	N		Steindorff AS et al.,2024	39266695	
2309	Rhizodiscina lignyota CBS 133067 v1.0	Rhili1	1504668	33426352	12801	N	Y	Y	N		Haridas S et al.,2020	32206138	
2310	Corollospora maritima CBS 119819 v2.0	Corma2	45810	36970979	12991	N	Y	Y	N		Doval RL et al.,2025	40560406	
2311	Decorospora gaudefroyi v1.0	Decga1	184978	30559368	11835	N	Y	Y	N		Haridas S et al.,2020	32206138	
2312	Polyporus brumalis CIRM-BRFM 1820 v1.0	Polbr1	2498619	45718511	18244	N	Y	Y	N		Miyauchi S et al.,2018	30061923	
2313	Paxillus ammoniavirescens Pou09.2 v1.0	Paxam1	1132860	35762581	13473	N	Y	Y	N		Miyauchi S et al.,2020	33046698	
2314	Suillus hirtellus EM16 v1.0	Suihi1	279518	49942187	17067	N	Y	Y	N		Lofgren LA et al.,2021	33355923	
2315	Thelephora ganbajun P2 v1.0	Thega1	370292	36335475	12643	N	Y	Y	N		Miyauchi S et al.,2020	33046698	
2316	Xerocomus badius 84.06 v1.0	Xerba1	36058	38390415	14938	N	Y	Y	N		Miyauchi S et al.,2020	33046698	
2317	Hydnum rufescens UP504 v2.0	Hydru2	139363	67135451	18665	N	Y	Y	N		Miyauchi S et al.,2020	33046698	
2318	Ceraceosorus guamensis MCA 4658 v1.0	Cersp1	1522189	24148100	7822	N	Y	Y	N		Kijpornyongpan T et al.,2018	29771364	
2319	Acaromyces ingoldii MCA 4198 v1.0	Acain1	215250	19330111	8025	N	Y	Y	N		Kijpornyongpan T et al.,2018	29771364	
2320	Rhizopus microsporus var. microsporus ATCC52814 v1.0	Rhimi_ATCC52814_1	58291	24950816	11502	N	Y	Y	N		Lastovetsky OA et al.,2016	27956601	
2321	Acephala macrosclerotiorum EW76-UTF0540 v1.0	Acema1	886606	73683338	21024	N	Y	Y	N		Miyauchi S et al.,2020	33046698	
2322	Clonostachys rosea CBS125111 v1.0	Cloro1	29856	52435476	18639	N	Y	Y	N		Doval RL et al.,2025	40560406	
2323	Trametes cingulata CIRM-BRFM 1805 v1.0	Traci1	575983	35002292	14110	N	Y	Y	N		Hage H et al.,2021	33538380	
2324	Venturia pirina	Venpi1	415593	40933314	11890	N	Y	Y	N		Deng CH et al.,2017~Cooke IR et al.,2014	28464870 24965097	
2325	Phialocephala scopiformis 5WS22E1 v1.0	Phisc1	149040	48876257	18573	N	Y	Y	N		Walker AK et al.,2016	26950333	
2326	Bimuria novae-zelandiae CBS 107.79 v1.0	Bimnz1	147497	78183505	16681	N	Y	Y	N		Haridas S et al.,2020	32206138	
2327	Eremothecium gossypii ATCC 10895	Ashgo1_1	284811	9095748	4768	N	Y	Y	N		Dietrich FS et al.,2004	15001715	
2328	Melampsora lini CH5	Melli1	5261	189516653	16335	N	Y	Y	N		Nemri A et al.,2014	24715894	
2329	Colletotrichum sublineola CBS 131301 v1.0	Colsu1	1173701	46916122	15208	N	Y	Y	N		Baroncelli R et al.,2024	38940768	
2330	Colletotrichum somersetensis CBS 131599 v1.0	Colso1	1500509	53667270	15193	N	Y	Y	N		Baroncelli R et al.,2024	38940768	
2331	Pyrenochaeta sp. DS3sAY3a v1.0	Pyrsp1	765867	38501010	14995	N	Y	Y	N		Zeiner CA et al.,2016	27434633	
2332	Paraconiothyrium sporulosum AP3s5-JAC2a v1.0	Parsp1	1460663	38464024	14745	N	Y	Y	N		Zeiner CA et al.,2016	27434633	
2333	Colletotrichum zoysiae MAFF238573 v1.0	Colzo1	1216348	46533813	15326	N	Y	Y	N		Baroncelli R et al.,2024	38940768	
2334	Colletotrichum eremochloae CBS129661 v1.0	Coler1	1173702	47210890	15169	N	Y	Y	N		Baroncelli R et al.,2024	38940768	
2335	Eremomyces bilateralis CBS 781.70 v1.0	Erebi1	1392243	26864015	9881	N	Y	Y	N		Haridas S et al.,2020	32206138	
2336	Mytilinidion resinicola CBS 304.34 v1.0	Mytre1	574789	47275052	16794	N	Y	Y	N		Haridas S et al.,2020	32206138	
2337	Colletotrichum falcatum MAFF306170 v1.0	Colfa1	129314	49085377	15619	N	Y	Y	N		Baroncelli R et al.,2024	38940768	
2338	Blastobotrys (Arxula) adeninivorans	Arxad1	1401090	11804616	6119	N	Y	Y	N		Kunze G et al.,2014	24834124	
2339	Pseudomicrostroma glucosiphilum gen et sp. nov. MCA 4718 v1.0	Rhodsp1	1684307	17184282	6681	N	Y	Y	N		Kijpornyongpan T et al.,2018	29771364	
2340	Glonium stellatum CBS 207.34 v1.0	Glost2	574774	40521621	14362	N	Y	Y	N		Peter M et al.,2016	27601008	
2341	Kazachstania africana CBS 2517	Kazaf1	1071382	11130140	5378	N	Y	Y	N		Gordon JL et al.,2011	22123960	
2342	Torulaspora delbrueckii CBS 1146	Torde1	4950	9220678	4972	N	Y	Y	N		Gordon JL et al.,2011	22123960	
2343	Zygosaccharomyces rouxii CBS732	Zygro1	4956	9764635	4991	N	Y	Y	N		Souciet JL et al.,2009	19525356	
2344	Rhodosporidium toruloides NP11	Rhoto1	1130832	20223942	8140	N	Y	Y	N		Zhu Z et al.,2012	23047670	
2345	Meira miltonrushii MCA 3882 v1.0	Meimi1	1280837	17383515	7452	N	Y	Y	N		Kijpornyongpan T et al.,2018	29771364	
2346	Jaminaea sp. MCA 5214 v1.0	Jamsp1	1569628	16615586	6858	N	Y	Y	N		Kijpornyongpan T et al.,2018	29771364	
2347	Ascodesmis nigricans CBS 389.68 v1.0	Ascni1	341454	27385218	9622	N	Y	Y	N		Lütkenhaus R et al.,2019	31604798	
2348	Tilletiopsis washingtonensis MCA 4186 v1.0	Tilwa1	58919	18761941	7011	N	Y	Y	N		Kijpornyongpan T et al.,2018	29771364	
2349	Panus rudis PR-1116 ss-1 v1.0	Panru1	48022	36358364	13568	N	Y	Y	N		Hage H et al.,2021	33538380	
2350	Violaceomyces palustris SA 807 v1.0	Ustsp1	1673888	27323055	8060	N	Y	Y	N		Kijpornyongpan T et al.,2018~Albu S et al.,2015	29771364 26297779	
2351	Marasmius fiardii PR-910 v1.0	Marfi1	1328755	59447912	17098	N	Y	Y	N		Miyauchi S et al.,2020	33046698	
2352	Testicularia cyperi MCA 3645 v1.0	Tescy1	1882483	20778962	7069	N	Y	Y	N		Kijpornyongpan T et al.,2018	29771364	
2353	Terfezia boudieri ATCC MYA-4762 v1.1	Terbo2	82571	63234573	12114	N	Y	Y	N		Murat C et al.,2018	30420746	
2354	Periconia macrospinosa DSE2036 v1.0	Perma1	97972	54992973	18750	N	Y	Y	N		Knapp DG et al.,2018	29679020	
2355	Botryosphaeria dothidea	Botdo1_1	55169	43500615	14998	N	Y	Y	N		Marsberg A et al.,2017	27682468	
2356	Rhytidhysteron rufulum	Rhyru1_1	37885	40184762	12117	N	Y	Y	N		Ohm RA et al.,2012	23236275	
2357	Hysterium pulicare	Hyspu1_1	100027	38427427	12352	N	Y	Y	N		Ohm RA et al.,2012	23236275	
2358	Orpinomyces sp.	Orpsp1_1	1987568	100954185	18936	N	Y	Y	N		Youssef NH et al.,2013	23709508	
2359	Leucoagaricus gongylophorus Ac12	Leugo1_1	1258663	101584475	5420	N	Y	Y	N		Aylward FO et al.,2013	23584789	
2360	Lindgomyces ingoldianus ATCC 200398 v1.0	Linin1	673940	69030646	15956	N	Y	Y	N		Haridas S et al.,2020	32206138	
2361	Stanjemonium grisellum CBS 655.79 v1.0	Stagr1	73508	32998052	11832	N	Y	Y	N		Doval RL et al.,2025	40560406	
2362	Venturia inaequalis	Venin1	5025	55126144	13233	N	Y	Y	N		Deng CH et al.,2017	28464870	
2363	Valetoniellopsis laxa CBS 191.97 v1.0	Valla1	152775	22125270	8026	N	Y	Y	N		Doval RL et al.,2025	40560406	
2364	Leiotrametes sp. CIRM-BRFM 1775 v1.0	Leisp1	1513325	34515440	13763	N	Y	Y	N		Hage H et al.,2021	33538380	
2365	Microascus trigonosporus CBS 218.31 v1.0	Mictr1	36921	36100005	13087	N	Y	Y	N		Doval RL et al.,2025	40560406	
2366	Trichodelitschia bisporula CBS 262.69 v1.0	Tribi1	703511	25789561	10181	N	Y	Y	N		Haridas S et al.,2020	32206138	
2367	Armillaria gallica 21-2 v1.0	Armga1	47427	85336812	25704	N	Y	Y	N		Sipos G et al.,2017	29085064	
2368	Acremonium strictum DS1bioAY4a v1.0	Acrst1	5046	35793893	13158	N	Y	Y	N		Steindorff AS et al.,2024	39266695	
2369	Stagonospora sp. SRC1lsM3a v1.0	Stasp1	765868	36082944	14430	N	Y	Y	N		Zeiner CA et al.,2016	27434633	
2370	Massarina eburnea CBS 473.64 v1.0	Maseb1	1395130	38236937	12935	N	Y	Y	N		Haridas S et al.,2020	32206138	
2371	Alternaria alternata SRC1lrK2f v1.0	Altal1	5599	32990834	13469	N	Y	Y	N		Zeiner CA et al.,2016	27434633	
2372	Aspergillus niger van Tieghem ATCC 13496 v1.0	Aspni_bvT_1	1353008	35690699	12197	N	Y	Y	N		Vesth TC et al.,2018	30349117	
2373	Aspergillus steynii IBT 23096 v1.0	Aspste1	1392250	37847960	13211	N	Y	Y	N		Kjærbølling I et al.,2018	29317534	
2374	Aspergillus niger (phoenicis Corda) Thom ATCC 13157 v1.0	Aspph1	1353007	35753538	11977	N	Y	Y	N		Vesth TC et al.,2018	30349117	
2375	Aspergillus ochraceoroseus IBT 24754 v1.0	Aspoch1	1392256	27718211	8924	N	Y	Y	N		Kjærbølling I et al.,2018	29317534	
2376	Aspergillus campestris IBT 28561 v1.0	Aspcam1	1392248	28257496	9764	N	Y	Y	N		Kjærbølling I et al.,2018	29317534	
2377	Aspergillus novofumigatus IBT 16806 v1.0	Aspnov1	1392255	32440129	11549	N	Y	Y	N		Kjærbølling I et al.,2018	29317534	
2378	Ramicandelaber brevisporus CBS 109374 v1.0	Rambr1	304332	25531049	9281	N	Y	Y	N		Amses KR et al.,2022	36037379	
2379	Conidiobolus thromboides FSU 785 v1.0	Conth1	1314799	24635576	8867	N	Y	Y	N		Amses KR et al.,2022	36037379	
2380	Martensiomyces pterosporus CBS 209.56 v1.0	Marpt1	61414	19815802	8435	N	Y	Y	N		Amses KR et al.,2022	36037379	
2381	Marssonina brunnea f. sp. multigermtubi MB_m1	Marbr1	1072389	51949877	10027	N	Y	Y	N		Zhu S et al.,2012	22876864	
2382	Rhizoscyphus ericae UAMH 7357 v1.0	Rhier1	2082293	57408471	16784	N	Y	Y	N		Martino E et al.,2018	29315638	
2383	Teratosphaeria nubilosa CBS 116005 v1.0	Ternu1	161662	28443146	10998	N	Y	Y	N		Haridas S et al.,2020	32206138	
2384	Zymoseptoria pseudotritici STIR04_2.2.1	Zymps1	985140	32658572	11044	N	Y	Y	N		Stukenbrock EH et al.,2012~Stukenbrock EH et al.,2011	22711811 21994252	
2385	Zymoseptoria ardabiliae STIR04_1.1.1	Zymar1	985147	31546591	10788	N	Y	Y	N		Stukenbrock EH et al.,2012~Stukenbrock EH et al.,2011	22711811 21994252	
2386	Phyllosticta citriasiana CBS 120486 v1.0	Phycit1	595635	32696106	11368	N	Y	Y	N		Guarnaccia V et al.,2019	31512371	
2387	Pseudovirgaria hyperparasitica CBS 121739 v1.0	Psehy1	470096	35440147	11232	N	Y	Y	N		Haridas S et al.,2020	32206138	
2388	Clathrospora elynae CBS 161.51 v1.0	Clael1	706981	37388950	13617	N	Y	Y	N		Haridas S et al.,2020	32206138	
2389	Tothia fuscella CBS 130266 v1.0	Totfu1	1048955	36781754	13685	N	Y	Y	N		Haridas S et al.,2020	32206138	
2390	Auriscalpium vulgare FP105234-Sp v1.0	Aurvu1	40419	39647923	16945	N	Y	Y	N		Looney B et al.,2022	34861049	
2391	Polyplosphaeria fusca CBS 125425 v1.0	Polfu1	682080	37009770	15194	N	Y	Y	N		Haridas S et al.,2020	32206138	
2392	Verruculina enalia CBS 304.66 v1.0	Veren1	147567	61207694	13748	N	Y	Y	N		Haridas S et al.,2020	32206138	
2393	Armillaria mellea DSM 3731	Armme1_1	1314977	79545241	14473	N	Y	Y	N		Collins C et al.,2013	23656496	
2394	Neurospora crassa FGSC 73 trp-3 v1.0	Neucr_trp3_1	5141	40416174	11978	N	Y	Y	N		Baker SE et al.,2015	25838471	
2395	Gymnopus androsaceus JB14 v1.0	Gyman1	1447940	89149538	29375	N	Y	Y	N		Barbi F et al.,2020	31760680	
2396	Sistotrema sp. PMI_390 v1.0	ClaPMI390	1486700	41635769	15452	N	Y	Y	N		Miyauchi S et al.,2020	33046698	
2397	Artolenzites elegans CIRM-BRFM 1663 v1.0	Artel1	526244	33075802	12851	N	Y	Y	N		Drula E et al.,2026	41655716	
2398	Trametes ljubarskyi CIRM-BRFM 1659 v1.0	Tralj1	2735509	34004100	13180	N	Y	Y	N		Hage H et al.,2021	33538380	
2399	Cladonia grayi Cgr/DA2myc/ss v2.0	Clagr3	27339	34622149	11389	N	Y	Y	N		Armaleo D et al.,2019	31337355	
2400	Coniochaeta ligniaria NRRL 30616 v1.0	Conlig1	177197	42382780	13657	N	Y	Y	N		Jiménez DJ et al.,2017	28126934	
2401	Guyanagaster necrorhizus MCA 3950 v1.0	Guyne1	856835	53686691	14276	N	Y	Y	N		Koch RA et al.,2021	34245690	
2402	Rhodotorula sp. JG-1b	Rhosp1	1305733	19393393	6680	N	Y	Y	N		Goordial J et al.,2016	26988035	
2403	Westerdykella ornata CBS 379.55 v1.0	Wesor1	318751	26979746	10410	N	Y	Y	N		Haridas S et al.,2020	32206138	
2404	Byssothecium circinans CBS 675.92 v1.0	Bysci1	147558	49288729	15785	N	Y	Y	N		Haridas S et al.,2020	32206138	
2405	Scheffersomyces stipitis NRRL Y-11545 v2.0	Picst3	322104	15441079	5807	N	Y	Y	N		Jeffries TW et al.,2007	17334359	
2406	Mycosphaerella graminicola v2.0	Mycgr3	1047171	39686251	10933	N	Y	Y	N		Goodwin SB et al.,2011	21695235	
2407	Rhizopogon vinicolor AM-OR11-026 v1.0	Rhivi1	1314800	36102320	14469	N	Y	Y	N		Mujic AB et al.,2017	28450370	
2408	Artomyces pyxidatus HHB10654 v1.0	Clapy1	48021	37987417	15130	N	Y	Y	N		Looney B et al.,2022	34861049	
2409	Obba rivulosa 3A-2 v1.0	Obbri1	1052685	34037596	13206	N	Y	Y	N		Miettinen O et al.,2016	27634999	
2410	Delitschia confertaspora ATCC 74209 v1.0	Delco1	1504671	31159062	10171	N	Y	Y	N		Haridas S et al.,2020	32206138	
2411	Pycnoporus coccineus ?CIRM-BRFM 1662 v1.0	Pycco1662_1	158605	32097360	12798	N	Y	Y	N		Drula E et al.,2026	41655716	
2412	Corynespora cassiicola CCP v1.0	Corca1	59586	44846156	17166	N	Y	Y	N		Lopez D et al.,2018	29551995	
2413	Lophium mytilinum CBS 269.34 v1.0	Lopmy1	390894	43412209	15153	N	Y	Y	N		Haridas S et al.,2020	32206138	
2414	Ophiobolus disseminans CBS 113818 v1.0	Ophdi1	1469910	41683814	16027	N	Y	Y	N		Haridas S et al.,2020	32206138	
2415	Macroventuria anomochaeta CBS 525.71 v1.0	Macan1	301207	33336106	12954	N	Y	Y	N		Haridas S et al.,2020	32206138	
2416	Aaosphaeria arxii CBS 175.79 v1.0	Aaoar1	1450171	38901049	14203	N	Y	Y	N		Haridas S et al.,2020	32206138	
2417	Phoma tracheiphila IPT5 v1.0	Photr1	1408161	34242632	13209	N	Y	Y	N		Haridas S et al.,2020	32206138	
2418	Trichosporon oleaginosus IBC0246 v1.0	Triol1	879819	19835558	8322	N	Y	Y	N		Kourist R et al.,2015	26199329	
2419	Phanerochaete chrysosporium RP-78 v2.2	Phchr2	2822231	35149519	13602	N	Y	Y	N		Ohm RA et al.,2014	24853079	
2420	Amniculicola lignicola CBS 123094 v1.0	Amnli1	1392246	49576578	15590	N	Y	Y	N		Haridas S et al.,2020	32206138	
2421	Karstenula rhodostoma CBS 690.94 v1.0	Karrh1	1392251	45074449	15043	N	Y	Y	N		Haridas S et al.,2020	32206138	
2422	Cystobasidium minutum MCA 4210 v1.0	Rhomi1	1397322	20824934	7814	N	Y	Y	N		Camiolo S et al.,2019	30264407	
2423	Tilletiaria anomala UBC 951 v1.0	Tilan2	1037660	18704010	6810	N	Y	Y	N		Toome M et al.,2014	24926052	
2424	Gyrodon lividus BX v1.0	Gyrli1	85971	43048674	11779	N	Y	Y	N		Miyauchi S et al.,2020	33046698	
2425	Trichocladium antarcticum CBS 123565 v1.0	Thian1	1450529	40662258	9204	N	Y	Y	N		Hensen N et al.,2023	37820761	
2426	Ramaria rubella (R. acris) UT-36052-T v1.0	Ramac1	1314676	105462249	19287	N	Y	Y	N		Miyauchi S et al.,2020	33046698	
2427	Cadophora sp. DSE1049 v1.0	Cadsp1	1485229	70459101	22766	N	Y	Y	N		Knapp DG et al.,2018	29679020	
2428	Saccharata proteae CBS 121410 v1.0	Sacpr1	131308	31432921	9234	N	Y	Y	N		Haridas S et al.,2020	32206138	
2429	Aspergillus niger NRRL3	Aspni_NRRL3_1	1451139	35245396	11846	N	Y	Y	N		Vesth TC et al.,2018~Aguilar-Pontes MV et al.,2018	30349117 30425417	
2430	Pycnoporus sanguineus CIRM-BRFM 1264 v1.0	Pycsa1	158606	36037304	14165	N	Y	Y	N		Miyauchi S et al.,2020	32531032	
2431	Morchella importuna CCBAS932 v1.0	Morco1	1174673	48213273	11600	N	Y	Y	N		Murat C et al.,2018	30420746	
2432	Talaromyces marneffei ATCC 18224	Talma1_2	441960	28643865	10638	N	Y	Y	N		Nierman WC et al.,2015	25676766	
2433	Parathielavia appendiculata CBS 731.68 v1.0	Thiap1	1384585	32737472	11942	N	Y	Y	N		Hensen N et al.,2023	37820761	
2434	Parathielavia hyrcaniae CBS 757.83 v1.0	Thihy1	1384584	31183862	11338	N	Y	Y	N		Hensen N et al.,2023	37820761	
2435	Trematosphaeria pertusa CBS 122368 v1.0	Trepe1	390896	47745773	17306	N	Y	Y	N		Haridas S et al.,2020	32206138	
2436	Schizopora paradoxa KUC8140 v1.0	Schpa1	27342	44406206	17098	N	Y	Y	N		Min B et al.,2015	26188242	
2437	Leucogyrophana mollusca KUC20120723A-06 v1.0	Leumo1	85980	35193237	14619	N	Y	Y	N		Wu G et al.,2022	34767630	
2438	Canariomyces arenarius CBS 508.74 v1.0	Thiar1	1384583	30991681	10954	N	Y	Y	N		Hensen N et al.,2023	37820761	
2439	Auricularia subglabra v2.0	Aurde3_1	717982	76853599	25459	N	Y	Y	N		Floudas D et al.,2012	22745431	
2440	Aspergillus niger ATCC 1015 v4.0	Aspni7	380704	34853277	11910	N	Y	Y	N		Andersen MR et al.,2011	21543515	
2441	Rozella allomycis CSF55	Rozal1_1	988480	11859274	6350	N	Y	Y	N		James TY et al.,2013	23932404	
2442	Talaromyces stipitatus ATCC 10500	Talst1_2	441959	35685443	13252	N	Y	Y	N		Nierman WC et al.,2015	25676766	
2443	Enterocytozoon bieneusi H348	Entbi1	481877	3860738	3632	N	Y	Y	N		Akiyoshi DE et al.,2009	19132089	
2444	Malassezia sympodialis ATCC 42132	Malsy1_1	1230383	7669689	3517	N	Y	Y	N		Gioti A et al.,2013	23341551	
2445	Pseudozyma antarctica T-34	Psean1_1	1151754	18065590	6640	N	Y	Y	N		Morita T et al.,2013	23558529	
2446	Nosema ceranae BRL01	Nosce1	578460	7860219	2060	N	Y	Y	N		Cornman RS et al.,2009~Chen YP et al.,2009	19503607 19457054	
2447	Penicillium chrysogenum Wisconsin 54-1255	PenchWisc1_1	500485	32223735	13671	N	Y	Y	N		van den Berg MA et al.,2008	18820685	
2448	Aspergillus kawachii IFO 4308	Aspka1_1	1033177	36544702	11475	N	Y	Y	N		Futagami T et al.,2011	22045919	
2449	Penicillium oxalicum 114-2	Penox1	933388	30177368	9979	N	Y	Y	N		Liu G et al.,2013	23383313	
2450	Ascocoryne sarcoides NRRL50072	Ascsa1	1016881	34170264	10672	N	Y	Y	N		Gianoulis TA et al.,2012	22396667	
2451	Choiromyces venosus 120613-1 v1.0	Chove1	1336337	126035033	17986	N	Y	Y	N		Murat C et al.,2018	30420746	
2452	Dendrothele bispora CBS 962.96 v1.0	Denbi1	1314803	130650616	33645	N	Y	Y	N		Varga T et al.,2019	30886374	
2453	Dothidotthia symphoricarpi v1.0	Dotsy1	1392245	34433519	11790	N	Y	Y	N		Haridas S et al.,2020	32206138	
2454	Fibulorhizoctonia psychrophila CBS 109695 v1.0	Fibsp1	1759441	95125689	32946	N	Y	Y	N		Nagy LG et al.,2016	26659563	
2455	Moniliophthora perniciosa FA553	Monpe1_1	554373	18411357	13560	N	Y	Y	N		Mondego JM et al.,2008	19019209	
2456	Aspergillus fumigatus A1163	Aspfu_A1163_1	451804	29205420	9916	N	Y	Y	N		Fedorova ND et al.,2008~Nierman WC et al.,2005~Ronning CM et al.,2005~Joardar V et al.,2012	18404212 16372009 16499415 23234273	
2457	Arthroderma benhamiae CBS 112371	Artbe1	663331	22224160	7980	N	Y	Y	N		Burmester A et al.,2011	21247460	
2458	Trichophyton verrucosum HKI 0517	Triver1	663202	22540967	8024	N	Y	Y	N		Burmester A et al.,2011	21247460	
2459	Encephalitozoon hellem ATCC 50504	Enche1	907965	2251784	1847	N	Y	Y	N		Pombert JF et al.,2012	22802648	
2460	Macrophomina phaseolina MS6	Macph1	1126212	48882845	13806	N	Y	Y	N		Islam MS et al.,2012	22992219	
2461	Schizosaccharomyces cryophilus OY26	Schcy1	653667	11556809	5180	N	Y	Y	N		Rhind N et al.,2011	21511999	
2462	Schizosaccharomyces octosporus yFS286	Schoc1	483514	11634473	4986	N	Y	Y	N		Rhind N et al.,2011	21511999	
2463	Monacrosporium haptotylum CBS 200.50	Monha1	1284197	39531920	10959	N	Y	Y	N		Meerupati T et al.,2013~Andersson KM et al.,2013	24244185 23770896	10.1371/journal.pgen.1003909
2464	Cordyceps militaris CM01	Cormi1	983644	32268578	9651	N	Y	Y	N		Zheng P et al.,2011	22112802	
2465	Encephalitozoon romaleae SJ-2008	Encro1	1178016	2187595	1831	N	Y	Y	N		Pombert JF et al.,2012	22802648	
2466	Rhizopus microsporus var. chinensis CCTCC M201021	Rhich1	1271458	45739792	17676	N	Y	Y	N		Wang D et al.,2013	23516228	
2467	Arthrobotrys oligospora ATCC 24927	Artol1	756982	40072829	11479	N	Y	Y	N		Yang J et al.,2011	21909256	
2468	Verticillium alfalfae VaMs.102	Veral1	27335	32833495	10221	N	Y	Y	N		Klosterman SJ et al.,2011	21829347	
2469	Fibroporia radiculosa TFFH 294	Fibra1	1078123	28378039	9262	N	Y	Y	N		Tang JD et al.,2012	22247176	
2470	Schizosaccharomyces japonicus yFS275	Schja1	402676	11733154	4878	N	Y	Y	N		Rhind N et al.,2011	21511999	
2471	Sporisorium reilianum SRZ2	Spore1	999809	18386378	6648	N	Y	Y	N		Schirawski J et al.,2010	21148393	
2472	Encephalitozoon intestinalis ATCC 50506	Encin1	876142	2216898	1833	N	Y	Y	N		Corradi N et al.,2010	20865802	
2473	Trichoderma citrinoviride TUCIM 6016 v4.0	Trici4	58853	33215161	9737	N	Y	Y	N		Druzhinina IS et al.,2018	29630596	
2474	Trichoderma longibrachiatum ATCC 18648 v3.0	Trilo3	5548	32238325	10938	N	Y	Y	N		Druzhinina IS et al.,2018	29630596	
2475	Sporormia fimetaria v1.0	Spofi1	1340428	25892244	10783	N	Y	Y	N		Haridas S et al.,2020	32206138	
2476	Pseudozyma hubeiensis SY62	Psehu1	1305764	18442938	7472	N	Y	Y	N		Konishi M et al.,2013	23814110	
2477	Rhizoctonia solani AG-1 IB	Rhiso1	1108050	47658641	15157	N	Y	Y	N		Wibberg D et al.,2013	23280342	
2478	Lentinus tigrinus ALCF2SS1-6 v1.0	Lenti6_1	1328759	39878053	15581	N	Y	Y	N		Wu B et al.,2018	30398645	
2479	Calocera viscosa v1.0	Calvi1	1330018	29097227	12378	N	Y	Y	N		Nagy LG et al.,2016	26659563	
2480	Sistotremastrum niveocremeum HHB9708 ss-1 1.0	Sisni1	1314777	35361098	13080	N	Y	Y	N		Nagy LG et al.,2016	26659563	
2481	Lentinus tigrinus ALCF2SS1-7 v1.0	Lenti7_1	1328758	39530113	15380	N	Y	Y	N		Wu B et al.,2018	30398645	
2482	Beauveria bassiana ARSEF 2860	Beaba1	655819	33693936	10364	N	Y	Y	N		Xiao G et al.,2012	22761991	
2483	Glarea lozoyensis ATCC 20868	Glalo1	1116229	39509734	13083	N	Y	Y	N		Chen L et al.,2013	23688303	
2484	Uncinocarpus reesii UAMH 1704	Uncre1	336963	22327935	7798	N	Y	Y	N		Sharpton TJ et al.,2009	19717792	
2485	Schizophyllum commune H4-8 v3.0	Schco3	5334	38670379	16319	N	Y	Y	N		Marian IM et al.,2022~Ohm RA et al.,2010	35604096 20622885	
2486	Pyronema confluens CBS100304	Pyrco1	1076935	50026054	13367	N	Y	Y	N		Traeger S et al.,2013	24068976	
2487	Paracoccidioides brasiliensis Pb03	Parbr1	482561	29059745	7876	N	Y	Y	N		Desjardins CA et al.,2011	22046142	
2488	Encephalitozoon cuniculi GB-M1	Enccu1	284813	2497519	1996	N	Y	Y	N		Peyretaillade E et al.,2009~Katinka MD et al.,2001	20003517 11719806	
2489	Puccinia striiformis f. sp. tritici PST-130 	Pucst1	875184	64782816	18021	N	Y	Y	N		Cantu D et al.,2011	21909385	
2490	Wallemia ichthyophaga EXF-994	Walic1	1299270	9655632	4863	N	Y	Y	N		Zajc J et al.,2013	24034603	
2491	Phaeoacremonium aleophilum UCRPA7	Phaal1	1286976	47465449	8834	N	Y	Y	N		Blanco-Ulate B et al.,2013	23814032	
2492	Eutypa lata UCREL1	Eutla1	1287681	54005819	11685	N	Y	Y	N		Blanco-Ulate B et al.,2013	23723393	
2493	Metarhizium acridum CQMa 102	Metac1	655827	39422329	9849	N	Y	Y	N		Gao Q et al.,2011	21253567	
2494	Penicillium digitatum PHI26	Pendi1	1170229	25956151	9118	N	Y	Y	N		Marcet-Houben M et al.,2012	23171342	
2495	Fusarium fujikuroi IMI 58289	Fusfu1	1279085	43832314	14813	N	Y	Y	N		Wiemann P et al.,2013	23825955	
2496	Grosmannia clavigera kw1407	Grocl1	655863	29794006	8312	N	Y	Y	N		DiGuistini S et al.,2011	21262841	
2497	Coccidioides immitis RS 	Cocim1	246410	28947925	9910	N	Y	Y	N		Sharpton TJ et al.,2009	19717792	
2498	Xylona heveae TC161 v1.0	Xylhe1	1328760	24337763	8205	N	Y	Y	N		Gazis R et al.,2016	26693682	
2499	Sodiomyces alkalinus v1.0	Sodal1	1302862	43450096	9411	N	Y	Y	N		Grum-Grzhimaylo AA et al.,2018	30368956	
2500	Lophiostoma macrostomum v1.0	Lopma1	1314788	42577411	16160	N	Y	Y	N		Haridas S et al.,2020	32206138	
2501	Dissoconium aciculare v1.0	Disac1	1314786	26537235	10299	N	Y	Y	N		Haridas S et al.,2020	32206138	
2502	Neofusicoccum parvum UCRNP2	Neopa1	1287680	42592847	10366	N	Y	Y	N		Blanco-Ulate B et al.,2013	23766404	
2503	Piedraia hortae CBS 480.64 v1.1	Pieho1_1	147573	16946159	7572	N	Y	Y	N		Haridas S et al.,2020	32206138	
2504	Antonospora locustae HM-2013	Antlo1	1284279	6074860	2606	N	Y	Y	N		Slamovits CH et al.,2004~Corradi N et al.,2007	15186746 18060071	
2505	Nematocida parisii ERTm1	Nempa1	881290	4071346	2661	N	Y	Y	N		Cuomo CA et al.,2012	22813931	
2506	Wilcoxina mikolae CBS 423.85 v1.0	Wilmi1	43439	117288895	13093	N	Y	Y	N		Miyauchi S et al.,2020	33046698	
2507	Backusella circina FSU 941 v1.0	Bacci1	64653	48648288	17039	N	Y	Y	N		Amses KR et al.,2022	36037379	
2508	Schizophyllum commune Loenen D v1.0	Schco_LoeD_1	1314666	35882427	13827	N	Y	Y	N		Marian IM et al.,2022	35604096	
2509	Schizophyllum commune Tattone D v1.0	Schco_TatD_1	1314663	36458910	15199	N	Y	Y	N		Marian IM et al.,2022	35604096	
2510	Microsporum canis CBS 113480	Micca1	554155	23241642	8915	N	Y	Y	N		Martinez DA et al.,2012	22951933	
2511	Histoplasma capsulatum NAm1	Hisca1	2059318	32988475	9251	N	Y	Y	N		Sharpton TJ et al.,2009	19717792	
2512	Trichophyton rubrum CBS 118892	Triru1	559305	22502330	8707	N	Y	Y	N		Martinez DA et al.,2012	22951933	
2513	Zopfia rhizophila v1.0	Zoprh1	160035	152781427	21730	N	Y	Y	N		Haridas S et al.,2020	32206138	
2514	Rhizopus microsporus var. microsporus ATCC52813 v1.0	Rhimi1_1	1340429	25972395	10905	N	Y	Y	N		Mondo SJ et al.,2017	29184190	
2515	Exidia glandulosa v1.0	Exigl1	5219	78171509	26765	N	Y	Y	N		Nagy LG et al.,2016	26659563	
2516	Pleomassaria siparia v1.0	Plesi1	100044	43176591	13486	N	Y	Y	N		Haridas S et al.,2020	32206138	
2517	Macrolepiota fuliginosa MF-IS2 v1.0	Macfu1	1400762	46396944	15801	N	Y	Y	N		Ruiz-Dueñas FJ et al.,2021	33211093	
2518	Phlegmacium glaucopus AT 2004 276 v2.0	Corgl3	1149754	63450306	20377	N	Y	Y	N		Miyauchi S et al.,2020	33046698	
2519	Chalara longipes BDJ v1.0	Chalo1	1379296	52432785	19765	N	Y	Y	N		Barbi F et al.,2020	31760680	
2520	Viridothelium virens v1.0	Tryvi1	1048519	32160005	11858	N	Y	Y	N		Haridas S et al.,2020	32206138	
2521	Calocera cornea v1.0	Calco1	1353952	33244933	13177	N	Y	Y	N		Nagy LG et al.,2016	26659563	
2522	Coprinopsis cinerea AmutBmut pab1-1 v1.0	Copci_AmutBmut1	1132390	34118803		N	Y	Y	N		Muraguchi H et al.,2015	26510163	
2523	Volvariella volvacea V23	Volvo1	706473	35720033	11084	N	Y	Y	N		Bao D et al.,2013	23526973	
2524	Rhizophagus irregularis DAOM 181602 v1.0	Gloin1	747089	91083792	30282	N	Y	Y	N		Tisserant E et al.,2013	24277808	
2525	Patellaria atrata v1.0	Patat1	1346257	28693344	9794	N	Y	Y	N		Haridas S et al.,2020	32206138	
2526	Lichtheimia hyalospora v1.0	Lichy1	420593	33282407	12062	N	Y	Y	N		Wang Y et al.,2023	36930540	
2527	Pneumocystis jirovecii	Pneji1	42068	8152515	3520	N	Y	Y	N		Cissé OH et al.,2012	23269827	
2528	Taphrina deformans	Tapde1_1	1097556	13364053	4609	N	Y	Y	N		Cissé OH et al.,2013	23631913	
2529	Aureobasidium pullulans var. melanogenum CBS 110374	Aurpu_var_mel1	1043003	26203324	10594	N	Y	Y	N		Gostin?ar C et al.,2014	24984952	
2530	Aureobasidium pullulans var. namibiae CBS 147.97	Aurpu_var_nam1	1043004	25428601	10266	N	Y	Y	N		Gostin?ar C et al.,2014	24984952	
2531	Cylindrobasidium torrendii FP15055 v1.0	Cylto1	394432	31574086	13940	N	Y	Y	N		Floudas D et al.,2015	25683379	
2532	Peniophora sp. v1.0	Ricme1	40463	46030792	18952	N	Y	Y	N		Nagy LG et al.,2016	26659563	
2533	Melanomma pulvis-pyrius v1.0	Melpu1	100047	42094923	15881	N	Y	Y	N		Haridas S et al.,2020	32206138	
2534	Omphalotus olearius	Ompol1	1128401	28145093	8171	N	Y	Y	N		Wawrzyn GT et al.,2012	22726691	
2535	Aspergillus niger CBS 513.88	Aspni_DSM_1	425011	33975768	14097	N	Y	Y	N		Pel HJ et al.,2007	17259976	
2536	Aulographum hederae v2.0	Aulhe2	1176130	31983478	12127	N	Y	Y	N		Haridas S et al.,2020	32206138	
2537	Neurospora crassa OR74A v2.0	Neucr2	367110	41037538	10785	N	Y	Y	N		Galagan JE et al.,2003	12712197	
2538	Tricholoma matsutake 945 v3.0	Trima3	40145	175759688	22885	N	Y	Y	N		Miyauchi S et al.,2020	33046698	
2539	Meliniomyces bicolor E v2.0	Melbi2	2482752	82384847	18619	N	Y	Y	N		Martino E et al.,2018	29315638	
2540	Lepidopterella palustris v1.0	Leppa1	741139	45668136	13870	N	Y	Y	N		Peter M et al.,2016	27601008	
2541	Polychaeton citri v1.0	Polci1	705562	27207581	10582	N	Y	Y	N		Haridas S et al.,2020	32206138	
2542	Cenococcum geophilum 1.58 v2.0	Cenge3	794803	177557160	14748	N	Y	Y	N		Peter M et al.,2016	27601008	
2543	Sistotremastrum suecicum v1.0	Sissu1	467971	33857913	13657	N	Y	Y	N		Nagy LG et al.,2016	26659563	
2544	Aureobasidium pullulans var. pullulans EXF-150	Aurpu_var_pul1	5580	29621078	11866	N	Y	Y	N		Gostin?ar C et al.,2014	24984952	
2545	Pichia pastoris	Picpa1	644223	9216378	5040	N	Y	Y	N		De Schutter K et al.,2009	19465926	
2546	Debaryomyces hansenii CBS 767	Debha1	284592	12152486	6272	N	Y	Y	N		Sacerdot C et al.,2008~Dujon B et al.,2004	18673395 15229592	
2547	Kluyveromyces lactis	Klula1	284590	10689156	5076	N	Y	Y	N		Dujon B et al.,2004	15229592	
2548	Pycnoporus coccineus CIRM-BRFM 310 v1.0	Pycco1	158605	32757930	12690	N	Y	Y	N		Miyauchi S et al.,2020	32531032	
2549	Neolentinus lepideus v1.0	Neole1	1314782	35640188	13164	N	Y	Y	N		Nagy LG et al.,2016	26659563	
2550	Laetiporus sulphureus var. sulphureus v1.0	Laesu1	5630	39916888	13774	N	Y	Y	N		Nagy LG et al.,2016	26659563	
2551	Polyporus arcularius v1.0	Polar1	1314778	43452342	17525	N	Y	Y	N		Varga T et al.,2019	30886374	
2552	Meliniomyces variabilis F v1.0	Melva1	1149755	55857776	20389	N	Y	Y	N		Martino E et al.,2018	29315638	
2553	Fistulina hepatica v1.0	Fishe1	1128425	33847808	11244	N	Y	Y	N		Floudas D et al.,2015	25683379	
2554	Daedalea quercina v1.0	Daequ1	1314783	32736329	12199	N	Y	Y	N		Nagy LG et al.,2016	26659563	
2555	Lentithecium fluviatile v1.0	Lenfl1	690899	54688705	16742	N	Y	Y	N		Haridas S et al.,2020	32206138	
2556	Saccharomyces cerevisiae M3838 v1.0	SacceM3838_1	1162673	11571570	5991	N	Y	Y	N		Brown SD et al.,2013	23792743	
2557	Saccharomyces cerevisiae M3837 v1.0	SacceM3837_1	1162672	11530290	5969	N	Y	Y	N		Brown SD et al.,2013	23792743	
2558	Saccharomyces cerevisiae M3707 Dikaryon	SacceM3707_1	1149757	11509707	5974	N	Y	Y	N		Brown SD et al.,2013	23792743	
2559	Saccharomyces cerevisiae M3839 v1.0	SacceM3839_1	1162674	11550170	5989	N	Y	Y	N		Brown SD et al.,2013	23792743	
2560	Saccharomyces cerevisiae M3836 v1.0	SacceM3836_1	1162671	11532651	5984	N	Y	Y	N		Brown SD et al.,2013	23792743	
2561	Sclerotinia sclerotiorum v1.0	Sclsc1	665079	38330212	14503	N	Y	Y	N		Amselem J et al.,2011	21876677	
2562	Cucurbitaria berberidis CBS 394.84 v1.0	Cucbe1	45142	32905402	12439	N	Y	Y	N		Haridas S et al.,2020	32206138	
2563	Schizosaccharomyces pombe	Schpo1	4896	12611948	5134	N	Y	Y	N		Wood V et al.,2002~Wood V et al.,2012	11859360 22039153	
2564	Yarrowia lipolytica (strain CLIB122)	Yarli1	284591	20502981	6447	N	Y	Y	N		Dujon B et al.,2004	15229592	
2565	Aspergillus clavatus NRRL 1 from AspGD	Aspcl1	344612	27859441	9121	N	Y	Y	N		Arnaud MB et al.,2012	22080559	
2566	Aspergillus flavus NRRL3357	Aspfl1	332952	36790245	12604	N	Y	Y	N		Arnaud MB et al.,2012	22080559	
2567	Cyberlindnera jadinii NRRL Y-1542 v1.0	Cybja1	4903	13018415	6038	N	Y	Y	N		Riley R et al.,2016	27535936	
2568	Ascobolus immersus RN42 v1.0	Ascim1	5191	59529874	17877	N	Y	Y	N		Murat C et al.,2018	30420746	
2569	Umbelopsis ramanniana AG v1.0	Umbra1	41833	23077072	9931	N	Y	Y	N		Amses KR et al.,2022	36037379	
2570	Myriangium duriaei CBS 260.36 v1.0	Myrdu1	147570	25685045	10685	N	Y	Y	N		Haridas S et al.,2020	32206138	
2571	Aplosporella prunicola CBS 121.167 v1.0	Aplpr1	462254	32818685	12579	N	Y	Y	N		Haridas S et al.,2020	32206138	
2572	Ilyonectria europaea PMI82 v1.0	Ilysp1	1079114	63663791	22250	N	Y	Y	N		Liao HL et al.,2019	30699306	
2573	Neosartorya fischeri NRRL 181	Neofi1	331117	32551711	10406	N	Y	Y	N		Arnaud MB et al.,2012~Lonial S et al.,1997	22080559 9156256	
2574	Aspergillus terreus NIH 2624	Aspte1	341663	29331195	10406	N	Y	Y	N		Arnaud MB et al.,2012	22080559	
2575	Aspergillus oryzae RIB40	Aspor1	510516	37882812	12030	N	Y	Y	N		Arnaud MB et al.,2012~Machida M et al.,2005	22080559 16372010	
2576	Aspergillus fumigatus Af293 from AspGD	Aspfu1	330879	29388377	9781	N	Y	Y	N		Nierman WC et al.,2005	16372009	
2577	Aspergillus zonatus v1.0	Aspzo1	1073090	28924210	9886	N	Y	Y	N		de Vries RP et al.,2017	28196534	
2578	Aspergillus glaucus v1.0	Aspgl1	1160497	27993362	11277	N	Y	Y	N		de Vries RP et al.,2017	28196534	
2579	Hebeloma cylindrosporum h7 v2.0	Hebcy2	76867	38226047	15382	N	Y	Y	N		Kohler A et al.,2015~Doré J et al.,2015~Doré J et al.,2017	25706625 26171947 28076886	
2580	Didymella exigua CBS 183.55 v1.0	Didex1	1150837	34389227	12394	N	Y	Y	N		Haridas S et al.,2020	32206138	
2581	Aspergillus tubingensis v1.0	Asptu1	767770	35146149	12322	N	Y	Y	N		de Vries RP et al.,2017	28196534	
2582	Aspergillus wentii v1.0	Aspwe1	1073089	31350635	12442	N	Y	Y	N		de Vries RP et al.,2017	28196534	
2583	Amanita muscaria Koide v1.0	Amamu1	41956	40699759	18153	N	Y	Y	N		Kohler A et al.,2015	25706625	
2584	Zasmidium cellare ATCC 36951 v1.0	Zasce1	1080233	38247703	16015	N	Y	Y	N		Haridas S et al.,2020	32206138	
2585	Cladosporium fulvum v1.0	Clafu1	5499	61113266	14127	N	Y	Y	N		de Wit PJ et al.,2012~Ohm RA et al.,2012	23209441 23236275	
2586	Fomitopsis schrenkii FP-58527 SS1 v3.0	Fompi3	2126942	41614358	13885	N	Y	Y	N		Floudas D et al.,2012	22745431	
2587	Hypoxylon sp. CI-4A v1.0	HypCI4A_1	1001833	37704138	11712	N	Y	Y	N		Wu W et al.,2017	28078400	
2588	Daldinia eschscholtzii EC12 v1.0	DalEC12_1	1001832	37551009	11173	N	Y	Y	N		Wu W et al.,2017	28078400	
2589	Hypoxylon sp. CO27-5 v1.0	HypCO275_1	1001938	46585682	12256	N	Y	Y	N		Wu W et al.,2017	28078400	
2590	Amanita thiersii Skay4041 v1.0	Amath1	703135	33689220	10354	N	Y	Y	N		Hess J et al.,2014~Chaib De Mares M et al.,2015	24923322 25407899	
2591	Sebacina vermifera MAFF 305830 v1.0	Sebve1	109899	38094242	15312	N	Y	Y	N		Kohler A et al.,2015	25706625	
2592	Piriformospora indica DSM 11827 from MPI	Pirin1	1109443	24979981	11767	N	Y	Y	N		Zuccaro A et al.,2011	22022265	
2593	Scleroderma citrinum Foug A v1.0	Sclci1	68788	56144862	21012	N	Y	Y	N		Kohler A et al.,2015	25706625	
2594	Tulasnella calospora AL13/4D v1.0	Tulca1	156515	62392858	19659	N	Y	Y	N		Kohler A et al.,2015	25706625	
2595	Cronartium quercuum f. sp. fusiforme G11 v1.0	Croqu1	708437	76567842	13903	N	Y	Y	N		Pendleton AL et al.,2014	25018762	
2596	Aspergillus sydowii CBS 593.65 v1.0	Aspsy1	1036612	34381026	13620	N	Y	Y	N		de Vries RP et al.,2017	28196534	
2597	Aspergillus versicolor v1.0	Aspve1	1036611	33126810	13228	N	Y	Y	N		de Vries RP et al.,2017	28196534	
2598	Cochliobolus lunatus m118 v2.0	Coclu2	977863	31171894	12131	N	Y	Y	N		Condon BJ et al.,2013	23357949	
2599	Aspergillus brasiliensis v1.0	Aspbr1	767769	35808783	13000	N	Y	Y	N		de Vries RP et al.,2017	28196534	
2600	Aspergillus luchuensis CBS 106.47 v1.0	Aspfo1	1137211	37468345	13530	N	Y	Y	N		de Vries RP et al.,2017	28196534	
2601	Aureobasidium pullulans var. subglaciale EXF-2481	Aurpu_var_sub1	1043005	25796716	10809	N	Y	Y	N		Gostin?ar C et al.,2014	24984952	
2602	Cochliobolus victoriae FI3 v1.0	Cocvi1	930091	32829575	12894	N	Y	Y	N		Condon BJ et al.,2013	23357949	
2603	Cochliobolus carbonum 26-R-13 v1.0	Cocca1	930089	31267936	12857	N	Y	Y	N		Condon BJ et al.,2013	23357949	
2604	Cochliobolus miyabeanus ATCC 44560 v1.0	Cocmi1	930090	31362097	12007	N	Y	Y	N		Condon BJ et al.,2013	23357949	
2605	Dekkera bruxellensis CBS 2499 v2.0	Dekbr2	747657	13385232	5636	N	Y	Y	N		Pi?kur J et al.,2012	22663979	
2606	Hanseniaspora valbyensis NRRL Y-1626 v1.1	Hanva1_1	53685	11464179	4800	N	Y	Y	N		Riley R et al.,2016	27535936	
2607	Sphaerobolus stellatus v1.0	Sphst1	68786	176372157	35274	N	Y	Y	N		Kohler A et al.,2015	25706625	
2608	Hydnomerulius pinastri v2.0	Hydpi2	994086	38278792	13270	N	Y	Y	N		Kohler A et al.,2015	25706625	
2609	Piloderma olivaceum F 1598 v1.0	Pilcr1	80663	59326866	21583	N	Y	Y	N		Kohler A et al.,2015	25706625	
2610	Metschnikowia bicuspidata NRRL YB-4993 v1.0	Metbi1	27322	16055203	5851	N	Y	Y	N		Riley R et al.,2016	27535936	
2611	Hyphopichia burtonii NRRL Y-1933 v1.0	Hypbu1	717740	12403110	6002	N	Y	Y	N		Riley R et al.,2016	27535936	
2612	Mixia osmundae IAM 14324 v1.0	Mixos1	34349	13634488	6903	N	Y	Y	N		Toome M et al.,2014	24372469	
2613	Babjeviella inositovora NRRL Y-12698 v1.0	Babin1	45609	15221050	6403	N	Y	Y	N		Riley R et al.,2016	27535936	
2614	Conidiobolus coronatus NRRL28638 v1.0	Conco1	34488	39903661	10635	N	Y	Y	N		Chang Y et al.,2015	25977457	
2615	Candida tanzawaensis NRRL Y-17324  v1.0	Canta1	984487	13136204	5895	N	Y	Y	N		Riley R et al.,2016	27535936	
2616	Trichoderma harzianum CBS 226.95 v1.0	Triha1	5544	40980678	14095	N	Y	Y	N		Druzhinina IS et al.,2018	29630596	
2617	Trichoderma asperellum CBS 433.97 v1.0	Trias1	101201	37464610	12586	N	Y	Y	N		Druzhinina IS et al.,2018	29630596	
2618	Penicillium chrysogenum v1.0	Pench1	1353254	31340922	11396	N	Y	Y	N		de Vries RP et al.,2017	28196534	
2619	Cryptococcus neoformans var neoformans JEC21	Cryne_JEC21_1	214684	19051922	6475	N	Y	Y	N		Loftus BJ et al.,2005	15653466	
2620	Amorphotheca resinae v1.0	Amore1	5101	28632928	9642	N	Y	Y	N		Martino E et al.,2018	29315638	
2621	Galerina marginata v1.0	Galma1	685588	59418196	21461	N	Y	Y	N		Riley R et al.,2014	24958869	
2622	Gonapodya prolifera v1.0	Ganpr1	1123529	48794828	13902	N	Y	Y	N		Chang Y et al.,2015	25977457	
2623	Candida arabinofermentans NRRL YB-2248 v1.0	Canar1	130810	13234078	5861	N	Y	Y	N		Riley R et al.,2016	27535936	
2624	Postia placenta MAD-698-R-SB12 v1.0	PosplRSB12_1	670580	42453726	12541	N	Y	Y	N		Gaskell J et al.,2017	28831381	
2625	Ascoidea rubescens NRRL Y17699 v1.0	Ascru1	54195	17503998	6802	N	Y	Y	N		Riley R et al.,2016	27535936	
2626	Piromyces sp. E2 v1.0	PirE2_1	73868	71019055	14648	N	Y	Y	N		Haitjema CH et al.,2017	28555641	
2627	Pichia membranifaciens v2.0	Picme2	4926	11584685	5546	N	Y	Y	N		Riley R et al.,2016	27535936	
2628	Cercospora zeae-maydis v1.0	Cerzm1	717836	46606380	12020	N	Y	Y	N		Haridas S et al.,2020	32206138	
2629	Plicaturopsis crispa v1.0	Plicr1	944288	34498416	13626	N	Y	Y	N		Kohler A et al.,2015	25706625	
2630	Serpula himantioides (S.lacrymans var shastensis) MUCL38935 v1.0	Serla_varsha1	690234	45978785	13805	N	Y	Y	N		Balasundaram SV et al.,2018	29305577	
2631	Saitoella complicata NRRL Y-17804 v1.0	Saico1	5606	14136186	7034	N	Y	Y	N		Riley R et al.,2016	27535936	
2632	Nadsonia fulvescens var. elongata DSM 6958 v1.0	Nadfu1	45786	13746944	5657	N	Y	Y	N		Riley R et al.,2016	27535936	
2633	Coemansia reversa NRRL 1564 v1.0	Coere1	61392	21838014	7347	N	Y	Y	N		Chang Y et al.,2015	25977457	
2634	Serpula lacrymans S7.9 v2.0	SerlaS7_9_2	578457	42734799	12789	N	Y	Y	N		Eastwood DC et al.,2011	21764756	
2635	Hypholoma sublateritium v1.0	Hypsu1	945553	48031814	17911	N	Y	Y	N		Kohler A et al.,2015	25706625	
2636	Jaapia argillacea v1.0	Jaaar1	202697	45045919	16419	N	Y	Y	N		Riley R et al.,2014	24958869	
2637	Gymnopus luxurians v1.0	Gymlu1	944289	66281680	22057	N	Y	Y	N		Kohler A et al.,2015	25706625	
2638	Botryobasidium botryosum v1.0	Botbo1	264124	46674321	16526	N	Y	Y	N		Riley R et al.,2014	24958869	
2639	Paxillus involutus ATCC 200175 v1.0	Paxin1	71150	58301126	17968	N	Y	Y	N		Kohler A et al.,2015	25706625	
2640	Oidiodendron maius Zn v1.0	Oidma1	913774	46426256	16703	N	Y	Y	N		Kohler A et al.,2015~Martino E et al.,2018	25706625 29315638	
2641	Cochliobolus sativus ND90Pr v1.0	Cocsa1	665912	34417436	12250	N	Y	Y	N		Ohm RA et al.,2012~Condon BJ et al.,2013	23236275 23357949	
2642	Tortispora caseinolytica Y-17796 v1.0	Canca1	767744	9180161	4657	N	Y	Y	N		Riley R et al.,2016	27535936	
2643	Lipomyces starkeyi NRRL Y-11557 v1.0	Lipst1_1	675824	21267709	8192	N	Y	Y	N		Riley R et al.,2016	27535936	
2644	Baudoinia compniacensis UAMH 10762 (4089826) v1.0	Bauco1	717646	21876451	10513	N	Y	Y	N		Ohm RA et al.,2012	23236275	
2645	Trichoderma reesei RUT C-30 v1.0	TrireRUTC30_1	51453	32689233	9852	N	Y	Y	N				10.1089/ind.2013.0015
2646	Bjerkandera adusta v1.0	Bjead1_1	5331	42730300	15473	N	Y	Y	N		Binder M et al.,2013	23935031	
2647	Phlebiopsis gigantea v1.0	Phlgi1	82310	30143925	11891	N	Y	Y	N		Hori C et al.,2014	25474575	
2648	Sodiomyces alcalophilus v2.0	Acral2	591952	54417234	9521	N	Y	Y	N		Steindorff AS et al.,2024	39266695	
2649	Acidomyces richmondensis BFW (metagenome-extracted)	Aciri1_meta	245562	26819972	10352	N	Y	Y	N		Mosier AC et al.,2016	26973616	
2650	Acidomyces richmondensis BFW	Aciri1_iso	245562	29883570	11202	N	Y	Y	N		Mosier AC et al.,2016	26973616	
2651	Spathaspora passalidarum NRRL Y-27907 v2.0	Spapa3	619300	13182099	5983	N	Y	Y	N		Wohlbach DJ et al.,2011	21788494	
2652	Candida tenuis NRRL Y-1498 v1.0	Cante1	590646	10747050	5533	N	Y	Y	N		Wohlbach DJ et al.,2011	21788494	
2653	Fusarium graminearum v1.0	Fusgr1	5518	36446046	13322	N	Y	Y	N		Cuomo CA et al.,2007	17823352	
2654	Stagonospora nodorum SN15 v2.0	Stano2	321614	37213987	12380	N	Y	Y	N		Hane JK et al.,2007	18024570	
2655	Verticillium dahliae VdLs.17	Verda1	27337	33828453	10535	N	Y	Y	N		Klosterman SJ et al.,2011	21829347	
2656	Phanerochaete carnosa HHB-10118-Sp v1.0	Phaca1	231932	46293355	13937	N	Y	Y	N		Suzuki H et al.,2012	22937793	
2657	Pachysolen tannophilus NRRL Y-2460 v1.2	Pacta1_2	669874	12597116	5675	N	Y	Y	N		Riley R et al.,2016	27535936	
2658	Eurotium rubrum v1.0	Eurhe1	396024	26209327	10076	N	Y	Y	N		Kis-Papo T et al.,2014	24811710	
2659	Wickerhamomyces anomalus NRRL Y-366-8 v1.0	Wican1	4927	14145566	6423	N	Y	Y	N		Riley R et al.,2016	27535936	
2660	Ganoderma sp. 10597 SS1 v1.0	Gansp1	767862	39522573	12910	N	Y	Y	N		Binder M et al.,2013	23935031	
2661	Phlebia brevispora HHB-7030 SS6 v1.0	Phlbr1	194682	49963746	16170	N	Y	Y	N		Binder M et al.,2013	23935031	
2662	Pyrenophora teres f. teres	Pyrtt1	861557	33583335	11799	N	Y	Y	N		Ellwood SR et al.,2010	21067574	
2663	Dacryopinax primogenitus DJM 731 SSP1 v1.0	Dacsp1	1858805	29503487	10242	N	Y	Y	N		Floudas D et al.,2012	22745431	
2664	Laccaria bicolor v2.0	Lacbi2	980499	60707050	23130	N	Y	Y	N		Martin F et al.,2008	18322534	
2665	Leptosphaeria maculans	Lepmu1	985895	44892605	12469	N	Y	Y	N		Rouxel T et al.,2011	21326234	
2666	Thielavia terrestris v2.0	Thite2	2587410	36912256	9813	N	Y	Y	N		Berka RM et al.,2011	21964414	
2667	Myceliophthora thermophila (Sporotrichum thermophile) v2.0	Spoth2	573729	38744216	9110	N	Y	Y	N		Berka RM et al.,2011	21964414	
2668	Aspergillus nidulans	Aspnid1	162425	30483994	10680	N	Y	Y	N		Arnaud MB et al.,2012~Galagan JE et al.,2005	22080559 16372000	
2669	Aspergillus aculeatus ATCC16872 v1.1	Aspac1	5053	35424414	10845	N	Y	Y	N		de Vries RP et al.,2017	28196534	
2670	Fomitiporia mediterranea v1.0	Fomme1	208960	63354420	11333	N	Y	Y	N		Floudas D et al.,2012	22745431	
2671	Dichomitus squalens LYAD-421 SS1 v1.0	Dicsq1	114155	42748430	12290	N	Y	Y	N		Floudas D et al.,2012	22745431	
2672	Trametes versicolor v1.0	Trave1	717944	44794008	14296	N	Y	Y	N		Floudas D et al.,2012	22745431	
2673	Stereum hirsutum FP-91666 SS1 v1.0	Stehi1	721885	46511623	14072	N	Y	Y	N		Floudas D et al.,2012	22745431	
2674	Coniophora puteana v1.0	Conpu1	741705	42968544	13761	N	Y	Y	N		Floudas D et al.,2012	22745431	
2675	Punctularia strigosozonata v1.0	Punst1	741275	34171901	11538	N	Y	Y	N		Floudas D et al.,2012	22745431	
2676	Saccharomyces cerevisiae S288C	Sacce1	559292	12070898	6575	N	Y	Y	N		Goffeau A et al.,1996	8849441	
2677	Wolfiporia cocos MD-104 SS10 v1.0	Wolco1	81056	50483556	12746	N	Y	Y	N		Floudas D et al.,2012	22745431	
2678	Ogataea polymorpha NCYC 495 leu1.1 v2.0	Hanpo2	638633	8974850	5177	N	Y	Y	N		Riley R et al.,2016	27535936	
2679	Rhodotorula graminis strain WP1 v1.1	Rhoba1_1	578459	21013998	7283	N	Y	Y	N		Firrincieli A et al.,2015	26441909	
2680	Septoria musiva SO2202 v1.0	Sepmu1	692275	29352103	10233	N	Y	Y	N		Ohm RA et al.,2012~Dhillon B et al.,2015	23236275 25733908	
2681	Gloeophyllum trabeum v1.0	Glotr1_1	670483	37181821	11846	N	Y	Y	N		Floudas D et al.,2012	22745431	
2682	Wallemia mellicola v1.0	Walse1	671144	9815586	5284	N	Y	Y	N		Padamsee M et al.,2012	22326418	
2683	Dothistroma septosporum NZE10 v1.0	Dotse1	64363	30209431	12580	N	Y	Y	N		de Wit PJ et al.,2012~Ohm RA et al.,2012	23209441 23236275	
2684	Heterobasidion annosum v2.0	Hetan2	747525	33649967	13383	N	Y	Y	N		Olson Å et al.,2012	22463738	
2685	Pleurotus ostreatus PC15 v2.0	PleosPC15_2	1137138	34343005	12330	N	Y	Y	N		Riley R et al.,2014~Castanera R et al.,2016~Alfaro M et al.,2016	24958869 27294409 27117896	
2686	Ceriporiopsis (Gelatoporia) subvermispora B	Cersu1	914234	38969816	12125	N	Y	Y	N		Fernandez-Fueyo E et al.,2012	22434909	
2687	Neurospora tetrasperma FGSC 2508 mat A v2.0	Neute_matA2	510952	39146357	10380	N	Y	Y	N		Ellison CE et al.,2011	21750257	
2688	Trichoderma atroviride v2.0	Triat2	452589	36143664	11828	N	Y	Y	N		Kubicek CP et al.,2011	21501500	
2689	Trichoderma virens Gv29-8 v2.0	TriviGv29_8_2	413071	39022666	12423	N	Y	Y	N		Kubicek CP et al.,2011	21501500	
2690	Pseudocercospora (Mycosphaerella) fijiensis v2.0	Mycfi2	1873960	74141167	13107	N	Y	Y	N		Arango Isaza RE et al.,2016	27512984	
2691	Agaricus bisporus var. burnettii JB137-S8	Agabi_varbur_1	597362	32614401	11289	N	Y	Y	N		Morin E et al.,2012	23045686	
2692	Pleurotus ostreatus PC9 v1.0	PleosPC9_1	5322	35630309	12206	N	Y	Y	N		Alfaro M et al.,2016	27117896	
2693	Agaricus bisporus var bisporus (H97) v2.0	Agabi_varbisH97_2	936046	30233745	10438	N	Y	Y	N		Morin E et al.,2012	23045686	
2694	Serpula lacrymans S7.3 v2.0	SerlaS7_3_2	936435	47042600	14495	N	Y	Y	N		Eastwood DC et al.,2011	21764756	
2695	Neurospora tetrasperma FGSC 2509 mat a v1.0	Neute_mat_a1	510952	39126702	11192	N	Y	Y	N		Ellison CE et al.,2011	21750257	
2696	Cryptococcus neoformans var. grubii H99	Cryne_H99_1	235443	18874889	6967	N	Y	Y	N		Janbon G et al.,2014	24743168	
2697	Malassezia globosa	Malgl1	425265	8958118	4286	N	Y	Y	N		Xu J et al.,2007	18000048	
2698	Coprinopsis cinerea	Copci1	5346	36294355	13393	N	Y	Y	N		Stajich JE et al.,2010	20547848	
2699	Phycomyces blakesleeanus NRRL1555 v2.0	Phybl2	4837	53939167	16528	N	Y	Y	N		Corrochano LM et al.,2016	27238284	
2700	Cryphonectria parasitica EP155 v2.0	Crypa2	660469	43870411	11609	N	Y	Y	N		Crouch JA et al.,2020	32207662	
2701	Tremella mesenterica Fries v1.0	Treme1	578456	28639919	8313	N	Y	Y	N		Floudas D et al.,2012	22745431	
2702	Fusarium vanettenii  77-13-4 v2.0	Necha2	660122	51286497	15707	N	Y	Y	N		Coleman JJ et al.,2009	19714214	
2703	Trichoderma reesei v2.0	Trire2	431241	33454791	9143	N	Y	Y	N		Martinez D et al.,2008	18454138	
2704	Postia placenta MAD 698-R v1.0	Pospl1	104341	90927236	9113	N	Y	Y	N		Martinez D et al.,2009	19193860	
2705	Pycnoporus cinnabarinus CIRM-BRFM 137 v1.0	Pycci1	5643	33670027	10442	N	Y	Y	N		Levasseur A et al.,2014	24942338	
2706	Mucor racemosus	Mucrac1	4841	46924235	11269	N	Y	Y	N		Lebreton A et al.,2020	32039703	
2707	Tuber aestivum var. urcinatum v1.0	Tubae1	59557	144718305	9344	N	Y	Y	N		Murat C et al.,2018	30420746	
2708	Phlebia centrifuga FBCC195 	Phlcen1	98765	34848156	13785	N	Y	Y	N		Mäkelä MR et al.,2018	29622620	
2709	Rhizopus delemar 99-880 from Broad	Rhior3	246409	46087117	17467	N	Y	Y	N		Ma LJ et al.,2009	19578406	
2710	Mucor endophyticus	Mucend1	444774	34997769	11445	N	Y	Y	N		Lebreton A et al.,2020	32039703	
2711	Kalapuya brunnea GMNB372 v1.0	Kalbru1	720594	189316756	11095	N	Y	Y	N		Bonito G et al.,2025	40769152	
2712	Mucor lanceolatus	Muclan1	1091291	43423002	10644	N	Y	Y	N		Lebreton A et al.,2020	32039703	
2713	Parauncinula polyspora	Parpo1	2016243	28016241	6046	N	Y	Y	N		Frantzeskakis L et al.,2019	31551331	
2714	Tuber magnatum v1.0	Tubma1	42249	192781443	9433	N	Y	Y	N		Murat C et al.,2018	30420746	
2715	Hesseltinella vesiculosa NRRL3301 v2.0	Hesve2finisherSC	101127	27224236	11141	N	Y	Y	N		Mondo SJ et al.,2017	28481340	
2716	Lachancea sp. CBS6924	LacCBS6924_1	1853548	11336659	5059	N	Y	Y	N		Vakirlis N et al.,2016	27247244	
2717	Metschnikowia fructicola 277	Metfru2	27326	24482224	7362	N	Y	Y	N		Hershkovitz V et al.,2013	23496978	
2718	Endocarpon pallidulum Enpa	Endpal1	396380	41444434	11601	N	Y	Y	N		McDonald TR et al.,2013	23557360	
2719	Boletus reticuloceps BR01	Bolret1	495285	55835099	13195	N	Y	Y	N		Wu G et al.,2022	34767630	
2720	Trametes pubescens FBCC735	Trapub1	154538	39759818	14451	N	Y	Y	N		Granchi Z et al.,2017	28232439	
2721	Saccharomyces arboricola H-6	Sacarb1	1160507	11486716	5309	N	Y	Y	N		Liti G et al.,2013	23368932	
2722	Puccinia striiformis f. sp. tritici PST-78 v1.0	Pucst_PST78_1	1165861	117311690	20482	N	Y	Y	N		Cuomo CA et al.,2017	27913634	
2723	Rhodotorula sp. CCFEE 5036	RhoCCFEE5036_1	1965284	19072598	6434	N	Y	Y	N		Coleine C et al.,2020	32241854	
2724	Lanmaoa asiatica v1.0	Lanmao1	1603062	46638294	14118	N	Y	Y	N		Wu G et al.,2022	34767630	
2725	Chiua virens LA06	Chivir1	1914213	48496802	13144	N	Y	Y	N		Wu G et al.,2022	34767630	
2726	Rhizophagus irregularis B3 v2.0	RhiirB3_2	588596	146830121	20098	N	Y	Y	N		Yildirir G et al.,2022	34747029	
2727	Penicillium expansum d1	Penexp1	27334	32065046	11023	N	Y	Y	N		Ballester AR et al.,2015	25338147	
2728	Rhodosporidium toruloides IFO1236_1	Rhoto_IFO1236_1	5286	20452897	7479	N	Y	Y	N		Zhang S et al.,2016	26479039	
2729	Kazachstania naganishii CBS 8797	Kazna1	1071383	10845821	5321	N	Y	Y	N		Gordon JL et al.,2011	22123960	
2730	Mucor fuscus	Mucfus1	708069	40604092	12311	N	Y	Y	N		Lebreton A et al.,2020	32039703	
2731	Saccharomyces boulardii unique28	Sacboulardii_1	4932	12001065	5493	N	Y	Y	N		Khatri I et al.,2017	28336969	
2732	Acremonium chrysogenum ATCC 11550	Acrchr1	857340	28563214	8899	N	Y	Y	N		Terfehr D et al.,2014	25291769	
2733	Ophiostoma piceae UAMH 11346	Ophpic1	1262450	32840360	8884	N	Y	Y	N		Haridas S et al.,2013	23725015	
2734	Colletotrichum truncatum CMES1059	Coltr1	5467	57008971	14225	N	Y	Y	N		Rogério F et al.,2020	32352862	
2735	Colletotrichum destructivum CBS 520.97	Colde1	34406	51750812	14595	N	Y	Y	N		Lapalu N et al.,2024	39166978	
2736	Gaeumannomyces graminis var. tritici R3-111a-1	Gaegr1	644352	43618147	14655	N	Y	Y	N		Okagaki LH et al.,2015	26416668	
2737	Aspergillus ochraceoroseus SRRC1432	Aspoch1432_1	138278	24273657	7829	N	Y	Y	N		Moore GG et al.,2015	26637470	
2738	Colletotrichum aenigma Cg56	Colae1	1215731	58908070	14716	N	Y	Y	N		Gan P et al.,2021	33780109	
2739	Fusarium pseudograminearum CS3096	Fusps1	1028729	36330246	12395	N	Y	Y	N		Gardiner DM et al.,2012	23028337	
2740	Septoria populicola v1.0	Seppo1	215467	33188813	9739	N	Y	Y	N		Ohm RA et al.,2012~Dhillon B et al.,2015	23236275 25733908	
2741	Chaetomium globosum v1.0	Chagl_1	306901	34886939	11124	N	Y	Y	N		Cuomo CA et al.,2015~Berka RM et al.,2011	25720678 21964414	
2742	Alternaria tomatophila BMP2032	Alttom1	378261	32326748	12601	N	Y	Y	N		Dang HX et al.,2015	25887485	
2743	Colletotrichum tropicale CgS9275	Coltro1	912113	55761935	14427	N	Y	Y	N		Gan P et al.,2021	33780109	
2744	Colletotrichum sojae LFN0009	Colsoj1	2175907	49351125	14925	N	Y	Y	N		Rogério F et al.,2020	32352862	
2745	Aspergillus rambellii SRRC1468	Aspram1	308745	26435630	7761	N	Y	Y	N		Moore GG et al.,2015	26637470	
2746	Alternaria brassicicola	Altbr1	29001	31974449	10688	N	Y	Y	N		Ohm RA et al.,2012	23236275	
2747	Cochliobolus heterostrophus C5 v3.0	CocheC5_4m	701091	36483639	11808	N	Y	Y	N				10.1128/mbio.00261-23
2748	Cochliobolus heterostrophus Hm338 v1.0	ChetHm338_1	5016	45256060	12842	N	Y	Y	N				10.1128/mbio.00261-23
2749	Dibaeis baeomyces	Dibbae1	83478	35272919	12729	N	Y	Y	N		McDonald TR et al.,2013	23557360	
2750	Leptosphaeria microscopica UNIPAMPA013 v1.0	Lepmi1	1979424	41197383	13848	N	Y	Y	N		Lucini F et al.,2026	41921590	
2751	Colletotrichum limetticola KLA-Anderson	Colli1	1209924	50483870	14293	N	Y	Y	N				10.1007/s42161-023-01439-5
2752	Graphis scripta CBS 132367	Grascr1	71600	36224679	13065	N	Y	Y	N		McDonald TR et al.,2013	23557360	
2753	Trichoderma hamatum GD12	Triham1	49224	38431721	10520	N	Y	Y	N		Studholme DJ et al.,2013	23908658	
2754	Ophiocordyceps sinensis IOZ07	Ophsi1	911162	110880992	9961	N	Y	Y	N		Shu R et al.,2020	32579174	
2755	Colletotrichum fructicola Nara gc5	Colfru1	1213859	59542867	16502	N	Y	Y	N		"Error fetching details information for id = 'NCBIPM:', status: E,~Gan P et al.,2016"	 27189990	
2756	Aspergillus pseudoterreus ATCC32359 v1.0	Asppseute1	1565506	29514308	10945	N	Y	Y	N		Deng S et al.,2020	32162091	
2757	Pyrenophora tritici-repentis	Pyrtr1	45151	37840464	12141	N	Y	Y	N		Manning VA et al.,2013	23316438	
2758	Metarhizium brunneum ARSEF3297	Metbr1	500148	37016100	10689	N	Y	Y	N		Hu X et al.,2014	25368161	
2759	Ascochyta rabiei ArDII	Ascra1	5454	34658250	10596	N	Y	Y	N		Verma S et al.,2016	27091329	
2760	Colletotrichum graminicola M1.001	Colgr2	31870	57426633	11950	N	Y	Y	N		Becerra S et al.,2023	37032845	
2761	Escovopsis weberi CC031208-10	Escweb1	150374	27128709	6754	N	Y	Y	N		de Man TJ et al.,2016	26976598	
2762	Cochliobolus heterostrophus PR1x412 v2.0	ChetPR1x412_2	5016	41319077	11792	N	Y	Y	N				10.1128/mbio.00261-23
2763	Coccidioides posadasii C735 delta SOWgp	Cocpo1_1	222929	26936775	7124	N	Y	Y	N		Sharpton TJ et al.,2009	19717792	